,#,disambPosition,Sentence,Unnamed: 3,Unnamed: 4,Unnamed: 5,Ans,Ans.1,Type,Unnamed: 9,Unnamed: 10,Unnamed: 11,Unnamed: 12,Unnamed: 13,Unnamed: 14,disambPosition_0idx,surprisal,token,word,word_pos
0,49,13,"In the lobby, Clyde bumped into the chauffeur of the CEO who is reckless and very unpopular with the company.",Where was Clyde?,In the lobby,At the company\'s offices,1.0,1.0,Non-ambig,1.0,,,,,,13,11.667933464050293,reckless,reckless,13
0,49,13,"In the lobby, Clyde bumped into the chauffeur of the CEO who is reckless and very unpopular with the company.",Where was Clyde?,In the lobby,At the company\'s offices,1.0,1.0,Non-ambig,1.0,,,,,,13,0.9997962713241577,and,and,14
0,49,13,"In the lobby, Clyde bumped into the chauffeur of the CEO who is reckless and very unpopular with the company.",Where was Clyde?,In the lobby,At the company\'s offices,1.0,1.0,Non-ambig,1.0,,,,,,13,6.5607523918151855,very,very,15
1,49,13,"In the lobby, Clyde bumped into the chauffeur of the CEOs who is reckless and very unpopular with the company.",Where was Clyde?,In the lobby,At the company\'s offices,1.0,1.0,Non-ambig,,,1.0,,,,13,11.667933464050293,reckless,reckless,13
1,49,13,"In the lobby, Clyde bumped into the chauffeur of the CEOs who is reckless and very unpopular with the company.",Where was Clyde?,In the lobby,At the company\'s offices,1.0,1.0,Non-ambig,,,1.0,,,,13,0.9997962713241577,and,and,14
1,49,13,"In the lobby, Clyde bumped into the chauffeur of the CEOs who is reckless and very unpopular with the company.",Where was Clyde?,In the lobby,At the company\'s offices,1.0,1.0,Non-ambig,,,1.0,,,,13,6.5607523918151855,very,very,15
2,49,13,"In the lobby, Clyde bumped into the chauffeurs of the CEO who is reckless and very unpopular with the company.",Where was Clyde?,In the lobby,At the company\'s offices,1.0,1.0,Non-ambig,,,,,1.0,,13,12.402579307556152,reckless,reckless,13
2,49,13,"In the lobby, Clyde bumped into the chauffeurs of the CEO who is reckless and very unpopular with the company.",Where was Clyde?,In the lobby,At the company\'s offices,1.0,1.0,Non-ambig,,,,,1.0,,13,0.9582736492156982,and,and,14
2,49,13,"In the lobby, Clyde bumped into the chauffeurs of the CEO who is reckless and very unpopular with the company.",Where was Clyde?,In the lobby,At the company\'s offices,1.0,1.0,Non-ambig,,,,,1.0,,13,6.7777252197265625,very,very,15
3,50,12,Edwin has been reading about the sister of the actor who was visiting the resort in Death Valley.,Where was the resort? ,The desert,The seaside,1.0,1.0,Non-ambig,,,,,1.0,,12,6.597325801849365,visiting,visiting,12
3,50,12,Edwin has been reading about the sister of the actor who was visiting the resort in Death Valley.,Where was the resort? ,The desert,The seaside,1.0,1.0,Non-ambig,,,,,1.0,,12,1.3073023557662964,the,the,13
3,50,12,Edwin has been reading about the sister of the actor who was visiting the resort in Death Valley.,Where was the resort? ,The desert,The seaside,1.0,1.0,Non-ambig,,,,,1.0,,12,8.047853469848633,resort,resort,14
4,50,12,Edwin has been reading about the sister of the actors who was visiting the resort in Death Valley.,Where was the resort? ,The desert,The seaside,1.0,1.0,Non-ambig,1.0,,,,,,12,6.285834312438965,visiting,visiting,12
4,50,12,Edwin has been reading about the sister of the actors who was visiting the resort in Death Valley.,Where was the resort? ,The desert,The seaside,1.0,1.0,Non-ambig,1.0,,,,,,12,1.2673448324203491,the,the,13
4,50,12,Edwin has been reading about the sister of the actors who was visiting the resort in Death Valley.,Where was the resort? ,The desert,The seaside,1.0,1.0,Non-ambig,1.0,,,,,,12,7.813724040985107,resort,resort,14
5,50,12,Edwin has been reading about the sisters of the actor who was visiting the resort in Death Valley.,Where was the resort? ,The desert,The seaside,1.0,1.0,Non-ambig,,,1.0,,,,12,6.382949352264404,visiting,visiting,12
5,50,12,Edwin has been reading about the sisters of the actor who was visiting the resort in Death Valley.,Where was the resort? ,The desert,The seaside,1.0,1.0,Non-ambig,,,1.0,,,,12,1.3270267248153687,the,the,13
5,50,12,Edwin has been reading about the sisters of the actor who was visiting the resort in Death Valley.,Where was the resort? ,The desert,The seaside,1.0,1.0,Non-ambig,,,1.0,,,,12,8.50747013092041,resort,resort,14
6,51,12,"From the gallery, Franny observed the nurse of the surgeon who was in charge of the operation currently underway.",Where was Franny?,The gallery,The operating room,1.0,1.0,Non-ambig,,,1.0,,,,12,2.834843635559082,in,in,12
6,51,12,"From the gallery, Franny observed the nurse of the surgeon who was in charge of the operation currently underway.",Where was Franny?,The gallery,The operating room,1.0,1.0,Non-ambig,,,1.0,,,,12,3.7995753288269043,charge,charge,13
6,51,12,"From the gallery, Franny observed the nurse of the surgeon who was in charge of the operation currently underway.",Where was Franny?,The gallery,The operating room,1.0,1.0,Non-ambig,,,1.0,,,,12,0.10185306519269943,of,of,14
7,51,12,"From the gallery, Franny observed the nurse of the surgeons who was in charge of the operation currently underway.",Where was Franny?,The gallery,The operating room,1.0,1.0,Non-ambig,,,,,1.0,,12,3.034043312072754,in,in,12
7,51,12,"From the gallery, Franny observed the nurse of the surgeons who was in charge of the operation currently underway.",Where was Franny?,The gallery,The operating room,1.0,1.0,Non-ambig,,,,,1.0,,12,3.6987087726593018,charge,charge,13
7,51,12,"From the gallery, Franny observed the nurse of the surgeons who was in charge of the operation currently underway.",Where was Franny?,The gallery,The operating room,1.0,1.0,Non-ambig,,,,,1.0,,12,0.21817737817764282,of,of,14
8,51,12,"From the gallery, Franny observed the nurses of the surgeon who was in charge of the operation currently underway.",Where was Franny?,The gallery,The operating room,1.0,1.0,Non-ambig,1.0,,,,,,12,2.8351635932922363,in,in,12
8,51,12,"From the gallery, Franny observed the nurses of the surgeon who was in charge of the operation currently underway.",Where was Franny?,The gallery,The operating room,1.0,1.0,Non-ambig,1.0,,,,,,12,3.501248598098755,charge,charge,13
8,51,12,"From the gallery, Franny observed the nurses of the surgeon who was in charge of the operation currently underway.",Where was Franny?,The gallery,The operating room,1.0,1.0,Non-ambig,1.0,,,,,,12,0.12887902557849884,of,of,14
9,52,11,Gerald introduced himself to the niece of the billionaire who sails vintage yachts around the Vineyard.,What kind of yachts were sailed?,Old ones,Contemporary ones,1.0,1.0,Non-ambig,,1.0,,,,,11,13.583200454711914,vintage,vintage,11
9,52,11,Gerald introduced himself to the niece of the billionaire who sails vintage yachts around the Vineyard.,What kind of yachts were sailed?,Old ones,Contemporary ones,1.0,1.0,Non-ambig,,1.0,,,,,11,7.799580097198486,yachts,yachts,12
9,52,11,Gerald introduced himself to the niece of the billionaire who sails vintage yachts around the Vineyard.,What kind of yachts were sailed?,Old ones,Contemporary ones,1.0,1.0,Non-ambig,,1.0,,,,,11,4.575919151306152,around,around,13
10,52,11,Gerald introduced himself to the niece of the billionaires who sails vintage yachts around the Vineyard.,What kind of yachts were sailed?,Old ones,Contemporary ones,1.0,1.0,Non-ambig,,,,1.0,,,11,14.382941246032715,vintage,vintage,11
10,52,11,Gerald introduced himself to the niece of the billionaires who sails vintage yachts around the Vineyard.,What kind of yachts were sailed?,Old ones,Contemporary ones,1.0,1.0,Non-ambig,,,,1.0,,,11,6.916693687438965,yachts,yachts,12
10,52,11,Gerald introduced himself to the niece of the billionaires who sails vintage yachts around the Vineyard.,What kind of yachts were sailed?,Old ones,Contemporary ones,1.0,1.0,Non-ambig,,,,1.0,,,11,4.5744709968566895,around,around,13
11,52,11,Gerald introduced himself to the nieces of the billionaire who sails vintage yachts around the Vineyard.,What kind of yachts were sailed?,Old ones,Contemporary ones,1.0,1.0,Non-ambig,,,,,,1.0,11,13.704121589660645,vintage,vintage,11
11,52,11,Gerald introduced himself to the nieces of the billionaire who sails vintage yachts around the Vineyard.,What kind of yachts were sailed?,Old ones,Contemporary ones,1.0,1.0,Non-ambig,,,,,,1.0,11,7.523677825927734,yachts,yachts,12
11,52,11,Gerald introduced himself to the nieces of the billionaire who sails vintage yachts around the Vineyard.,What kind of yachts were sailed?,Old ones,Contemporary ones,1.0,1.0,Non-ambig,,,,,,1.0,11,4.885354518890381,around,around,13
12,53,13,"At the potluck, Marcus chatted with the aunt of the nun who bakes sugar cookies with cute designs.",What kind of cookies were they?,Oatmeal cookies,Sugar cookies,0.0,0.0,Non-ambig,,,,,,1.0,13,13.053413391113281,sugar,sugar,13
12,53,13,"At the potluck, Marcus chatted with the aunt of the nun who bakes sugar cookies with cute designs.",What kind of cookies were they?,Oatmeal cookies,Sugar cookies,0.0,0.0,Non-ambig,,,,,,1.0,13,10.387584686279297,cookies,cookies,14
12,53,13,"At the potluck, Marcus chatted with the aunt of the nun who bakes sugar cookies with cute designs.",What kind of cookies were they?,Oatmeal cookies,Sugar cookies,0.0,0.0,Non-ambig,,,,,,1.0,13,4.686304569244385,with,with,15
13,53,13,"At the potluck, Marcus chatted with the aunt of the nuns who bakes sugar cookies with cute designs.",What kind of cookies were they?,Oatmeal cookies,Sugar cookies,0.0,0.0,Non-ambig,,1.0,,,,,13,12.495177268981934,sugar,sugar,13
13,53,13,"At the potluck, Marcus chatted with the aunt of the nuns who bakes sugar cookies with cute designs.",What kind of cookies were they?,Oatmeal cookies,Sugar cookies,0.0,0.0,Non-ambig,,1.0,,,,,13,9.897324562072754,cookies,cookies,14
13,53,13,"At the potluck, Marcus chatted with the aunt of the nuns who bakes sugar cookies with cute designs.",What kind of cookies were they?,Oatmeal cookies,Sugar cookies,0.0,0.0,Non-ambig,,1.0,,,,,13,4.632321834564209,with,with,15
14,53,13,"At the potluck, Marcus chatted with the aunts of the nun who bakes sugar cookies with cute designs.",What kind of cookies were they?,Oatmeal cookies,Sugar cookies,0.0,0.0,Non-ambig,,,,1.0,,,13,13.380120277404785,sugar,sugar,13
14,53,13,"At the potluck, Marcus chatted with the aunts of the nun who bakes sugar cookies with cute designs.",What kind of cookies were they?,Oatmeal cookies,Sugar cookies,0.0,0.0,Non-ambig,,,,1.0,,,13,9.957572937011719,cookies,cookies,14
14,53,13,"At the potluck, Marcus chatted with the aunts of the nun who bakes sugar cookies with cute designs.",What kind of cookies were they?,Oatmeal cookies,Sugar cookies,0.0,0.0,Non-ambig,,,,1.0,,,13,4.80816125869751,with,with,15
15,54,13,"During the budget negotiation, Janet charmed the assistant of the executive who decides almost everything in secret.",What was the venue?,A casual party,A business meeting,0.0,0.0,Non-ambig,,,,1.0,,,13,10.474100112915039,almost,almost,13
15,54,13,"During the budget negotiation, Janet charmed the assistant of the executive who decides almost everything in secret.",What was the venue?,A casual party,A business meeting,0.0,0.0,Non-ambig,,,,1.0,,,13,3.403749942779541,everything,everything,14
15,54,13,"During the budget negotiation, Janet charmed the assistant of the executive who decides almost everything in secret.",What was the venue?,A casual party,A business meeting,0.0,0.0,Non-ambig,,,,1.0,,,13,2.9284534454345703,in,in,15
16,54,13,"During the budget negotiation, Janet charmed the assistant of the executives who decides almost everything in secret.",What was the venue?,A casual party,A business meeting,0.0,0.0,Non-ambig,,,,,,1.0,13,10.716903686523438,almost,almost,13
16,54,13,"During the budget negotiation, Janet charmed the assistant of the executives who decides almost everything in secret.",What was the venue?,A casual party,A business meeting,0.0,0.0,Non-ambig,,,,,,1.0,13,3.169369697570801,everything,everything,14
16,54,13,"During the budget negotiation, Janet charmed the assistant of the executives who decides almost everything in secret.",What was the venue?,A casual party,A business meeting,0.0,0.0,Non-ambig,,,,,,1.0,13,3.0631635189056396,in,in,15
17,54,13,"During the budget negotiation, Janet charmed the assistants of the executive who decides almost everything in secret.",What was the venue?,A casual party,A business meeting,0.0,0.0,Non-ambig,,1.0,,,,,13,10.974868774414062,almost,almost,13
17,54,13,"During the budget negotiation, Janet charmed the assistants of the executive who decides almost everything in secret.",What was the venue?,A casual party,A business meeting,0.0,0.0,Non-ambig,,1.0,,,,,13,3.2348108291625977,everything,everything,14
17,54,13,"During the budget negotiation, Janet charmed the assistants of the executive who decides almost everything in secret.",What was the venue?,A casual party,A business meeting,0.0,0.0,Non-ambig,,1.0,,,,,13,3.2209746837615967,in,in,15
18,55,14,"On the fishing trip, we laughed at the uncle of the sailor who was confused about the motor on the boat.",Who got confused?,The uncle,The sailor,,,Ambig,1.0,,,,,,14,9.40849494934082,confused,confused,14
18,55,14,"On the fishing trip, we laughed at the uncle of the sailor who was confused about the motor on the boat.",Who got confused?,The uncle,The sailor,,,Ambig,1.0,,,,,,14,2.7688684463500977,about,about,15
18,55,14,"On the fishing trip, we laughed at the uncle of the sailor who was confused about the motor on the boat.",Who got confused?,The uncle,The sailor,,,Ambig,1.0,,,,,,14,1.1620360612869263,the,the,16
19,55,14,"On the fishing trip, we laughed at the uncle of the sailors who was confused about the motor on the boat.",Who got confused?,The uncle,The sailors,1.0,1.0,Ambig,,,1.0,,,,14,9.803746223449707,confused,confused,14
19,55,14,"On the fishing trip, we laughed at the uncle of the sailors who was confused about the motor on the boat.",Who got confused?,The uncle,The sailors,1.0,1.0,Ambig,,,1.0,,,,14,2.570770025253296,about,about,15
19,55,14,"On the fishing trip, we laughed at the uncle of the sailors who was confused about the motor on the boat.",Who got confused?,The uncle,The sailors,1.0,1.0,Ambig,,,1.0,,,,14,1.1539270877838135,the,the,16
20,55,14,"On the fishing trip, we laughed at the uncles of the sailor who was confused about the motor on the boat.",Who got confused?,The uncles,The sailor,0.0,0.0,Ambig,,,,,1.0,,14,9.217697143554688,confused,confused,14
20,55,14,"On the fishing trip, we laughed at the uncles of the sailor who was confused about the motor on the boat.",Who got confused?,The uncles,The sailor,0.0,0.0,Ambig,,,,,1.0,,14,2.8386597633361816,about,about,15
20,55,14,"On the fishing trip, we laughed at the uncles of the sailor who was confused about the motor on the boat.",Who got confused?,The uncles,The sailor,0.0,0.0,Ambig,,,,,1.0,,14,1.1040921211242676,the,the,16
21,56,12,"At trial, we scrutinized the prisoner of the FBI agent who was lying about the incident at the casino.",Who lied?,The prisoner,The FBI agent,,,Ambig,,,,,1.0,,12,5.892490386962891,lying,lying,12
21,56,12,"At trial, we scrutinized the prisoner of the FBI agent who was lying about the incident at the casino.",Who lied?,The prisoner,The FBI agent,,,Ambig,,,,,1.0,,12,4.278173446655273,about,about,13
21,56,12,"At trial, we scrutinized the prisoner of the FBI agent who was lying about the incident at the casino.",Who lied?,The prisoner,The FBI agent,,,Ambig,,,,,1.0,,12,1.2507084608078003,the,the,14
22,56,12,"At trial, we scrutinized the prisoner of the FBI agents who was lying about the incident at the casino.",Who lied?,The prisoner,The FBI agents,1.0,1.0,Ambig,1.0,,,,,,12,6.300812721252441,lying,lying,12
22,56,12,"At trial, we scrutinized the prisoner of the FBI agents who was lying about the incident at the casino.",Who lied?,The prisoner,The FBI agents,1.0,1.0,Ambig,1.0,,,,,,12,4.204337120056152,about,about,13
22,56,12,"At trial, we scrutinized the prisoner of the FBI agents who was lying about the incident at the casino.",Who lied?,The prisoner,The FBI agents,1.0,1.0,Ambig,1.0,,,,,,12,1.2911385297775269,the,the,14
23,56,12,"At trial, we scrutinized the prisoners of the FBI agent who was lying about the incident at the casino.",Who lied?,The prisoners,The FBI agent,0.0,0.0,Ambig,,,1.0,,,,12,6.22836446762085,lying,lying,12
23,56,12,"At trial, we scrutinized the prisoners of the FBI agent who was lying about the incident at the casino.",Who lied?,The prisoners,The FBI agent,0.0,0.0,Ambig,,,1.0,,,,12,4.526232719421387,about,about,13
23,56,12,"At trial, we scrutinized the prisoners of the FBI agent who was lying about the incident at the casino.",Who lied?,The prisoners,The FBI agent,0.0,0.0,Ambig,,,1.0,,,,12,1.5136853456497192,the,the,14
24,57,12,"During the demonstration, someone photographed the soldier of the lieutenant who was camouflaged and hiding in the trees.",Who hid in the trees?,The soldier,The lieutenant,,,Ambig,,,1.0,,,,12,11.021903991699219,camouflaged,camouflaged,12
24,57,12,"During the demonstration, someone photographed the soldier of the lieutenant who was camouflaged and hiding in the trees.",Who hid in the trees?,The soldier,The lieutenant,,,Ambig,,,1.0,,,,12,2.4217820167541504,and,and,13
24,57,12,"During the demonstration, someone photographed the soldier of the lieutenant who was camouflaged and hiding in the trees.",Who hid in the trees?,The soldier,The lieutenant,,,Ambig,,,1.0,,,,12,8.553791046142578,hiding,hiding,14
25,57,12,"During the demonstration, someone photographed the soldier of the lieutenants who was camouflaged and hiding in the trees.",Who hid in the trees?,The soldier,The lieutenants,1.0,1.0,Ambig,,,,,1.0,,12,10.760048866271973,camouflaged,camouflaged,12
25,57,12,"During the demonstration, someone photographed the soldier of the lieutenants who was camouflaged and hiding in the trees.",Who hid in the trees?,The soldier,The lieutenants,1.0,1.0,Ambig,,,,,1.0,,12,2.462125062942505,and,and,13
25,57,12,"During the demonstration, someone photographed the soldier of the lieutenants who was camouflaged and hiding in the trees.",Who hid in the trees?,The soldier,The lieutenants,1.0,1.0,Ambig,,,,,1.0,,12,8.629592895507812,hiding,hiding,14
26,57,12,"During the demonstration, someone photographed the soldiers of the lieutenant who was camouflaged and hiding in the trees.",Who hid in the trees?,The soldiers,The lieutenant,0.0,0.0,Ambig,1.0,,,,,,12,10.631660461425781,camouflaged,camouflaged,12
26,57,12,"During the demonstration, someone photographed the soldiers of the lieutenant who was camouflaged and hiding in the trees.",Who hid in the trees?,The soldiers,The lieutenant,0.0,0.0,Ambig,1.0,,,,,,12,2.5325608253479004,and,and,13
26,57,12,"During the demonstration, someone photographed the soldiers of the lieutenant who was camouflaged and hiding in the trees.",Who hid in the trees?,The soldiers,The lieutenant,0.0,0.0,Ambig,1.0,,,,,,12,8.500904083251953,hiding,hiding,14
27,58,9,Karl recognized the hostage of the pirate who was on TV this morning on the local news.,Who was on TV this morning?,The hostage,The pirate,,,Ambig,,1.0,,,,,9,4.301187038421631,on,on,9
27,58,9,Karl recognized the hostage of the pirate who was on TV this morning on the local news.,Who was on TV this morning?,The hostage,The pirate,,,Ambig,,1.0,,,,,9,2.924454689025879,TV,TV,10
27,58,9,Karl recognized the hostage of the pirate who was on TV this morning on the local news.,Who was on TV this morning?,The hostage,The pirate,,,Ambig,,1.0,,,,,9,9.339334487915039,this,this,11
28,58,9,Karl recognized the hostage of the pirates who was on TV this morning on the local news.,Who was on TV this morning?,The hostage,The pirates,1.0,1.0,Ambig,,,,1.0,,,9,4.7439045906066895,on,on,9
28,58,9,Karl recognized the hostage of the pirates who was on TV this morning on the local news.,Who was on TV this morning?,The hostage,The pirates,1.0,1.0,Ambig,,,,1.0,,,9,3.1682538986206055,TV,TV,10
28,58,9,Karl recognized the hostage of the pirates who was on TV this morning on the local news.,Who was on TV this morning?,The hostage,The pirates,1.0,1.0,Ambig,,,,1.0,,,9,9.513291358947754,this,this,11
29,58,9,Karl recognized the hostages of the pirate who was on TV this morning on the local news.,Who was on TV this morning?,The hostages,The pirate,0.0,0.0,Ambig,,,,,,1.0,9,4.315560340881348,on,on,9
29,58,9,Karl recognized the hostages of the pirate who was on TV this morning on the local news.,Who was on TV this morning?,The hostages,The pirate,0.0,0.0,Ambig,,,,,,1.0,9,2.716712236404419,TV,TV,10
29,58,9,Karl recognized the hostages of the pirate who was on TV this morning on the local news.,Who was on TV this morning?,The hostages,The pirate,0.0,0.0,Ambig,,,,,,1.0,9,9.15035629272461,this,this,11
30,59,13,"During the play, we all heckled the murderer of the prince who was disguised as a peasant from nearby Trosselheim.",Who dressed as a peasant?,The murderer,The prince,,,Ambig,,,,,,1.0,13,9.114302635192871,disguised,disguised,13
30,59,13,"During the play, we all heckled the murderer of the prince who was disguised as a peasant from nearby Trosselheim.",Who dressed as a peasant?,The murderer,The prince,,,Ambig,,,,,,1.0,13,0.37027743458747864,as,as,14
30,59,13,"During the play, we all heckled the murderer of the prince who was disguised as a peasant from nearby Trosselheim.",Who dressed as a peasant?,The murderer,The prince,,,Ambig,,,,,,1.0,13,0.4919208288192749,a,a,15
31,59,13,"During the play, we all heckled the murderer of the princes who was disguised as a peasant from nearby Trosselheim.",Who dressed as a peasant?,The murderer,The princes,1.0,1.0,Ambig,,1.0,,,,,13,8.602581977844238,disguised,disguised,13
31,59,13,"During the play, we all heckled the murderer of the princes who was disguised as a peasant from nearby Trosselheim.",Who dressed as a peasant?,The murderer,The princes,1.0,1.0,Ambig,,1.0,,,,,13,0.42672133445739746,as,as,14
31,59,13,"During the play, we all heckled the murderer of the princes who was disguised as a peasant from nearby Trosselheim.",Who dressed as a peasant?,The murderer,The princes,1.0,1.0,Ambig,,1.0,,,,,13,1.3020530939102173,a,a,15
32,59,13,"During the play, we all heckled the murderers of the prince who was disguised as a peasant from nearby Trosselheim.",Who dressed as a peasant?,The murderers,The prince,0.0,0.0,Ambig,,,,1.0,,,13,9.149559020996094,disguised,disguised,13
32,59,13,"During the play, we all heckled the murderers of the prince who was disguised as a peasant from nearby Trosselheim.",Who dressed as a peasant?,The murderers,The prince,0.0,0.0,Ambig,,,,1.0,,,13,0.5535337328910828,as,as,14
32,59,13,"During the play, we all heckled the murderers of the prince who was disguised as a peasant from nearby Trosselheim.",Who dressed as a peasant?,The murderers,The prince,0.0,0.0,Ambig,,,,1.0,,,13,0.8090096712112427,a,a,15
33,60,14,"At the charity show, Noreen nodded to the sidekick of the actor who was juggling sharp knives and glass bottles.",Who juggled sharp knives?,The sidekick,The actor,,,Ambig,,,,1.0,,,14,12.00497817993164,juggling,juggling,14
33,60,14,"At the charity show, Noreen nodded to the sidekick of the actor who was juggling sharp knives and glass bottles.",Who juggled sharp knives?,The sidekick,The actor,,,Ambig,,,,1.0,,,14,10.289972305297852,sharp,sharp,15
33,60,14,"At the charity show, Noreen nodded to the sidekick of the actor who was juggling sharp knives and glass bottles.",Who juggled sharp knives?,The sidekick,The actor,,,Ambig,,,,1.0,,,14,7.108736991882324,knives,knives,16
34,60,14,"At the charity show, Noreen nodded to the sidekick of the actors who was juggling sharp knives and glass bottles.",Who juggled sharp knives?,The sidekick,The actors,1.0,1.0,Ambig,,,,,,1.0,14,11.935068130493164,juggling,juggling,14
34,60,14,"At the charity show, Noreen nodded to the sidekick of the actors who was juggling sharp knives and glass bottles.",Who juggled sharp knives?,The sidekick,The actors,1.0,1.0,Ambig,,,,,,1.0,14,10.549519538879395,sharp,sharp,15
34,60,14,"At the charity show, Noreen nodded to the sidekick of the actors who was juggling sharp knives and glass bottles.",Who juggled sharp knives?,The sidekick,The actors,1.0,1.0,Ambig,,,,,,1.0,14,6.82185173034668,knives,knives,16
35,60,14,"At the charity show, Noreen nodded to the sidekicks of the actor who was juggling sharp knives and glass bottles.",Who juggled sharp knives?,The sidekicks,The actor,0.0,0.0,Ambig,,1.0,,,,,14,11.872547149658203,juggling,juggling,14
35,60,14,"At the charity show, Noreen nodded to the sidekicks of the actor who was juggling sharp knives and glass bottles.",Who juggled sharp knives?,The sidekicks,The actor,0.0,0.0,Ambig,,1.0,,,,,14,10.526775360107422,sharp,sharp,15
35,60,14,"At the charity show, Noreen nodded to the sidekicks of the actor who was juggling sharp knives and glass bottles.",Who juggled sharp knives?,The sidekicks,The actor,0.0,0.0,Ambig,,1.0,,,,,14,7.24147891998291,knives,knives,16
36,61,15,No one quite knew how to respond to the buddies of the janitors who burp without excusing themselves.,Did everyone excuse themselves?,Yes,No,0.0,0.0,Non-ambig,1.0,,,,,,15,8.460794448852539,without,without,15
36,61,15,No one quite knew how to respond to the buddies of the janitors who burp without excusing themselves.,Did everyone excuse themselves?,Yes,No,0.0,0.0,Non-ambig,1.0,,,,,,15,2.9135918617248535,excusing,excusing,16
37,61,15,No one quite knew how to respond to the buddies of the janitor who burp without excusing themselves.,Did everyone excuse themselves?,Yes,No,0.0,0.0,Non-ambig,,,1.0,,,,15,8.597864151000977,without,without,15
37,61,15,No one quite knew how to respond to the buddies of the janitor who burp without excusing themselves.,Did everyone excuse themselves?,Yes,No,0.0,0.0,Non-ambig,,,1.0,,,,15,2.7049756050109863,excusing,excusing,16
38,61,15,No one quite knew how to respond to the buddy of the janitors who burp without excusing themselves.,Did everyone excuse themselves?,Yes,No,0.0,0.0,Non-ambig,,,,,1.0,,15,8.652140617370605,without,without,15
38,61,15,No one quite knew how to respond to the buddy of the janitors who burp without excusing themselves.,Did everyone excuse themselves?,Yes,No,0.0,0.0,Non-ambig,,,,,1.0,,15,2.7633888721466064,excusing,excusing,16
39,62,12,The cunning Wally outmaneuvered the henchmen of the villains who often fail to carry out the plot.,Do the plots always succeed?,Yes,No,0.0,0.0,Non-ambig,,,,,1.0,,12,0.40856561064720154,to,to,12
39,62,12,The cunning Wally outmaneuvered the henchmen of the villains who often fail to carry out the plot.,Do the plots always succeed?,Yes,No,0.0,0.0,Non-ambig,,,,,1.0,,12,5.085726737976074,carry,carry,13
39,62,12,The cunning Wally outmaneuvered the henchmen of the villains who often fail to carry out the plot.,Do the plots always succeed?,Yes,No,0.0,0.0,Non-ambig,,,,,1.0,,12,0.7586920857429504,out,out,14
40,62,12,The cunning Wally outmaneuvered the henchmen of the villain who often fail to carry out the plot.,Do the plots always succeed?,Yes,No,0.0,0.0,Non-ambig,1.0,,,,,,12,0.48999014496803284,to,to,12
40,62,12,The cunning Wally outmaneuvered the henchmen of the villain who often fail to carry out the plot.,Do the plots always succeed?,Yes,No,0.0,0.0,Non-ambig,1.0,,,,,,12,5.180354595184326,carry,carry,13
40,62,12,The cunning Wally outmaneuvered the henchmen of the villain who often fail to carry out the plot.,Do the plots always succeed?,Yes,No,0.0,0.0,Non-ambig,1.0,,,,,,12,0.8301159143447876,out,out,14
41,62,12,The cunning Wally outmaneuvered the henchman of the villains who often fail to carry out the plot.,Do the plots always succeed?,Yes,No,0.0,0.0,Non-ambig,,,1.0,,,,12,0.38780927658081055,to,to,12
41,62,12,The cunning Wally outmaneuvered the henchman of the villains who often fail to carry out the plot.,Do the plots always succeed?,Yes,No,0.0,0.0,Non-ambig,,,1.0,,,,12,5.189718246459961,carry,carry,13
41,62,12,The cunning Wally outmaneuvered the henchman of the villains who often fail to carry out the plot.,Do the plots always succeed?,Yes,No,0.0,0.0,Non-ambig,,,1.0,,,,12,0.9927161931991577,out,out,14
42,63,14,"Down at the pub, Ollie gossiped about the daughters of the nurses who were at church last Sunday in grimy shorts.",Where was Ollie?,A pub,A church,1.0,1.0,Non-ambig,,,1.0,,,,14,4.321163177490234,at,at,14
42,63,14,"Down at the pub, Ollie gossiped about the daughters of the nurses who were at church last Sunday in grimy shorts.",Where was Ollie?,A pub,A church,1.0,1.0,Non-ambig,,,1.0,,,,14,8.503231048583984,church,church,15
42,63,14,"Down at the pub, Ollie gossiped about the daughters of the nurses who were at church last Sunday in grimy shorts.",Where was Ollie?,A pub,A church,1.0,1.0,Non-ambig,,,1.0,,,,14,10.434104919433594,last,last,16
43,63,14,"Down at the pub, Ollie gossiped about the daughters of the nurse who were at church last Sunday in grimy shorts.",Where was Ollie?,A pub,A church,1.0,1.0,Non-ambig,,,,,1.0,,14,4.386281967163086,at,at,14
43,63,14,"Down at the pub, Ollie gossiped about the daughters of the nurse who were at church last Sunday in grimy shorts.",Where was Ollie?,A pub,A church,1.0,1.0,Non-ambig,,,,,1.0,,14,8.598176956176758,church,church,15
43,63,14,"Down at the pub, Ollie gossiped about the daughters of the nurse who were at church last Sunday in grimy shorts.",Where was Ollie?,A pub,A church,1.0,1.0,Non-ambig,,,,,1.0,,14,10.31802749633789,last,last,16
44,63,14,"Down at the pub, Ollie gossiped about the daughter of the nurses who were at church last Sunday in grimy shorts.",Where was Ollie?,A pub,A church,1.0,1.0,Non-ambig,1.0,,,,,,14,4.258933067321777,at,at,14
44,63,14,"Down at the pub, Ollie gossiped about the daughter of the nurses who were at church last Sunday in grimy shorts.",Where was Ollie?,A pub,A church,1.0,1.0,Non-ambig,1.0,,,,,,14,8.751254081726074,church,church,15
44,63,14,"Down at the pub, Ollie gossiped about the daughter of the nurses who were at church last Sunday in grimy shorts.",Where was Ollie?,A pub,A church,1.0,1.0,Non-ambig,1.0,,,,,,14,10.661446571350098,last,last,16
45,64,13,From the lounge everyone could see the pilots of the millionaires who were distrusted by everyone at the company.,Who could everyone see?,Pilots ,Millionaires,1.0,1.0,Non-ambig,,1.0,,,,,13,12.224621772766113,distrusted,distrusted,13
45,64,13,From the lounge everyone could see the pilots of the millionaires who were distrusted by everyone at the company.,Who could everyone see?,Pilots ,Millionaires,1.0,1.0,Non-ambig,,1.0,,,,,13,1.054929256439209,by,by,14
45,64,13,From the lounge everyone could see the pilots of the millionaires who were distrusted by everyone at the company.,Who could everyone see?,Pilots ,Millionaires,1.0,1.0,Non-ambig,,1.0,,,,,13,6.243014335632324,everyone,everyone,15
46,64,13,From the lounge everyone could see the pilots of the millionaire who were distrusted by everyone at the company.,Who could everyone see?,Pilots ,Millionaires,1.0,1.0,Non-ambig,,,,1.0,,,13,12.088733673095703,distrusted,distrusted,13
46,64,13,From the lounge everyone could see the pilots of the millionaire who were distrusted by everyone at the company.,Who could everyone see?,Pilots ,Millionaires,1.0,1.0,Non-ambig,,,,1.0,,,13,1.153315544128418,by,by,14
46,64,13,From the lounge everyone could see the pilots of the millionaire who were distrusted by everyone at the company.,Who could everyone see?,Pilots ,Millionaires,1.0,1.0,Non-ambig,,,,1.0,,,13,6.204891204833984,everyone,everyone,15
47,64,13,From the lounge everyone could see the pilot of the millionaires who were distrusted by everyone at the company.,Who could everyone see?,Pilots ,Millionaires,1.0,1.0,Non-ambig,,,,,,1.0,13,12.418919563293457,distrusted,distrusted,13
47,64,13,From the lounge everyone could see the pilot of the millionaires who were distrusted by everyone at the company.,Who could everyone see?,Pilots ,Millionaires,1.0,1.0,Non-ambig,,,,,,1.0,13,0.9923193454742432,by,by,14
47,64,13,From the lounge everyone could see the pilot of the millionaires who were distrusted by everyone at the company.,Who could everyone see?,Pilots ,Millionaires,1.0,1.0,Non-ambig,,,,,,1.0,13,5.975223541259766,everyone,everyone,15
48,65,12,On the news they showed the accomplices of the thieves who were indicted for stealing the Mona Lisa.,Where did they show the accomplices?,A documentary,The news,0.0,0.0,Non-ambig,,,,,,1.0,12,7.148991107940674,indicted,indicted,12
48,65,12,On the news they showed the accomplices of the thieves who were indicted for stealing the Mona Lisa.,Where did they show the accomplices?,A documentary,The news,0.0,0.0,Non-ambig,,,,,,1.0,12,1.299023151397705,for,for,13
48,65,12,On the news they showed the accomplices of the thieves who were indicted for stealing the Mona Lisa.,Where did they show the accomplices?,A documentary,The news,0.0,0.0,Non-ambig,,,,,,1.0,12,3.526961088180542,stealing,stealing,14
49,65,12,On the news they showed the accomplices of the thief who were indicted for stealing the Mona Lisa.,Where did they show the accomplices?,A documentary,The news,0.0,0.0,Non-ambig,,1.0,,,,,12,8.054454803466797,indicted,indicted,12
49,65,12,On the news they showed the accomplices of the thief who were indicted for stealing the Mona Lisa.,Where did they show the accomplices?,A documentary,The news,0.0,0.0,Non-ambig,,1.0,,,,,12,1.2064179182052612,for,for,13
49,65,12,On the news they showed the accomplices of the thief who were indicted for stealing the Mona Lisa.,Where did they show the accomplices?,A documentary,The news,0.0,0.0,Non-ambig,,1.0,,,,,12,3.740656852722168,stealing,stealing,14
50,65,12,On the news they showed the accomplice of the thieves who were indicted for stealing the Mona Lisa.,Where did they show the accomplices?,A documentary,The news,0.0,0.0,Non-ambig,,,,1.0,,,12,8.007267951965332,indicted,indicted,12
50,65,12,On the news they showed the accomplice of the thieves who were indicted for stealing the Mona Lisa.,Where did they show the accomplices?,A documentary,The news,0.0,0.0,Non-ambig,,,,1.0,,,12,1.3073219060897827,for,for,13
50,65,12,On the news they showed the accomplice of the thieves who were indicted for stealing the Mona Lisa.,Where did they show the accomplices?,A documentary,The news,0.0,0.0,Non-ambig,,,,1.0,,,12,3.2902114391326904,stealing,stealing,14
51,66,13,Everyone at the party groaned at the bodyguards of the divas who smoke clove cigarettes constantly.,What type of cigarettes are smoked?   ,Menthol,Clove,0.0,0.0,Non-ambig,,,,1.0,,,13,2.5779900550842285,clove,clove,13
51,66,13,Everyone at the party groaned at the bodyguards of the divas who smoke clove cigarettes constantly.,What type of cigarettes are smoked?   ,Menthol,Clove,0.0,0.0,Non-ambig,,,,1.0,,,13,5.073288917541504,cigarettes,cigarettes,14
52,66,13,Everyone at the party groaned at the bodyguards of the diva who smoke clove cigarettes constantly.,What type of cigarettes are smoked?   ,Menthol,Clove,0.0,0.0,Non-ambig,,,,,,1.0,13,2.249891757965088,clove,clove,13
52,66,13,Everyone at the party groaned at the bodyguards of the diva who smoke clove cigarettes constantly.,What type of cigarettes are smoked?   ,Menthol,Clove,0.0,0.0,Non-ambig,,,,,,1.0,13,6.259714603424072,cigarettes,cigarettes,14
53,66,13,Everyone at the party groaned at the bodyguard of the divas who smoke clove cigarettes constantly.,What type of cigarettes are smoked?   ,Menthol,Clove,0.0,0.0,Non-ambig,,1.0,,,,,13,1.9295103549957275,clove,clove,13
53,66,13,Everyone at the party groaned at the bodyguard of the divas who smoke clove cigarettes constantly.,What type of cigarettes are smoked?   ,Menthol,Clove,0.0,0.0,Non-ambig,,1.0,,,,,13,6.023665428161621,cigarettes,cigarettes,14
54,67,13,"At the summit, Ursula warmly greeted the advisors of the tycoons who snowboard in Aspen in January.",Who snowboards?,The advisors,The tycoons,,,Ambig,1.0,,,,,,13,2.9337596893310547,in,in,13
54,67,13,"At the summit, Ursula warmly greeted the advisors of the tycoons who snowboard in Aspen in January.",Who snowboards?,The advisors,The tycoons,,,Ambig,1.0,,,,,,13,12.08243465423584,Aspen,Aspen,14
54,67,13,"At the summit, Ursula warmly greeted the advisors of the tycoons who snowboard in Aspen in January.",Who snowboards?,The advisors,The tycoons,,,Ambig,1.0,,,,,,13,3.7868032455444336,in,in,15
55,67,13,"At the summit, Ursula warmly greeted the advisors of the tycoon who snowboard in Aspen in January.",Who snowboards?,The advisors,The tycoon,1.0,1.0,Ambig,,,1.0,,,,13,3.5001931190490723,in,in,13
55,67,13,"At the summit, Ursula warmly greeted the advisors of the tycoon who snowboard in Aspen in January.",Who snowboards?,The advisors,The tycoon,1.0,1.0,Ambig,,,1.0,,,,13,12.37051010131836,Aspen,Aspen,14
55,67,13,"At the summit, Ursula warmly greeted the advisors of the tycoon who snowboard in Aspen in January.",Who snowboards?,The advisors,The tycoon,1.0,1.0,Ambig,,,1.0,,,,13,3.869720220565796,in,in,15
56,67,13,"At the summit, Ursula warmly greeted the advisor of the tycoons who snowboard in Aspen in January.",Who snowboards?,The advisor,The tycoons,0.0,0.0,Ambig,,,,,1.0,,13,3.1382689476013184,in,in,13
56,67,13,"At the summit, Ursula warmly greeted the advisor of the tycoons who snowboard in Aspen in January.",Who snowboards?,The advisor,The tycoons,0.0,0.0,Ambig,,,,,1.0,,13,11.962101936340332,Aspen,Aspen,14
56,67,13,"At the summit, Ursula warmly greeted the advisor of the tycoons who snowboard in Aspen in January.",Who snowboards?,The advisor,The tycoons,0.0,0.0,Ambig,,,,,1.0,,13,4.026271820068359,in,in,15
57,68,10,Rosalina testified against the detectives of the senators who were caught spying on his colleagues.,Who got caught spying?,The detectives,The senators,,,Ambig,,,,,1.0,,10,6.119936466217041,caught,caught,10
57,68,10,Rosalina testified against the detectives of the senators who were caught spying on his colleagues.,Who got caught spying?,The detectives,The senators,,,Ambig,,,,,1.0,,10,8.92022705078125,spying,spying,11
57,68,10,Rosalina testified against the detectives of the senators who were caught spying on his colleagues.,Who got caught spying?,The detectives,The senators,,,Ambig,,,,,1.0,,10,1.0024371147155762,on,on,12
58,68,10,Rosalina testified against the detectives of the senator who were caught spying on his colleagues.,Who got caught spying?,The detectives,The senator,1.0,1.0,Ambig,1.0,,,,,,10,6.24437952041626,caught,caught,10
58,68,10,Rosalina testified against the detectives of the senator who were caught spying on his colleagues.,Who got caught spying?,The detectives,The senator,1.0,1.0,Ambig,1.0,,,,,,10,8.965027809143066,spying,spying,11
58,68,10,Rosalina testified against the detectives of the senator who were caught spying on his colleagues.,Who got caught spying?,The detectives,The senator,1.0,1.0,Ambig,1.0,,,,,,10,1.0467619895935059,on,on,12
59,68,10,Rosalina testified against the detective of the senators who were caught spying on his colleagues.,Who got caught spying?,The detective,The senators,0.0,0.0,Ambig,,,1.0,,,,10,6.252772331237793,caught,caught,10
59,68,10,Rosalina testified against the detective of the senators who were caught spying on his colleagues.,Who got caught spying?,The detective,The senators,0.0,0.0,Ambig,,,1.0,,,,10,9.075517654418945,spying,spying,11
59,68,10,Rosalina testified against the detective of the senators who were caught spying on his colleagues.,Who got caught spying?,The detective,The senators,0.0,0.0,Ambig,,,1.0,,,,10,1.0040289163589478,on,on,12
60,69,12,"Before the exhibition, Silas telephoned the friends of the bodybuilders who write fan fiction about Batman.",Who writes fan fiction?,The friends,The bodybuilders,,,Ambig,,,1.0,,,,12,10.161585807800293,fan,fan,12
60,69,12,"Before the exhibition, Silas telephoned the friends of the bodybuilders who write fan fiction about Batman.",Who writes fan fiction?,The friends,The bodybuilders,,,Ambig,,,1.0,,,,12,4.148510932922363,fiction,fiction,13
60,69,12,"Before the exhibition, Silas telephoned the friends of the bodybuilders who write fan fiction about Batman.",Who writes fan fiction?,The friends,The bodybuilders,,,Ambig,,,1.0,,,,12,3.5248680114746094,about,about,14
61,69,12,"Before the exhibition, Silas telephoned the friends of the bodybuilder who write fan fiction about Batman.",Who writes fan fiction?,The friends,The bodybuilder,1.0,1.0,Ambig,,,,,1.0,,12,10.161585807800293,fan,fan,12
61,69,12,"Before the exhibition, Silas telephoned the friends of the bodybuilder who write fan fiction about Batman.",Who writes fan fiction?,The friends,The bodybuilder,1.0,1.0,Ambig,,,,,1.0,,12,4.148510932922363,fiction,fiction,13
61,69,12,"Before the exhibition, Silas telephoned the friends of the bodybuilder who write fan fiction about Batman.",Who writes fan fiction?,The friends,The bodybuilder,1.0,1.0,Ambig,,,,,1.0,,12,3.5248680114746094,about,about,14
62,69,12,"Before the exhibition, Silas telephoned the friend of the bodybuilders who write fan fiction about Batman.",Who writes fan fiction?,The friend,The bodybuilders,0.0,0.0,Ambig,1.0,,,,,,12,11.214848518371582,fan,fan,12
62,69,12,"Before the exhibition, Silas telephoned the friend of the bodybuilders who write fan fiction about Batman.",Who writes fan fiction?,The friend,The bodybuilders,0.0,0.0,Ambig,1.0,,,,,,12,4.247056007385254,fiction,fiction,13
62,69,12,"Before the exhibition, Silas telephoned the friend of the bodybuilders who write fan fiction about Batman.",Who writes fan fiction?,The friend,The bodybuilders,0.0,0.0,Ambig,1.0,,,,,,12,3.3262414932250977,about,about,14
63,70,13,"At her orientation, Tamara recently met the nephews of the professors who paint beautiful portraits of local celebrities.",Who paints portraits?,The nephews,The professors,,,Ambig,,1.0,,,,,13,9.71950912475586,beautiful,beautiful,13
63,70,13,"At her orientation, Tamara recently met the nephews of the professors who paint beautiful portraits of local celebrities.",Who paints portraits?,The nephews,The professors,,,Ambig,,1.0,,,,,13,4.443510055541992,portraits,portraits,14
63,70,13,"At her orientation, Tamara recently met the nephews of the professors who paint beautiful portraits of local celebrities.",Who paints portraits?,The nephews,The professors,,,Ambig,,1.0,,,,,13,0.29889342188835144,of,of,15
64,70,13,"At her orientation, Tamara recently met the nephews of the professor who paint beautiful portraits of local celebrities.",Who paints portraits?,The nephews,The professor,1.0,1.0,Ambig,,,,1.0,,,13,9.434074401855469,beautiful,beautiful,13
64,70,13,"At her orientation, Tamara recently met the nephews of the professor who paint beautiful portraits of local celebrities.",Who paints portraits?,The nephews,The professor,1.0,1.0,Ambig,,,,1.0,,,13,4.297975063323975,portraits,portraits,14
64,70,13,"At her orientation, Tamara recently met the nephews of the professor who paint beautiful portraits of local celebrities.",Who paints portraits?,The nephews,The professor,1.0,1.0,Ambig,,,,1.0,,,13,0.2764558792114258,of,of,15
65,70,13,"At her orientation, Tamara recently met the nephew of the professors who paint beautiful portraits of local celebrities.",Who paints portraits?,The nephew,The professors,0.0,0.0,Ambig,,,,,,1.0,13,10.163614273071289,beautiful,beautiful,13
65,70,13,"At her orientation, Tamara recently met the nephew of the professors who paint beautiful portraits of local celebrities.",Who paints portraits?,The nephew,The professors,0.0,0.0,Ambig,,,,,,1.0,13,4.710572242736816,portraits,portraits,14
65,70,13,"At her orientation, Tamara recently met the nephew of the professors who paint beautiful portraits of local celebrities.",Who paints portraits?,The nephew,The professors,0.0,0.0,Ambig,,,,,,1.0,13,0.2614317536354065,of,of,15
66,71,14,Everyone at the coffee shop sympathized with the couriers of the florists who were complaining about the weather.,Who complained about the weather?,The couriers,The florists,,,Ambig,,,,,,1.0,14,7.801749229431152,complaining,complaining,14
66,71,14,Everyone at the coffee shop sympathized with the couriers of the florists who were complaining about the weather.,Who complained about the weather?,The couriers,The florists,,,Ambig,,,,,,1.0,14,0.18496425449848175,about,about,15
66,71,14,Everyone at the coffee shop sympathized with the couriers of the florists who were complaining about the weather.,Who complained about the weather?,The couriers,The florists,,,Ambig,,,,,,1.0,14,0.7488830089569092,the,the,16
67,71,14,Everyone at the coffee shop sympathized with the couriers of the florist who were complaining about the weather.,Who complained about the weather?,The couriers,The florist,1.0,1.0,Ambig,,1.0,,,,,14,7.801749229431152,complaining,complaining,14
67,71,14,Everyone at the coffee shop sympathized with the couriers of the florist who were complaining about the weather.,Who complained about the weather?,The couriers,The florist,1.0,1.0,Ambig,,1.0,,,,,14,0.18496425449848175,about,about,15
67,71,14,Everyone at the coffee shop sympathized with the couriers of the florist who were complaining about the weather.,Who complained about the weather?,The couriers,The florist,1.0,1.0,Ambig,,1.0,,,,,14,0.7488830089569092,the,the,16
68,71,14,Everyone at the coffee shop sympathized with the courier of the florists who were complaining about the weather.,Who complained about the weather?,The courier,The florists,0.0,0.0,Ambig,,,,1.0,,,14,6.700318336486816,complaining,complaining,14
68,71,14,Everyone at the coffee shop sympathized with the courier of the florists who were complaining about the weather.,Who complained about the weather?,The courier,The florists,0.0,0.0,Ambig,,,,1.0,,,14,0.18686427175998688,about,about,15
68,71,14,Everyone at the coffee shop sympathized with the courier of the florists who were complaining about the weather.,Who complained about the weather?,The courier,The florists,0.0,0.0,Ambig,,,,1.0,,,14,0.6287447214126587,the,the,16
69,72,15,"Despite the good press, we didn\'t really like the commanders of the soldiers who whistle very loudly and for no reason at all.",Who whistles loudly?,The commanders,The soldiers,,,Ambig,,,,1.0,,,15,8.446575164794922,very,very,15
69,72,15,"Despite the good press, we didn\'t really like the commanders of the soldiers who whistle very loudly and for no reason at all.",Who whistles loudly?,The commanders,The soldiers,,,Ambig,,,,1.0,,,15,3.6093897819519043,loudly,loudly,16
69,72,15,"Despite the good press, we didn\'t really like the commanders of the soldiers who whistle very loudly and for no reason at all.",Who whistles loudly?,The commanders,The soldiers,,,Ambig,,,,1.0,,,15,1.8948755264282227,and,and,17
70,72,15,"Despite the good press, we didn\'t really like the commanders of the soldier who whistle very loudly and for no reason at all.",Who whistles loudly?,The commanders,The soldier,1.0,1.0,Ambig,,,,,,1.0,15,7.653528213500977,very,very,15
70,72,15,"Despite the good press, we didn\'t really like the commanders of the soldier who whistle very loudly and for no reason at all.",Who whistles loudly?,The commanders,The soldier,1.0,1.0,Ambig,,,,,,1.0,15,3.71990966796875,loudly,loudly,16
70,72,15,"Despite the good press, we didn\'t really like the commanders of the soldier who whistle very loudly and for no reason at all.",Who whistles loudly?,The commanders,The soldier,1.0,1.0,Ambig,,,,,,1.0,15,1.812759518623352,and,and,17
71,72,15,"Despite the good press, we didn\'t really like the commander of the soldiers who whistle very loudly and for no reason at all.",Who whistles loudly?,The commander,The soldiers,0.0,0.0,Ambig,,1.0,,,,,15,8.304484367370605,very,very,15
71,72,15,"Despite the good press, we didn\'t really like the commander of the soldiers who whistle very loudly and for no reason at all.",Who whistles loudly?,The commander,The soldiers,0.0,0.0,Ambig,,1.0,,,,,15,3.6081225872039795,loudly,loudly,16
71,72,15,"Despite the good press, we didn\'t really like the commander of the soldiers who whistle very loudly and for no reason at all.",Who whistles loudly?,The commander,The soldiers,0.0,0.0,Ambig,,1.0,,,,,15,1.9640443325042725,and,and,17
