,item,condition,disambPositionAmb,disambPositionUnamb,ambiguity,Sentence,disambPosition_0idx,surprisal,token,word,word_pos
0,1,NPS_UAMB,6,7,ambiguous,The suspect showed the file deserved further investigation during the murder trial.,5,11.428455352783203,deserved,deserved,5
0,1,NPS_UAMB,6,7,ambiguous,The suspect showed the file deserved further investigation during the murder trial.,5,8.764856338500977,further,further,6
0,1,NPS_UAMB,6,7,ambiguous,The suspect showed the file deserved further investigation during the murder trial.,5,9.000429153442383,investigation,investigation,7
1,1,NPZ_UAMB,7,7,ambiguous,Because the suspect changed the file deserved further investigation during the jury discussions.,6,13.90697956085205,deserved,deserved,6
1,1,NPZ_UAMB,7,7,ambiguous,Because the suspect changed the file deserved further investigation during the jury discussions.,6,8.743308067321777,further,further,7
1,1,NPZ_UAMB,7,7,ambiguous,Because the suspect changed the file deserved further investigation during the jury discussions.,6,10.070463180541992,investigation,investigation,8
2,1,MVRR_UAMB,6,8,ambiguous,The suspect sent the file deserved further investigation given the new evidence.,5,12.639220237731934,deserved,deserved,5
2,1,MVRR_UAMB,6,8,ambiguous,The suspect sent the file deserved further investigation given the new evidence.,5,8.411972045898438,further,further,6
2,1,MVRR_UAMB,6,8,ambiguous,The suspect sent the file deserved further investigation given the new evidence.,5,9.190046310424805,investigation,investigation,7
3,2,NPS_UAMB,7,8,ambiguous,The corrupt politician mentioned the bill received unwelcome attention from southern voters.,6,8.262502670288086,received,received,6
3,2,NPS_UAMB,7,8,ambiguous,The corrupt politician mentioned the bill received unwelcome attention from southern voters.,6,11.581037521362305,unwelcome,unwelcome,7
3,2,NPS_UAMB,7,8,ambiguous,The corrupt politician mentioned the bill received unwelcome attention from southern voters.,6,2.961665153503418,attention,attention,8
4,2,NPZ_UAMB,8,8,ambiguous,After the corrupt politician signed the bill received unwelcome attention from southern voters.,7,11.101083755493164,received,received,7
4,2,NPZ_UAMB,8,8,ambiguous,After the corrupt politician signed the bill received unwelcome attention from southern voters.,7,12.91604995727539,unwelcome,unwelcome,8
4,2,NPZ_UAMB,8,8,ambiguous,After the corrupt politician signed the bill received unwelcome attention from southern voters.,7,4.171545028686523,attention,attention,9
5,2,MVRR_UAMB,7,9,ambiguous,The corrupt politician handed the bill received unwelcome attention from southern voters.,6,9.494526863098145,received,received,6
5,2,MVRR_UAMB,7,9,ambiguous,The corrupt politician handed the bill received unwelcome attention from southern voters.,6,12.358280181884766,unwelcome,unwelcome,7
5,2,MVRR_UAMB,7,9,ambiguous,The corrupt politician handed the bill received unwelcome attention from southern voters.,6,3.7204840183258057,attention,attention,8
6,3,NPS_UAMB,6,7,ambiguous,The woman maintained the mail disappeared mysteriously from her front porch.,5,12.001681327819824,disappeared,disappeared,5
6,3,NPS_UAMB,6,7,ambiguous,The woman maintained the mail disappeared mysteriously from her front porch.,5,11.251365661621094,mysteriously,mysteriously,6
6,3,NPS_UAMB,6,7,ambiguous,The woman maintained the mail disappeared mysteriously from her front porch.,5,3.5600922107696533,from,from,7
7,3,NPZ_UAMB,7,7,ambiguous,After the woman moved the mail disappeared mysteriously from the delivery system.,6,11.799575805664062,disappeared,disappeared,6
7,3,NPZ_UAMB,7,7,ambiguous,After the woman moved the mail disappeared mysteriously from the delivery system.,6,10.964349746704102,mysteriously,mysteriously,7
7,3,NPZ_UAMB,7,7,ambiguous,After the woman moved the mail disappeared mysteriously from the delivery system.,6,3.7743449211120605,from,from,8
8,3,MVRR_UAMB,6,8,ambiguous,The woman brought the mail disappeared mysteriously after reading the bad news in it.,5,11.206125259399414,disappeared,disappeared,5
8,3,MVRR_UAMB,6,8,ambiguous,The woman brought the mail disappeared mysteriously after reading the bad news in it.,5,11.162599563598633,mysteriously,mysteriously,6
8,3,MVRR_UAMB,6,8,ambiguous,The woman brought the mail disappeared mysteriously after reading the bad news in it.,5,2.5560367107391357,after,after,7
9,4,NPS_UAMB,6,7,ambiguous,The boy found the chicken stayed surprisingly happy in the new barn.,5,11.73882007598877,stayed,stayed,5
9,4,NPS_UAMB,6,7,ambiguous,The boy found the chicken stayed surprisingly happy in the new barn.,5,11.922321319580078,surprisingly,surprisingly,6
9,4,NPS_UAMB,6,7,ambiguous,The boy found the chicken stayed surprisingly happy in the new barn.,5,6.357608795166016,happy,happy,7
10,4,NPZ_UAMB,7,7,ambiguous,Although the boy attacked the chicken stayed surprisingly happy as if nothing happened.,6,13.164563179016113,stayed,stayed,6
10,4,NPZ_UAMB,7,7,ambiguous,Although the boy attacked the chicken stayed surprisingly happy as if nothing happened.,6,12.82251262664795,surprisingly,surprisingly,7
10,4,NPZ_UAMB,7,7,ambiguous,Although the boy attacked the chicken stayed surprisingly happy as if nothing happened.,6,7.058996200561523,happy,happy,8
11,4,MVRR_UAMB,6,8,ambiguous,The boy fed the chicken stayed surprisingly happy despite having a mild allergic reaction.,5,13.388459205627441,stayed,stayed,5
11,4,MVRR_UAMB,6,8,ambiguous,The boy fed the chicken stayed surprisingly happy despite having a mild allergic reaction.,5,13.503847122192383,surprisingly,surprisingly,6
11,4,MVRR_UAMB,6,8,ambiguous,The boy fed the chicken stayed surprisingly happy despite having a mild allergic reaction.,5,6.846378326416016,happy,happy,7
12,5,NPS_UAMB,7,8,ambiguous,The new doctor demonstrated the operation appeared increasingly likely to succeed.,6,10.655156135559082,appeared,appeared,6
12,5,NPS_UAMB,7,8,ambiguous,The new doctor demonstrated the operation appeared increasingly likely to succeed.,6,10.544271469116211,increasingly,increasingly,7
12,5,NPS_UAMB,7,8,ambiguous,The new doctor demonstrated the operation appeared increasingly likely to succeed.,6,9.143071174621582,likely,likely,8
13,5,NPZ_UAMB,8,8,ambiguous,After the new doctor left the operation appeared increasingly likely to succeed.,7,12.347860336303711,appeared,appeared,7
13,5,NPZ_UAMB,8,8,ambiguous,After the new doctor left the operation appeared increasingly likely to succeed.,7,10.912439346313477,increasingly,increasingly,8
13,5,NPZ_UAMB,8,8,ambiguous,After the new doctor left the operation appeared increasingly likely to succeed.,7,9.28980541229248,likely,likely,9
14,5,MVRR_UAMB,7,9,ambiguous,The new doctor offered the operation appeared increasingly likely to succeed in her career.,6,11.223550796508789,appeared,appeared,6
14,5,MVRR_UAMB,7,9,ambiguous,The new doctor offered the operation appeared increasingly likely to succeed in her career.,6,11.014293670654297,increasingly,increasingly,7
14,5,MVRR_UAMB,7,9,ambiguous,The new doctor offered the operation appeared increasingly likely to succeed in her career.,6,9.519530296325684,likely,likely,8
15,6,NPS_UAMB,6,7,ambiguous,The professor noticed the grant gained more attention from marine biologists.,5,9.596819877624512,gained,gained,5
15,6,NPS_UAMB,6,7,ambiguous,The professor noticed the grant gained more attention from marine biologists.,5,3.636634111404419,more,more,6
15,6,NPS_UAMB,6,7,ambiguous,The professor noticed the grant gained more attention from marine biologists.,5,2.480478525161743,attention,attention,7
16,6,NPZ_UAMB,7,7,ambiguous,After the professor read the grant gained more attention due to her excellent description.,6,12.37474536895752,gained,gained,6
16,6,NPZ_UAMB,7,7,ambiguous,After the professor read the grant gained more attention due to her excellent description.,6,4.1740498542785645,more,more,7
16,6,NPZ_UAMB,7,7,ambiguous,After the professor read the grant gained more attention due to her excellent description.,6,2.4467577934265137,attention,attention,8
17,6,MVRR_UAMB,6,8,ambiguous,The professor awarded the grant gained more attention from marine biologists.,5,12.188546180725098,gained,gained,5
17,6,MVRR_UAMB,6,8,ambiguous,The professor awarded the grant gained more attention from marine biologists.,5,4.057777404785156,more,more,6
17,6,MVRR_UAMB,6,8,ambiguous,The professor awarded the grant gained more attention from marine biologists.,5,2.7630655765533447,attention,attention,7
18,7,NPS_UAMB,6,7,ambiguous,The technician reported the service stopped working almost immediately after the storm started.,5,9.988937377929688,stopped,stopped,5
18,7,NPS_UAMB,6,7,ambiguous,The technician reported the service stopped working almost immediately after the storm started.,5,6.242395401000977,working,working,6
18,7,NPS_UAMB,6,7,ambiguous,The technician reported the service stopped working almost immediately after the storm started.,5,8.431034088134766,almost,almost,7
19,7,NPZ_UAMB,7,7,ambiguous,After the technician called the service stopped working almost immediately to his surprise.,6,10.130624771118164,stopped,stopped,6
19,7,NPZ_UAMB,7,7,ambiguous,After the technician called the service stopped working almost immediately to his surprise.,6,6.544017314910889,working,working,7
19,7,NPZ_UAMB,7,7,ambiguous,After the technician called the service stopped working almost immediately to his surprise.,6,8.466485023498535,almost,almost,8
20,7,MVRR_UAMB,6,8,ambiguous,The technician refused the service stopped working almost immediately after the argument.,5,13.74862003326416,stopped,stopped,5
20,7,MVRR_UAMB,6,8,ambiguous,The technician refused the service stopped working almost immediately after the argument.,5,6.302981376647949,working,working,6
20,7,MVRR_UAMB,6,8,ambiguous,The technician refused the service stopped working almost immediately after the argument.,5,9.10936164855957,almost,almost,7
21,8,NPS_UAMB,6,7,ambiguous,The mechanic observed the truck needed several more hours to be repaired.,5,7.951632022857666,needed,needed,5
21,8,NPS_UAMB,6,7,ambiguous,The mechanic observed the truck needed several more hours to be repaired.,5,7.634865760803223,several,several,6
21,8,NPS_UAMB,6,7,ambiguous,The mechanic observed the truck needed several more hours to be repaired.,5,3.7407922744750977,more,more,7
22,8,NPZ_UAMB,7,7,ambiguous,Because the mechanic stopped the truck needed several more hours before it could be fully repaired.,6,8.652488708496094,needed,needed,6
22,8,NPZ_UAMB,7,7,ambiguous,Because the mechanic stopped the truck needed several more hours before it could be fully repaired.,6,8.239117622375488,several,several,7
22,8,NPZ_UAMB,7,7,ambiguous,Because the mechanic stopped the truck needed several more hours before it could be fully repaired.,6,5.292680740356445,more,more,8
23,8,MVRR_UAMB,6,8,ambiguous,The mechanic brought the truck needed several more hours to fully repair it.,5,9.163698196411133,needed,needed,5
23,8,MVRR_UAMB,6,8,ambiguous,The mechanic brought the truck needed several more hours to fully repair it.,5,8.767678260803223,several,several,6
23,8,MVRR_UAMB,6,8,ambiguous,The mechanic brought the truck needed several more hours to fully repair it.,5,5.259047508239746,more,more,7
24,9,NPS_UAMB,6,7,ambiguous,The guitarist knew the song failed dramatically because of the tensions within the band.,5,7.991420269012451,failed,failed,5
24,9,NPS_UAMB,6,7,ambiguous,The guitarist knew the song failed dramatically because of the tensions within the band.,5,10.606751441955566,dramatically,dramatically,6
24,9,NPS_UAMB,6,7,ambiguous,The guitarist knew the song failed dramatically because of the tensions within the band.,5,4.391336441040039,because,because,7
25,9,NPZ_UAMB,7,7,ambiguous,After the guitarist began the song failed dramatically because he skipped the sound check.,6,10.601616859436035,failed,failed,6
25,9,NPZ_UAMB,7,7,ambiguous,After the guitarist began the song failed dramatically because he skipped the sound check.,6,12.095803260803223,dramatically,dramatically,7
25,9,NPZ_UAMB,7,7,ambiguous,After the guitarist began the song failed dramatically because he skipped the sound check.,6,5.144314765930176,because,because,8
26,9,MVRR_UAMB,6,8,ambiguous,The guitarist assigned the song failed dramatically because he never practiced enough.,5,10.53102970123291,failed,failed,5
26,9,MVRR_UAMB,6,8,ambiguous,The guitarist assigned the song failed dramatically because he never practiced enough.,5,10.789329528808594,dramatically,dramatically,6
26,9,MVRR_UAMB,6,8,ambiguous,The guitarist assigned the song failed dramatically because he never practiced enough.,5,4.813039779663086,because,because,7
27,10,NPS_UAMB,6,7,ambiguous,The player revealed the bonus remained essentially the same as in the original contract.,5,9.174137115478516,remained,remained,5
27,10,NPS_UAMB,6,7,ambiguous,The player revealed the bonus remained essentially the same as in the original contract.,5,7.595992088317871,essentially,essentially,6
27,10,NPS_UAMB,6,7,ambiguous,The player revealed the bonus remained essentially the same as in the original contract.,5,2.787839412689209,the,the,7
28,10,NPZ_UAMB,7,7,ambiguous,Although the player lost the bonus remained essentially the same as in the original contract.,6,11.445611000061035,remained,remained,6
28,10,NPZ_UAMB,7,7,ambiguous,Although the player lost the bonus remained essentially the same as in the original contract.,6,7.945437908172607,essentially,essentially,7
28,10,NPZ_UAMB,7,7,ambiguous,Although the player lost the bonus remained essentially the same as in the original contract.,6,2.7007009983062744,the,the,8
29,10,MVRR_UAMB,6,8,ambiguous,The player paid the bonus remained essentially the same despite his sudden fame and wealth.,5,11.812642097473145,remained,remained,5
29,10,MVRR_UAMB,6,8,ambiguous,The player paid the bonus remained essentially the same despite his sudden fame and wealth.,5,7.988245010375977,essentially,essentially,6
29,10,MVRR_UAMB,6,8,ambiguous,The player paid the bonus remained essentially the same despite his sudden fame and wealth.,5,2.6878063678741455,the,the,7
30,11,NPS_UAMB,7,8,ambiguous,The recent hire claimed the job prepared many students for careers in media.,6,10.145393371582031,prepared,prepared,6
30,11,NPS_UAMB,7,8,ambiguous,The recent hire claimed the job prepared many students for careers in media.,6,8.605128288269043,many,many,7
30,11,NPS_UAMB,7,8,ambiguous,The recent hire claimed the job prepared many students for careers in media.,6,8.138239860534668,students,students,8
31,11,NPZ_UAMB,8,8,ambiguous,Once the recent hire started the job prepared many students for careers in media.,7,12.039484977722168,prepared,prepared,7
31,11,NPZ_UAMB,8,8,ambiguous,Once the recent hire started the job prepared many students for careers in media.,7,10.060483932495117,many,many,8
31,11,NPZ_UAMB,8,8,ambiguous,Once the recent hire started the job prepared many students for careers in media.,7,8.845492362976074,students,students,9
32,11,MVRR_UAMB,7,9,ambiguous,The recent hire offered the job prepared many students for careers in media.,6,10.449860572814941,prepared,prepared,6
32,11,MVRR_UAMB,7,9,ambiguous,The recent hire offered the job prepared many students for careers in media.,6,9.549506187438965,many,many,7
32,11,MVRR_UAMB,7,9,ambiguous,The recent hire offered the job prepared many students for careers in media.,6,8.97252082824707,students,students,8
33,12,NPS_UAMB,7,8,ambiguous,The assistant manager discovered the training seemed unnecessarily demanding for new staff.,6,11.013372421264648,seemed,seemed,6
33,12,NPS_UAMB,7,8,ambiguous,The assistant manager discovered the training seemed unnecessarily demanding for new staff.,6,11.039372444152832,unnecessarily,unnecessarily,7
33,12,NPS_UAMB,7,8,ambiguous,The assistant manager discovered the training seemed unnecessarily demanding for new staff.,6,7.365780830383301,demanding,demanding,8
34,12,NPZ_UAMB,8,8,ambiguous,While the assistant manager worked the training seemed unnecessarily demanding to him.,7,12.933699607849121,seemed,seemed,7
34,12,NPZ_UAMB,8,8,ambiguous,While the assistant manager worked the training seemed unnecessarily demanding to him.,7,12.634490013122559,unnecessarily,unnecessarily,8
34,12,NPZ_UAMB,8,8,ambiguous,While the assistant manager worked the training seemed unnecessarily demanding to him.,7,6.232461929321289,demanding,demanding,9
35,12,MVRR_UAMB,7,9,ambiguous,The assistant manager assigned the training seemed unnecessarily demanding to new staff.,6,12.887924194335938,seemed,seemed,6
35,12,MVRR_UAMB,7,9,ambiguous,The assistant manager assigned the training seemed unnecessarily demanding to new staff.,6,12.231534004211426,unnecessarily,unnecessarily,7
35,12,MVRR_UAMB,7,9,ambiguous,The assistant manager assigned the training seemed unnecessarily demanding to new staff.,6,6.517788410186768,demanding,demanding,8
36,13,NPS_UAMB,6,7,ambiguous,The mayor showed the document provided sufficient evidence to prove her innocence.,5,8.446022033691406,provided,provided,5
36,13,NPS_UAMB,6,7,ambiguous,The mayor showed the document provided sufficient evidence to prove her innocence.,5,8.394702911376953,sufficient,sufficient,6
36,13,NPS_UAMB,6,7,ambiguous,The mayor showed the document provided sufficient evidence to prove her innocence.,5,2.8443148136138916,evidence,evidence,7
37,13,NPZ_UAMB,7,7,ambiguous,Although the mayor changed the document provided sufficient evidence for what he had promised.,6,10.216938972473145,provided,provided,6
37,13,NPZ_UAMB,7,7,ambiguous,Although the mayor changed the document provided sufficient evidence for what he had promised.,6,8.719839096069336,sufficient,sufficient,7
37,13,NPZ_UAMB,7,7,ambiguous,Although the mayor changed the document provided sufficient evidence for what he had promised.,6,3.2497737407684326,evidence,evidence,8
38,13,MVRR_UAMB,6,8,ambiguous,The mayor sent the document provided sufficient evidence that it was simply blackmail.,5,9.952363967895508,provided,provided,5
38,13,MVRR_UAMB,6,8,ambiguous,The mayor sent the document provided sufficient evidence that it was simply blackmail.,5,8.735596656799316,sufficient,sufficient,6
38,13,MVRR_UAMB,6,8,ambiguous,The mayor sent the document provided sufficient evidence that it was simply blackmail.,5,3.1658430099487305,evidence,evidence,7
39,14,NPS_UAMB,7,8,ambiguous,The basketball player mentioned the contract created another controversy in the NBA.,6,9.155576705932617,created,created,6
39,14,NPS_UAMB,7,8,ambiguous,The basketball player mentioned the contract created another controversy in the NBA.,6,8.074230194091797,another,another,7
39,14,NPS_UAMB,7,8,ambiguous,The basketball player mentioned the contract created another controversy in the NBA.,6,9.054219245910645,controversy,controversy,8
40,14,NPZ_UAMB,8,8,ambiguous,After the basketball player signed the contract created another controversy in the NBA.,7,11.16171646118164,created,created,7
40,14,NPZ_UAMB,8,8,ambiguous,After the basketball player signed the contract created another controversy in the NBA.,7,8.438719749450684,another,another,8
40,14,NPZ_UAMB,8,8,ambiguous,After the basketball player signed the contract created another controversy in the NBA.,7,10.288227081298828,controversy,controversy,9
41,14,MVRR_UAMB,7,9,ambiguous,The basketball player handed the contract created another controversy in the NBA.,6,9.889839172363281,created,created,6
41,14,MVRR_UAMB,7,9,ambiguous,The basketball player handed the contract created another controversy in the NBA.,6,7.54010534286499,another,another,7
41,14,MVRR_UAMB,7,9,ambiguous,The basketball player handed the contract created another controversy in the NBA.,6,10.073652267456055,controversy,controversy,8
42,15,NPS_UAMB,6,7,ambiguous,The engineer maintained the equipment required constant supervision from senior technicians.,5,5.822354316711426,required,required,5
42,15,NPS_UAMB,6,7,ambiguous,The engineer maintained the equipment required constant supervision from senior technicians.,5,14.244405746459961,constant,constant,6
42,15,NPS_UAMB,6,7,ambiguous,The engineer maintained the equipment required constant supervision from senior technicians.,5,9.240035057067871,supervision,supervision,7
43,15,NPZ_UAMB,7,7,ambiguous,After the engineer moved the equipment required constant supervision from senior technicians.,6,8.091948509216309,required,required,6
43,15,NPZ_UAMB,7,7,ambiguous,After the engineer moved the equipment required constant supervision from senior technicians.,6,13.702956199645996,constant,constant,7
43,15,NPZ_UAMB,7,7,ambiguous,After the engineer moved the equipment required constant supervision from senior technicians.,6,9.98633861541748,supervision,supervision,8
44,15,MVRR_UAMB,6,8,ambiguous,The engineer brought the equipment required constant supervision from senior technicians.,5,7.014946460723877,required,required,5
44,15,MVRR_UAMB,6,8,ambiguous,The engineer brought the equipment required constant supervision from senior technicians.,5,14.195021629333496,constant,constant,6
44,15,MVRR_UAMB,6,8,ambiguous,The engineer brought the equipment required constant supervision from senior technicians.,5,10.18632698059082,supervision,supervision,7
45,16,NPS_UAMB,7,8,ambiguous,The little girl found the lamb remained relatively calm despite the absence of its mother.,6,9.27180290222168,remained,remained,6
45,16,NPS_UAMB,7,8,ambiguous,The little girl found the lamb remained relatively calm despite the absence of its mother.,6,6.953981876373291,relatively,relatively,7
45,16,NPS_UAMB,7,8,ambiguous,The little girl found the lamb remained relatively calm despite the absence of its mother.,6,5.274340629577637,calm,calm,8
46,16,NPZ_UAMB,8,8,ambiguous,When the little girl attacked the lamb remained relatively calm despite the sudden assault.,7,12.364799499511719,remained,remained,7
46,16,NPZ_UAMB,8,8,ambiguous,When the little girl attacked the lamb remained relatively calm despite the sudden assault.,7,7.649254322052002,relatively,relatively,8
46,16,NPZ_UAMB,8,8,ambiguous,When the little girl attacked the lamb remained relatively calm despite the sudden assault.,7,5.140622138977051,calm,calm,9
47,16,MVRR_UAMB,7,9,ambiguous,The little girl fed the lamb remained relatively calm despite having asked for beef.,6,11.176350593566895,remained,remained,6
47,16,MVRR_UAMB,7,9,ambiguous,The little girl fed the lamb remained relatively calm despite having asked for beef.,6,7.2079267501831055,relatively,relatively,7
47,16,MVRR_UAMB,7,9,ambiguous,The little girl fed the lamb remained relatively calm despite having asked for beef.,6,5.243304252624512,calm,calm,8
48,17,NPS_UAMB,7,8,ambiguous,The yoga instructor demonstrated the position demanded immense physical effort from everyone.,6,11.265578269958496,demanded,demanded,6
48,17,NPS_UAMB,7,8,ambiguous,The yoga instructor demonstrated the position demanded immense physical effort from everyone.,6,13.94586181640625,immense,immense,7
48,17,NPS_UAMB,7,8,ambiguous,The yoga instructor demonstrated the position demanded immense physical effort from everyone.,6,6.429469585418701,physical,physical,8
49,17,NPZ_UAMB,8,8,ambiguous,Before the yoga instructor left the position demanded immense physical effort from everyone.,7,11.677635192871094,demanded,demanded,7
49,17,NPZ_UAMB,8,8,ambiguous,Before the yoga instructor left the position demanded immense physical effort from everyone.,7,14.05958366394043,immense,immense,8
49,17,NPZ_UAMB,8,8,ambiguous,Before the yoga instructor left the position demanded immense physical effort from everyone.,7,6.755374431610107,physical,physical,9
50,17,MVRR_UAMB,7,9,ambiguous,The yoga instructor offered the position demanded immense physical effort from everyone.,6,10.61291217803955,demanded,demanded,6
50,17,MVRR_UAMB,7,9,ambiguous,The yoga instructor offered the position demanded immense physical effort from everyone.,6,13.803570747375488,immense,immense,7
50,17,MVRR_UAMB,7,9,ambiguous,The yoga instructor offered the position demanded immense physical effort from everyone.,6,6.95332145690918,physical,physical,8
51,18,NPS_UAMB,6,7,ambiguous,The governor noticed the contract received sweeping support across the entire state.,5,8.096601486206055,received,received,5
51,18,NPS_UAMB,6,7,ambiguous,The governor noticed the contract received sweeping support across the entire state.,5,12.767228126525879,sweeping,sweeping,6
51,18,NPS_UAMB,6,7,ambiguous,The governor noticed the contract received sweeping support across the entire state.,5,5.407047748565674,support,support,7
52,18,NPZ_UAMB,7,7,ambiguous,While the governor read the contract received sweeping support from the audience at the rally.,6,9.781103134155273,received,received,6
52,18,NPZ_UAMB,7,7,ambiguous,While the governor read the contract received sweeping support from the audience at the rally.,6,13.025674819946289,sweeping,sweeping,7
52,18,NPZ_UAMB,7,7,ambiguous,While the governor read the contract received sweeping support from the audience at the rally.,6,4.7621002197265625,support,support,8
53,18,MVRR_UAMB,6,8,ambiguous,The governor awarded the contract received sweeping support across the entire state.,5,7.370087146759033,received,received,5
53,18,MVRR_UAMB,6,8,ambiguous,The governor awarded the contract received sweeping support across the entire state.,5,13.448302268981934,sweeping,sweeping,6
53,18,MVRR_UAMB,6,8,ambiguous,The governor awarded the contract received sweeping support across the entire state.,5,5.569455146789551,support,support,7
54,19,NPS_UAMB,6,7,ambiguous,The patient reported the treatment continued causing uncomfortable side effects like nausea.,5,9.616097450256348,continued,continued,5
54,19,NPS_UAMB,6,7,ambiguous,The patient reported the treatment continued causing uncomfortable side effects like nausea.,5,10.484166145324707,causing,causing,6
54,19,NPS_UAMB,6,7,ambiguous,The patient reported the treatment continued causing uncomfortable side effects like nausea.,5,12.325704574584961,uncomfortable,uncomfortable,7
55,19,NPZ_UAMB,7,7,ambiguous,Before the patient called the treatment continued causing uncomfortable side effects like nausea.,6,9.716131210327148,continued,continued,6
55,19,NPZ_UAMB,7,7,ambiguous,Before the patient called the treatment continued causing uncomfortable side effects like nausea.,6,10.117230415344238,causing,causing,7
55,19,NPZ_UAMB,7,7,ambiguous,Before the patient called the treatment continued causing uncomfortable side effects like nausea.,6,12.705101013183594,uncomfortable,uncomfortable,8
56,19,MVRR_UAMB,6,8,ambiguous,The patient refused the treatment continued causing uncomfortable scenes in the ER.,5,12.163000106811523,continued,continued,5
56,19,MVRR_UAMB,6,8,ambiguous,The patient refused the treatment continued causing uncomfortable scenes in the ER.,5,10.000081062316895,causing,causing,6
56,19,MVRR_UAMB,6,8,ambiguous,The patient refused the treatment continued causing uncomfortable scenes in the ER.,5,12.002476692199707,uncomfortable,uncomfortable,7
57,20,NPS_UAMB,6,7,ambiguous,The operator observed the machine started working efficiently all of a sudden.,5,8.091209411621094,started,started,5
57,20,NPS_UAMB,6,7,ambiguous,The operator observed the machine started working efficiently all of a sudden.,5,6.572920799255371,working,working,6
57,20,NPS_UAMB,6,7,ambiguous,The operator observed the machine started working efficiently all of a sudden.,5,9.570876121520996,efficiently,efficiently,7
58,20,NPZ_UAMB,7,7,ambiguous,Once the operator stopped the machine started working efficiently without any supervision.,6,11.23218822479248,started,started,6
58,20,NPZ_UAMB,7,7,ambiguous,Once the operator stopped the machine started working efficiently without any supervision.,6,6.603368282318115,working,working,7
58,20,NPZ_UAMB,7,7,ambiguous,Once the operator stopped the machine started working efficiently without any supervision.,6,10.020243644714355,efficiently,efficiently,8
59,20,MVRR_UAMB,6,8,ambiguous,The operator brought the machine started working efficiently with the added automation.,5,10.01861572265625,started,started,5
59,20,MVRR_UAMB,6,8,ambiguous,The operator brought the machine started working efficiently with the added automation.,5,7.265567302703857,working,working,6
59,20,MVRR_UAMB,6,8,ambiguous,The operator brought the machine started working efficiently with the added automation.,5,9.600427627563477,efficiently,efficiently,7
60,21,NPS_UAMB,6,7,ambiguous,The dancer knew the ballet achieved incredible success for a small local production.,5,10.261673927307129,achieved,achieved,5
60,21,NPS_UAMB,6,7,ambiguous,The dancer knew the ballet achieved incredible success for a small local production.,5,10.487720489501953,incredible,incredible,6
60,21,NPS_UAMB,6,7,ambiguous,The dancer knew the ballet achieved incredible success for a small local production.,5,2.7227251529693604,success,success,7
61,21,NPZ_UAMB,7,7,ambiguous,Once the dancer began the ballet achieved incredible success for a show with a new performer.,6,12.705202102661133,achieved,achieved,6
61,21,NPZ_UAMB,7,7,ambiguous,Once the dancer began the ballet achieved incredible success for a show with a new performer.,6,12.417463302612305,incredible,incredible,7
61,21,NPZ_UAMB,7,7,ambiguous,Once the dancer began the ballet achieved incredible success for a show with a new performer.,6,3.682217836380005,success,success,8
62,21,MVRR_UAMB,6,8,ambiguous,The dancer assigned the ballet achieved incredible success for a new performer.,5,11.521282196044922,achieved,achieved,5
62,21,MVRR_UAMB,6,8,ambiguous,The dancer assigned the ballet achieved incredible success for a new performer.,5,11.545389175415039,incredible,incredible,6
62,21,MVRR_UAMB,6,8,ambiguous,The dancer assigned the ballet achieved incredible success for a new performer.,5,3.8298909664154053,success,success,7
63,22,NPS_UAMB,6,7,ambiguous,The contestant revealed the money became unavailable to him when the show\'s budget shrank.,5,6.891852378845215,became,became,5
63,22,NPS_UAMB,6,7,ambiguous,The contestant revealed the money became unavailable to him when the show\'s budget shrank.,5,7.8287882804870605,unavailable,unavailable,6
63,22,NPS_UAMB,6,7,ambiguous,The contestant revealed the money became unavailable to him when the show\'s budget shrank.,5,3.2185282707214355,to,to,7
64,22,NPZ_UAMB,7,7,ambiguous,After the contestant lost the money became unavailable despite his previous three wins in a row.,6,10.850190162658691,became,became,6
64,22,NPZ_UAMB,7,7,ambiguous,After the contestant lost the money became unavailable despite his previous three wins in a row.,6,7.05508279800415,unavailable,unavailable,7
64,22,NPZ_UAMB,7,7,ambiguous,After the contestant lost the money became unavailable despite his previous three wins in a row.,6,7.008583068847656,despite,despite,8
65,22,MVRR_UAMB,6,8,ambiguous,The contestant paid the money became unavailable and suddenly terminated his contract.,5,9.908432006835938,became,became,5
65,22,MVRR_UAMB,6,8,ambiguous,The contestant paid the money became unavailable and suddenly terminated his contract.,5,7.468599319458008,unavailable,unavailable,6
65,22,MVRR_UAMB,6,8,ambiguous,The contestant paid the money became unavailable and suddenly terminated his contract.,5,2.89166522026062,and,and,7
66,23,NPS_UAMB,7,8,ambiguous,The new chef claimed the restaurant separated mediocre cooks from gifted ones.,6,11.395501136779785,separated,separated,6
66,23,NPS_UAMB,7,8,ambiguous,The new chef claimed the restaurant separated mediocre cooks from gifted ones.,6,14.04306697845459,mediocre,mediocre,7
66,23,NPS_UAMB,7,8,ambiguous,The new chef claimed the restaurant separated mediocre cooks from gifted ones.,6,13.18649959564209,cooks,cooks,8
67,23,NPZ_UAMB,8,8,ambiguous,Once the new chef started the restaurant separated mediocre cooks from gifted ones.,7,12.067071914672852,separated,separated,7
67,23,NPZ_UAMB,8,8,ambiguous,Once the new chef started the restaurant separated mediocre cooks from gifted ones.,7,15.464941024780273,mediocre,mediocre,8
67,23,NPZ_UAMB,8,8,ambiguous,Once the new chef started the restaurant separated mediocre cooks from gifted ones.,7,13.250574111938477,cooks,cooks,9
68,23,MVRR_UAMB,7,9,ambiguous,The new chef offered the restaurant separated mediocre cooks from gifted ones.,6,11.855669021606445,separated,separated,6
68,23,MVRR_UAMB,7,9,ambiguous,The new chef offered the restaurant separated mediocre cooks from gifted ones.,6,14.323992729187012,mediocre,mediocre,7
68,23,MVRR_UAMB,7,9,ambiguous,The new chef offered the restaurant separated mediocre cooks from gifted ones.,6,13.779911994934082,cooks,cooks,8
69,24,NPS_UAMB,7,8,ambiguous,The apprentice baker discovered the oven produced smaller cakes because it heated too fast.,6,7.607329368591309,produced,produced,6
69,24,NPS_UAMB,7,8,ambiguous,The apprentice baker discovered the oven produced smaller cakes because it heated too fast.,6,11.393484115600586,smaller,smaller,7
69,24,NPS_UAMB,7,8,ambiguous,The apprentice baker discovered the oven produced smaller cakes because it heated too fast.,6,10.558792114257812,cakes,cakes,8
70,24,NPZ_UAMB,8,8,ambiguous,When the apprentice baker worked the oven produced smaller cakes because he lacked experience.,7,9.729654312133789,produced,produced,7
70,24,NPZ_UAMB,8,8,ambiguous,When the apprentice baker worked the oven produced smaller cakes because he lacked experience.,7,11.330329895019531,smaller,smaller,8
70,24,NPZ_UAMB,8,8,ambiguous,When the apprentice baker worked the oven produced smaller cakes because he lacked experience.,7,9.663918495178223,cakes,cakes,9
71,24,MVRR_UAMB,7,9,ambiguous,The apprentice baker assigned the oven produced smaller cakes because he lacked experience.,6,8.334599494934082,produced,produced,6
71,24,MVRR_UAMB,7,9,ambiguous,The apprentice baker assigned the oven produced smaller cakes because he lacked experience.,6,11.26187515258789,smaller,smaller,7
71,24,MVRR_UAMB,7,9,ambiguous,The apprentice baker assigned the oven produced smaller cakes because he lacked experience.,6,10.184404373168945,cakes,cakes,8
72,1,NPS_UAMB,6,7,unambiguous,The suspect showed that the file deserved further investigation during the murder trial.,6,9.458989143371582,deserved,deserved,6
72,1,NPS_UAMB,6,7,unambiguous,The suspect showed that the file deserved further investigation during the murder trial.,6,7.721200942993164,further,further,7
72,1,NPS_UAMB,6,7,unambiguous,The suspect showed that the file deserved further investigation during the murder trial.,6,9.184637069702148,investigation,investigation,8
73,1,NPZ_UAMB,7,7,unambiguous,"Because the suspect changed, the file deserved further investigation during the jury discussions.",6,11.279398918151855,deserved,deserved,6
73,1,NPZ_UAMB,7,7,unambiguous,"Because the suspect changed, the file deserved further investigation during the jury discussions.",6,6.999973297119141,further,further,7
73,1,NPZ_UAMB,7,7,unambiguous,"Because the suspect changed, the file deserved further investigation during the jury discussions.",6,9.31101131439209,investigation,investigation,8
74,1,MVRR_UAMB,6,8,unambiguous,The suspect who was sent the file deserved further investigation given the new evidence.,7,12.036320686340332,deserved,deserved,7
74,1,MVRR_UAMB,6,8,unambiguous,The suspect who was sent the file deserved further investigation given the new evidence.,7,8.563121795654297,further,further,8
74,1,MVRR_UAMB,6,8,unambiguous,The suspect who was sent the file deserved further investigation given the new evidence.,7,8.474101066589355,investigation,investigation,9
75,2,NPS_UAMB,7,8,unambiguous,The corrupt politician mentioned that the bill received unwelcome attention from southern voters.,7,6.6344804763793945,received,received,7
75,2,NPS_UAMB,7,8,unambiguous,The corrupt politician mentioned that the bill received unwelcome attention from southern voters.,7,9.96500015258789,unwelcome,unwelcome,8
75,2,NPS_UAMB,7,8,unambiguous,The corrupt politician mentioned that the bill received unwelcome attention from southern voters.,7,2.8558127880096436,attention,attention,9
76,2,NPZ_UAMB,8,8,unambiguous,"After the corrupt politician signed, the bill received unwelcome attention from southern voters.",7,5.75108528137207,received,received,7
76,2,NPZ_UAMB,8,8,unambiguous,"After the corrupt politician signed, the bill received unwelcome attention from southern voters.",7,11.136677742004395,unwelcome,unwelcome,8
76,2,NPZ_UAMB,8,8,unambiguous,"After the corrupt politician signed, the bill received unwelcome attention from southern voters.",7,3.3208725452423096,attention,attention,9
77,2,MVRR_UAMB,7,9,unambiguous,The corrupt politician who was handed the bill received unwelcome attention from southern voters.,8,9.065722465515137,received,received,8
77,2,MVRR_UAMB,7,9,unambiguous,The corrupt politician who was handed the bill received unwelcome attention from southern voters.,8,12.158141136169434,unwelcome,unwelcome,9
77,2,MVRR_UAMB,7,9,unambiguous,The corrupt politician who was handed the bill received unwelcome attention from southern voters.,8,3.639749526977539,attention,attention,10
78,3,NPS_UAMB,6,7,unambiguous,The woman maintained that the mail disappeared mysteriously from her front porch.,6,8.30219841003418,disappeared,disappeared,6
78,3,NPS_UAMB,6,7,unambiguous,The woman maintained that the mail disappeared mysteriously from her front porch.,6,10.124921798706055,mysteriously,mysteriously,7
78,3,NPS_UAMB,6,7,unambiguous,The woman maintained that the mail disappeared mysteriously from her front porch.,6,3.1187996864318848,from,from,8
79,3,NPZ_UAMB,7,7,unambiguous,"After the woman moved, the mail disappeared mysteriously from the delivery system.",6,8.141600608825684,disappeared,disappeared,6
79,3,NPZ_UAMB,7,7,unambiguous,"After the woman moved, the mail disappeared mysteriously from the delivery system.",6,10.137503623962402,mysteriously,mysteriously,7
79,3,NPZ_UAMB,7,7,unambiguous,"After the woman moved, the mail disappeared mysteriously from the delivery system.",6,3.52829647064209,from,from,8
80,3,MVRR_UAMB,6,8,unambiguous,The woman who was brought the mail disappeared mysteriously after reading the bad news in it.,7,11.329360961914062,disappeared,disappeared,7
80,3,MVRR_UAMB,6,8,unambiguous,The woman who was brought the mail disappeared mysteriously after reading the bad news in it.,7,10.931711196899414,mysteriously,mysteriously,8
80,3,MVRR_UAMB,6,8,unambiguous,The woman who was brought the mail disappeared mysteriously after reading the bad news in it.,7,2.1740469932556152,after,after,9
81,4,NPS_UAMB,6,7,unambiguous,The boy found that the chicken stayed surprisingly happy in the new barn.,6,9.668584823608398,stayed,stayed,6
81,4,NPS_UAMB,6,7,unambiguous,The boy found that the chicken stayed surprisingly happy in the new barn.,6,11.630260467529297,surprisingly,surprisingly,7
81,4,NPS_UAMB,6,7,unambiguous,The boy found that the chicken stayed surprisingly happy in the new barn.,6,6.675405979156494,happy,happy,8
82,4,NPZ_UAMB,7,7,unambiguous,"Although the boy attacked, the chicken stayed surprisingly happy as if nothing happened.",6,8.78819465637207,stayed,stayed,6
82,4,NPZ_UAMB,7,7,unambiguous,"Although the boy attacked, the chicken stayed surprisingly happy as if nothing happened.",6,11.751151084899902,surprisingly,surprisingly,7
82,4,NPZ_UAMB,7,7,unambiguous,"Although the boy attacked, the chicken stayed surprisingly happy as if nothing happened.",6,7.046431541442871,happy,happy,8
83,4,MVRR_UAMB,6,8,unambiguous,The boy who was fed the chicken stayed surprisingly happy despite having a mild allergic reaction.,7,13.281362533569336,stayed,stayed,7
83,4,MVRR_UAMB,6,8,unambiguous,The boy who was fed the chicken stayed surprisingly happy despite having a mild allergic reaction.,7,13.699653625488281,surprisingly,surprisingly,8
83,4,MVRR_UAMB,6,8,unambiguous,The boy who was fed the chicken stayed surprisingly happy despite having a mild allergic reaction.,7,6.097420692443848,happy,happy,9
84,5,NPS_UAMB,7,8,unambiguous,The new doctor demonstrated that the operation appeared increasingly likely to succeed.,7,7.63897180557251,appeared,appeared,7
84,5,NPS_UAMB,7,8,unambiguous,The new doctor demonstrated that the operation appeared increasingly likely to succeed.,7,9.810296058654785,increasingly,increasingly,8
84,5,NPS_UAMB,7,8,unambiguous,The new doctor demonstrated that the operation appeared increasingly likely to succeed.,7,8.306546211242676,likely,likely,9
85,5,NPZ_UAMB,8,8,unambiguous,"After the new doctor left, the operation appeared increasingly likely to succeed.",7,6.83686637878418,appeared,appeared,7
85,5,NPZ_UAMB,8,8,unambiguous,"After the new doctor left, the operation appeared increasingly likely to succeed.",7,9.836495399475098,increasingly,increasingly,8
85,5,NPZ_UAMB,8,8,unambiguous,"After the new doctor left, the operation appeared increasingly likely to succeed.",7,9.111830711364746,likely,likely,9
86,5,MVRR_UAMB,7,9,unambiguous,The new doctor who was offered the operation appeared increasingly likely to succeed in her career.,8,14.2402982711792,appeared,appeared,8
86,5,MVRR_UAMB,7,9,unambiguous,The new doctor who was offered the operation appeared increasingly likely to succeed in her career.,8,11.382047653198242,increasingly,increasingly,9
86,5,MVRR_UAMB,7,9,unambiguous,The new doctor who was offered the operation appeared increasingly likely to succeed in her career.,8,8.901329040527344,likely,likely,10
87,6,NPS_UAMB,6,7,unambiguous,The professor noticed that the grant gained more attention from marine biologists.,6,8.854063034057617,gained,gained,6
87,6,NPS_UAMB,6,7,unambiguous,The professor noticed that the grant gained more attention from marine biologists.,6,3.5051188468933105,more,more,7
87,6,NPS_UAMB,6,7,unambiguous,The professor noticed that the grant gained more attention from marine biologists.,6,2.4317750930786133,attention,attention,8
88,6,NPZ_UAMB,7,7,unambiguous,"After the professor read, the grant gained more attention due to her excellent description.",6,8.509697914123535,gained,gained,6
88,6,NPZ_UAMB,7,7,unambiguous,"After the professor read, the grant gained more attention due to her excellent description.",6,3.7934908866882324,more,more,7
88,6,NPZ_UAMB,7,7,unambiguous,"After the professor read, the grant gained more attention due to her excellent description.",6,2.1827902793884277,attention,attention,8
89,6,MVRR_UAMB,6,8,unambiguous,The professor who was awarded the grant gained more attention from marine biologists.,7,12.41462516784668,gained,gained,7
89,6,MVRR_UAMB,6,8,unambiguous,The professor who was awarded the grant gained more attention from marine biologists.,7,4.409372329711914,more,more,8
89,6,MVRR_UAMB,6,8,unambiguous,The professor who was awarded the grant gained more attention from marine biologists.,7,2.93760347366333,attention,attention,9
90,7,NPS_UAMB,6,7,unambiguous,The technician reported that the service stopped working almost immediately after the storm started.,6,7.971678733825684,stopped,stopped,6
90,7,NPS_UAMB,6,7,unambiguous,The technician reported that the service stopped working almost immediately after the storm started.,6,6.4642815589904785,working,working,7
90,7,NPS_UAMB,6,7,unambiguous,The technician reported that the service stopped working almost immediately after the storm started.,6,8.123909950256348,almost,almost,8
91,7,NPZ_UAMB,7,7,unambiguous,"After the technician called, the service stopped working almost immediately to his surprise.",6,7.838136196136475,stopped,stopped,6
91,7,NPZ_UAMB,7,7,unambiguous,"After the technician called, the service stopped working almost immediately to his surprise.",6,6.773898601531982,working,working,7
91,7,NPZ_UAMB,7,7,unambiguous,"After the technician called, the service stopped working almost immediately to his surprise.",6,8.232697486877441,almost,almost,8
92,7,MVRR_UAMB,6,8,unambiguous,The technician who was refused the service stopped working almost immediately after the argument.,7,13.914840698242188,stopped,stopped,7
92,7,MVRR_UAMB,6,8,unambiguous,The technician who was refused the service stopped working almost immediately after the argument.,7,5.9670915603637695,working,working,8
92,7,MVRR_UAMB,6,8,unambiguous,The technician who was refused the service stopped working almost immediately after the argument.,7,9.34101676940918,almost,almost,9
93,8,NPS_UAMB,6,7,unambiguous,The mechanic observed that the truck needed several more hours to be repaired.,6,6.504217147827148,needed,needed,6
93,8,NPS_UAMB,6,7,unambiguous,The mechanic observed that the truck needed several more hours to be repaired.,6,7.24678897857666,several,several,7
93,8,NPS_UAMB,6,7,unambiguous,The mechanic observed that the truck needed several more hours to be repaired.,6,3.377162456512451,more,more,8
94,8,NPZ_UAMB,7,7,unambiguous,"Because the mechanic stopped, the truck needed several more hours before it could be fully repaired.",6,6.682085990905762,needed,needed,6
94,8,NPZ_UAMB,7,7,unambiguous,"Because the mechanic stopped, the truck needed several more hours before it could be fully repaired.",6,7.281316757202148,several,several,7
94,8,NPZ_UAMB,7,7,unambiguous,"Because the mechanic stopped, the truck needed several more hours before it could be fully repaired.",6,3.400221586227417,more,more,8
95,8,MVRR_UAMB,6,8,unambiguous,The mechanic who was brought the truck needed several more hours to fully repair it.,7,8.490370750427246,needed,needed,7
95,8,MVRR_UAMB,6,8,unambiguous,The mechanic who was brought the truck needed several more hours to fully repair it.,7,8.697092056274414,several,several,8
95,8,MVRR_UAMB,6,8,unambiguous,The mechanic who was brought the truck needed several more hours to fully repair it.,7,5.709277153015137,more,more,9
96,9,NPS_UAMB,6,7,unambiguous,The guitarist knew that the song failed dramatically because of the tensions within the band.,6,7.328087329864502,failed,failed,6
96,9,NPS_UAMB,6,7,unambiguous,The guitarist knew that the song failed dramatically because of the tensions within the band.,6,10.542173385620117,dramatically,dramatically,7
96,9,NPS_UAMB,6,7,unambiguous,The guitarist knew that the song failed dramatically because of the tensions within the band.,6,3.968099355697632,because,because,8
97,9,NPZ_UAMB,7,7,unambiguous,"After the guitarist began, the song failed dramatically because he skipped the sound check.",6,6.904757976531982,failed,failed,6
97,9,NPZ_UAMB,7,7,unambiguous,"After the guitarist began, the song failed dramatically because he skipped the sound check.",6,10.429195404052734,dramatically,dramatically,7
97,9,NPZ_UAMB,7,7,unambiguous,"After the guitarist began, the song failed dramatically because he skipped the sound check.",6,5.120960712432861,because,because,8
98,9,MVRR_UAMB,6,8,unambiguous,The guitarist who was assigned the song failed dramatically because he never practiced enough.,7,11.728658676147461,failed,failed,7
98,9,MVRR_UAMB,6,8,unambiguous,The guitarist who was assigned the song failed dramatically because he never practiced enough.,7,11.88789176940918,dramatically,dramatically,8
98,9,MVRR_UAMB,6,8,unambiguous,The guitarist who was assigned the song failed dramatically because he never practiced enough.,7,4.8016133308410645,because,because,9
99,10,NPS_UAMB,6,7,unambiguous,The player revealed that the bonus remained essentially the same as in the original contract.,6,7.196593761444092,remained,remained,6
99,10,NPS_UAMB,6,7,unambiguous,The player revealed that the bonus remained essentially the same as in the original contract.,6,6.994197845458984,essentially,essentially,7
99,10,NPS_UAMB,6,7,unambiguous,The player revealed that the bonus remained essentially the same as in the original contract.,6,2.8279995918273926,the,the,8
100,10,NPZ_UAMB,7,7,unambiguous,"Although the player lost, the bonus remained essentially the same as in the original contract.",6,6.56982421875,remained,remained,6
100,10,NPZ_UAMB,7,7,unambiguous,"Although the player lost, the bonus remained essentially the same as in the original contract.",6,7.072381019592285,essentially,essentially,7
100,10,NPZ_UAMB,7,7,unambiguous,"Although the player lost, the bonus remained essentially the same as in the original contract.",6,2.7940001487731934,the,the,8
101,10,MVRR_UAMB,6,8,unambiguous,The player who was paid the bonus remained essentially the same despite his sudden fame and wealth.,7,11.219849586486816,remained,remained,7
101,10,MVRR_UAMB,6,8,unambiguous,The player who was paid the bonus remained essentially the same despite his sudden fame and wealth.,7,8.138045310974121,essentially,essentially,8
101,10,MVRR_UAMB,6,8,unambiguous,The player who was paid the bonus remained essentially the same despite his sudden fame and wealth.,7,2.6543636322021484,the,the,9
102,11,NPS_UAMB,7,8,unambiguous,The recent hire claimed that the job prepared many students for careers in media.,7,9.76842975616455,prepared,prepared,7
102,11,NPS_UAMB,7,8,unambiguous,The recent hire claimed that the job prepared many students for careers in media.,7,7.266414165496826,many,many,8
102,11,NPS_UAMB,7,8,unambiguous,The recent hire claimed that the job prepared many students for careers in media.,7,7.927348613739014,students,students,9
103,11,NPZ_UAMB,8,8,unambiguous,"Once the recent hire started, the job prepared many students for careers in media.",7,9.803523063659668,prepared,prepared,7
103,11,NPZ_UAMB,8,8,unambiguous,"Once the recent hire started, the job prepared many students for careers in media.",7,7.718599319458008,many,many,8
103,11,NPZ_UAMB,8,8,unambiguous,"Once the recent hire started, the job prepared many students for careers in media.",7,7.139071464538574,students,students,9
104,11,MVRR_UAMB,7,9,unambiguous,The recent hire who was offered the job prepared many students for careers in media.,8,11.685258865356445,prepared,prepared,8
104,11,MVRR_UAMB,7,9,unambiguous,The recent hire who was offered the job prepared many students for careers in media.,8,10.040751457214355,many,many,9
104,11,MVRR_UAMB,7,9,unambiguous,The recent hire who was offered the job prepared many students for careers in media.,8,9.421821594238281,students,students,10
105,12,NPS_UAMB,7,8,unambiguous,The assistant manager discovered that the training seemed unnecessarily demanding for new staff.,7,8.338937759399414,seemed,seemed,7
105,12,NPS_UAMB,7,8,unambiguous,The assistant manager discovered that the training seemed unnecessarily demanding for new staff.,7,10.921512603759766,unnecessarily,unnecessarily,8
105,12,NPS_UAMB,7,8,unambiguous,The assistant manager discovered that the training seemed unnecessarily demanding for new staff.,7,7.704407691955566,demanding,demanding,9
106,12,NPZ_UAMB,8,8,unambiguous,"While the assistant manager worked, the training seemed unnecessarily demanding to him.",7,9.782330513000488,seemed,seemed,7
106,12,NPZ_UAMB,8,8,unambiguous,"While the assistant manager worked, the training seemed unnecessarily demanding to him.",7,12.349149703979492,unnecessarily,unnecessarily,8
106,12,NPZ_UAMB,8,8,unambiguous,"While the assistant manager worked, the training seemed unnecessarily demanding to him.",7,6.989309310913086,demanding,demanding,9
107,12,MVRR_UAMB,7,9,unambiguous,The assistant manager who was assigned the training seemed unnecessarily demanding to new staff.,8,13.882107734680176,seemed,seemed,8
107,12,MVRR_UAMB,7,9,unambiguous,The assistant manager who was assigned the training seemed unnecessarily demanding to new staff.,8,12.894660949707031,unnecessarily,unnecessarily,9
107,12,MVRR_UAMB,7,9,unambiguous,The assistant manager who was assigned the training seemed unnecessarily demanding to new staff.,8,6.187013626098633,demanding,demanding,10
108,13,NPS_UAMB,6,7,unambiguous,The mayor showed that the document provided sufficient evidence to prove her innocence.,6,5.896732330322266,provided,provided,6
108,13,NPS_UAMB,6,7,unambiguous,The mayor showed that the document provided sufficient evidence to prove her innocence.,6,6.839412212371826,sufficient,sufficient,7
108,13,NPS_UAMB,6,7,unambiguous,The mayor showed that the document provided sufficient evidence to prove her innocence.,6,2.1147990226745605,evidence,evidence,8
109,13,NPZ_UAMB,7,7,unambiguous,"Although the mayor changed, the document provided sufficient evidence for what he had promised.",6,5.803816795349121,provided,provided,6
109,13,NPZ_UAMB,7,7,unambiguous,"Although the mayor changed, the document provided sufficient evidence for what he had promised.",6,7.052385330200195,sufficient,sufficient,7
109,13,NPZ_UAMB,7,7,unambiguous,"Although the mayor changed, the document provided sufficient evidence for what he had promised.",6,2.2735469341278076,evidence,evidence,8
110,13,MVRR_UAMB,6,8,unambiguous,The mayor who was sent the document provided sufficient evidence that it was simply blackmail.,7,9.531869888305664,provided,provided,7
110,13,MVRR_UAMB,6,8,unambiguous,The mayor who was sent the document provided sufficient evidence that it was simply blackmail.,7,8.566315650939941,sufficient,sufficient,8
110,13,MVRR_UAMB,6,8,unambiguous,The mayor who was sent the document provided sufficient evidence that it was simply blackmail.,7,3.0663809776306152,evidence,evidence,9
111,14,NPS_UAMB,7,8,unambiguous,The basketball player mentioned that the contract created another controversy in the NBA.,7,7.893946170806885,created,created,7
111,14,NPS_UAMB,7,8,unambiguous,The basketball player mentioned that the contract created another controversy in the NBA.,7,7.044724941253662,another,another,8
111,14,NPS_UAMB,7,8,unambiguous,The basketball player mentioned that the contract created another controversy in the NBA.,7,8.686087608337402,controversy,controversy,9
112,14,NPZ_UAMB,8,8,unambiguous,"After the basketball player signed, the contract created another political controversy in the NBA.",7,7.262495040893555,created,created,7
112,14,NPZ_UAMB,8,8,unambiguous,"After the basketball player signed, the contract created another political controversy in the NBA.",7,6.41763162612915,another,another,8
112,14,NPZ_UAMB,8,8,unambiguous,"After the basketball player signed, the contract created another political controversy in the NBA.",7,7.710631370544434,political,political,9
113,14,MVRR_UAMB,7,9,unambiguous,The basketball player who was handed the contract created another controversy in the NBA.,8,9.312699317932129,created,created,8
113,14,MVRR_UAMB,7,9,unambiguous,The basketball player who was handed the contract created another controversy in the NBA.,8,7.718412399291992,another,another,9
113,14,MVRR_UAMB,7,9,unambiguous,The basketball player who was handed the contract created another controversy in the NBA.,8,10.534600257873535,controversy,controversy,10
114,15,NPS_UAMB,6,7,unambiguous,The engineer maintained that the equipment required constant supervision from senior technicians.,6,4.7619524002075195,required,required,6
114,15,NPS_UAMB,6,7,unambiguous,The engineer maintained that the equipment required constant supervision from senior technicians.,6,12.030658721923828,constant,constant,7
114,15,NPS_UAMB,6,7,unambiguous,The engineer maintained that the equipment required constant supervision from senior technicians.,6,7.141919136047363,supervision,supervision,8
115,15,NPZ_UAMB,7,7,unambiguous,"After the engineer moved, the equipment required constant supervision from senior technicians.",6,4.997962474822998,required,required,6
115,15,NPZ_UAMB,7,7,unambiguous,"After the engineer moved, the equipment required constant supervision from senior technicians.",6,11.600543975830078,constant,constant,7
115,15,NPZ_UAMB,7,7,unambiguous,"After the engineer moved, the equipment required constant supervision from senior technicians.",6,7.318024158477783,supervision,supervision,8
116,15,MVRR_UAMB,6,8,unambiguous,The engineer who was brought the equipment required constant supervision from senior technicians.,7,5.952108383178711,required,required,7
116,15,MVRR_UAMB,6,8,unambiguous,The engineer who was brought the equipment required constant supervision from senior technicians.,7,13.840861320495605,constant,constant,8
116,15,MVRR_UAMB,6,8,unambiguous,The engineer who was brought the equipment required constant supervision from senior technicians.,7,9.665651321411133,supervision,supervision,9
117,16,NPS_UAMB,7,8,unambiguous,The little girl found that the lamb remained relatively calm despite the absence of its mother.,7,6.603376388549805,remained,remained,7
117,16,NPS_UAMB,7,8,unambiguous,The little girl found that the lamb remained relatively calm despite the absence of its mother.,7,6.474091053009033,relatively,relatively,8
117,16,NPS_UAMB,7,8,unambiguous,The little girl found that the lamb remained relatively calm despite the absence of its mother.,7,5.18983268737793,calm,calm,9
118,16,NPZ_UAMB,8,8,unambiguous,"When the little girl attacked, the lamb remained relatively calm despite the sudden assault.",7,6.490080833435059,remained,remained,7
118,16,NPZ_UAMB,8,8,unambiguous,"When the little girl attacked, the lamb remained relatively calm despite the sudden assault.",7,7.2826995849609375,relatively,relatively,8
118,16,NPZ_UAMB,8,8,unambiguous,"When the little girl attacked, the lamb remained relatively calm despite the sudden assault.",7,4.767560005187988,calm,calm,9
119,16,MVRR_UAMB,7,9,unambiguous,The little girl who was fed the lamb remained relatively calm despite having asked for beef.,8,11.791481971740723,remained,remained,8
119,16,MVRR_UAMB,7,9,unambiguous,The little girl who was fed the lamb remained relatively calm despite having asked for beef.,8,7.7799787521362305,relatively,relatively,9
119,16,MVRR_UAMB,7,9,unambiguous,The little girl who was fed the lamb remained relatively calm despite having asked for beef.,8,4.874794006347656,calm,calm,10
120,17,NPS_UAMB,7,8,unambiguous,The yoga instructor demonstrated that the position demanded immense physical effort from everyone.,7,9.674960136413574,demanded,demanded,7
120,17,NPS_UAMB,7,8,unambiguous,The yoga instructor demonstrated that the position demanded immense physical effort from everyone.,7,11.83237361907959,immense,immense,8
120,17,NPS_UAMB,7,8,unambiguous,The yoga instructor demonstrated that the position demanded immense physical effort from everyone.,7,6.194415092468262,physical,physical,9
121,17,NPZ_UAMB,8,8,unambiguous,"Before the yoga instructor left, the position demanded immense physical effort from everyone.",7,8.329757690429688,demanded,demanded,7
121,17,NPZ_UAMB,8,8,unambiguous,"Before the yoga instructor left, the position demanded immense physical effort from everyone.",7,12.621488571166992,immense,immense,8
121,17,NPZ_UAMB,8,8,unambiguous,"Before the yoga instructor left, the position demanded immense physical effort from everyone.",7,6.683779716491699,physical,physical,9
122,17,MVRR_UAMB,7,9,unambiguous,The yoga instructor who was offered the position demanded immense physical effort from everyone.,8,12.541304588317871,demanded,demanded,8
122,17,MVRR_UAMB,7,9,unambiguous,The yoga instructor who was offered the position demanded immense physical effort from everyone.,8,15.715147018432617,immense,immense,9
122,17,MVRR_UAMB,7,9,unambiguous,The yoga instructor who was offered the position demanded immense physical effort from everyone.,8,6.4915008544921875,physical,physical,10
123,18,NPS_UAMB,6,7,unambiguous,The governor noticed that the contract received sweeping support across the entire state.,6,7.269373416900635,received,received,6
123,18,NPS_UAMB,6,7,unambiguous,The governor noticed that the contract received sweeping support across the entire state.,6,11.433477401733398,sweeping,sweeping,7
123,18,NPS_UAMB,6,7,unambiguous,The governor noticed that the contract received sweeping support across the entire state.,6,4.160163879394531,support,support,8
124,18,NPZ_UAMB,7,7,unambiguous,"While the governor read, the contract received sweeping support from the audience at the rally.",6,6.010617733001709,received,received,6
124,18,NPZ_UAMB,7,7,unambiguous,"While the governor read, the contract received sweeping support from the audience at the rally.",6,11.741752624511719,sweeping,sweeping,7
124,18,NPZ_UAMB,7,7,unambiguous,"While the governor read, the contract received sweeping support from the audience at the rally.",6,3.9655017852783203,support,support,8
125,18,MVRR_UAMB,6,8,unambiguous,The governor who was awarded the contract received sweeping support across the entire state.,7,9.401556968688965,received,received,7
125,18,MVRR_UAMB,6,8,unambiguous,The governor who was awarded the contract received sweeping support across the entire state.,7,13.5929536819458,sweeping,sweeping,8
125,18,MVRR_UAMB,6,8,unambiguous,The governor who was awarded the contract received sweeping support across the entire state.,7,4.998027324676514,support,support,9
126,19,NPS_UAMB,6,7,unambiguous,The patient reported that the treatment continued causing uncomfortable side effects like nausea.,6,8.050756454467773,continued,continued,6
126,19,NPS_UAMB,6,7,unambiguous,The patient reported that the treatment continued causing uncomfortable side effects like nausea.,6,9.688034057617188,causing,causing,7
126,19,NPS_UAMB,6,7,unambiguous,The patient reported that the treatment continued causing uncomfortable side effects like nausea.,6,12.368264198303223,uncomfortable,uncomfortable,8
127,19,NPZ_UAMB,7,7,unambiguous,"Before the patient called, the treatment continued causing uncomfortable side effects like nausea.",6,8.06682014465332,continued,continued,6
127,19,NPZ_UAMB,7,7,unambiguous,"Before the patient called, the treatment continued causing uncomfortable side effects like nausea.",6,10.089861869812012,causing,causing,7
127,19,NPZ_UAMB,7,7,unambiguous,"Before the patient called, the treatment continued causing uncomfortable side effects like nausea.",6,12.283391952514648,uncomfortable,uncomfortable,8
128,19,MVRR_UAMB,6,8,unambiguous,The patient who was refused the treatment continued causing uncomfortable scenes in the ER.,7,13.03197956085205,continued,continued,7
128,19,MVRR_UAMB,6,8,unambiguous,The patient who was refused the treatment continued causing uncomfortable scenes in the ER.,7,10.376567840576172,causing,causing,8
128,19,MVRR_UAMB,6,8,unambiguous,The patient who was refused the treatment continued causing uncomfortable scenes in the ER.,7,12.091042518615723,uncomfortable,uncomfortable,9
129,20,NPS_UAMB,6,7,unambiguous,The operator observed that the machine started working efficiently all of a sudden.,6,7.365818977355957,started,started,6
129,20,NPS_UAMB,6,7,unambiguous,The operator observed that the machine started working efficiently all of a sudden.,6,6.036670684814453,working,working,7
129,20,NPS_UAMB,6,7,unambiguous,The operator observed that the machine started working efficiently all of a sudden.,6,9.206640243530273,efficiently,efficiently,8
130,20,NPZ_UAMB,7,7,unambiguous,"Once the operator stopped, the machine started working efficiently without any supervision.",6,5.902658939361572,started,started,6
130,20,NPZ_UAMB,7,7,unambiguous,"Once the operator stopped, the machine started working efficiently without any supervision.",6,6.2405924797058105,working,working,7
130,20,NPZ_UAMB,7,7,unambiguous,"Once the operator stopped, the machine started working efficiently without any supervision.",6,9.701848030090332,efficiently,efficiently,8
131,20,MVRR_UAMB,6,8,unambiguous,The operator who was brought the machine started working efficiently with the added automation.,7,8.791876792907715,started,started,7
131,20,MVRR_UAMB,6,8,unambiguous,The operator who was brought the machine started working efficiently with the added automation.,7,6.530412197113037,working,working,8
131,20,MVRR_UAMB,6,8,unambiguous,The operator who was brought the machine started working efficiently with the added automation.,7,10.239645004272461,efficiently,efficiently,9
132,21,NPS_UAMB,6,7,unambiguous,The dancer knew that the ballet achieved incredible success for a small local production.,6,9.327726364135742,achieved,achieved,6
132,21,NPS_UAMB,6,7,unambiguous,The dancer knew that the ballet achieved incredible success for a small local production.,6,10.049203872680664,incredible,incredible,7
132,21,NPS_UAMB,6,7,unambiguous,The dancer knew that the ballet achieved incredible success for a small local production.,6,1.8619322776794434,success,success,8
133,21,NPZ_UAMB,7,7,unambiguous,"Once the dancer began, the ballet achieved incredible success for a show with a new performer.",6,8.200150489807129,achieved,achieved,6
133,21,NPZ_UAMB,7,7,unambiguous,"Once the dancer began, the ballet achieved incredible success for a show with a new performer.",6,9.735366821289062,incredible,incredible,7
133,21,NPZ_UAMB,7,7,unambiguous,"Once the dancer began, the ballet achieved incredible success for a show with a new performer.",6,2.419649124145508,success,success,8
134,21,MVRR_UAMB,6,8,unambiguous,The dancer who was assigned the ballet achieved incredible success for a new performer.,7,12.673238754272461,achieved,achieved,7
134,21,MVRR_UAMB,6,8,unambiguous,The dancer who was assigned the ballet achieved incredible success for a new performer.,7,12.133910179138184,incredible,incredible,8
134,21,MVRR_UAMB,6,8,unambiguous,The dancer who was assigned the ballet achieved incredible success for a new performer.,7,3.707150459289551,success,success,9
135,22,NPS_UAMB,6,7,unambiguous,The contestant revealed that the money became unavailable to him when the show\'s budget shrank.,6,6.747838973999023,became,became,6
135,22,NPS_UAMB,6,7,unambiguous,The contestant revealed that the money became unavailable to him when the show\'s budget shrank.,6,8.191502571105957,unavailable,unavailable,7
135,22,NPS_UAMB,6,7,unambiguous,The contestant revealed that the money became unavailable to him when the show\'s budget shrank.,6,3.0644965171813965,to,to,8
136,22,NPZ_UAMB,7,7,unambiguous,"After the contestant lost, the money became unavailable despite his previous three wins in a row.",6,5.910539627075195,became,became,6
136,22,NPZ_UAMB,7,7,unambiguous,"After the contestant lost, the money became unavailable despite his previous three wins in a row.",6,7.423331260681152,unavailable,unavailable,7
136,22,NPZ_UAMB,7,7,unambiguous,"After the contestant lost, the money became unavailable despite his previous three wins in a row.",6,7.0702619552612305,despite,despite,8
137,22,MVRR_UAMB,6,8,unambiguous,The contestant who was paid the money became unavailable and suddenly terminated his contract.,7,9.613164901733398,became,became,7
137,22,MVRR_UAMB,6,8,unambiguous,The contestant who was paid the money became unavailable and suddenly terminated his contract.,7,7.142071723937988,unavailable,unavailable,8
137,22,MVRR_UAMB,6,8,unambiguous,The contestant who was paid the money became unavailable and suddenly terminated his contract.,7,2.988288402557373,and,and,9
138,23,NPS_UAMB,7,8,unambiguous,The new chef claimed that the restaurant separated mediocre cooks from gifted ones.,7,11.031363487243652,separated,separated,7
138,23,NPS_UAMB,7,8,unambiguous,The new chef claimed that the restaurant separated mediocre cooks from gifted ones.,7,13.5965576171875,mediocre,mediocre,8
138,23,NPS_UAMB,7,8,unambiguous,The new chef claimed that the restaurant separated mediocre cooks from gifted ones.,7,12.726655006408691,cooks,cooks,9
139,23,NPZ_UAMB,8,8,unambiguous,"Once the new chef started, the restaurant separated mediocre cooks from gifted ones.",7,9.651132583618164,separated,separated,7
139,23,NPZ_UAMB,8,8,unambiguous,"Once the new chef started, the restaurant separated mediocre cooks from gifted ones.",7,14.114994049072266,mediocre,mediocre,8
139,23,NPZ_UAMB,8,8,unambiguous,"Once the new chef started, the restaurant separated mediocre cooks from gifted ones.",7,12.356182098388672,cooks,cooks,9
140,23,MVRR_UAMB,7,9,unambiguous,The new chef who was offered the restaurant separated mediocre cooks from gifted ones.,8,11.676706314086914,separated,separated,8
140,23,MVRR_UAMB,7,9,unambiguous,The new chef who was offered the restaurant separated mediocre cooks from gifted ones.,8,15.6563138961792,mediocre,mediocre,9
140,23,MVRR_UAMB,7,9,unambiguous,The new chef who was offered the restaurant separated mediocre cooks from gifted ones.,8,13.838022232055664,cooks,cooks,10
141,24,NPS_UAMB,7,8,unambiguous,The apprentice baker discovered that the oven produced smaller cakes because it heated too fast.,7,6.4533796310424805,produced,produced,7
141,24,NPS_UAMB,7,8,unambiguous,The apprentice baker discovered that the oven produced smaller cakes because it heated too fast.,7,8.324668884277344,smaller,smaller,8
141,24,NPS_UAMB,7,8,unambiguous,The apprentice baker discovered that the oven produced smaller cakes because it heated too fast.,7,10.034255981445312,cakes,cakes,9
142,24,NPZ_UAMB,8,8,unambiguous,"When the apprentice baker worked, the oven produced smaller cakes because he lacked experience.",7,6.135950088500977,produced,produced,7
142,24,NPZ_UAMB,8,8,unambiguous,"When the apprentice baker worked, the oven produced smaller cakes because he lacked experience.",7,8.657395362854004,smaller,smaller,8
142,24,NPZ_UAMB,8,8,unambiguous,"When the apprentice baker worked, the oven produced smaller cakes because he lacked experience.",7,9.161787033081055,cakes,cakes,9
143,24,MVRR_UAMB,7,9,unambiguous,The apprentice baker who was assigned the oven produced smaller cakes because he lacked experience.,8,8.732181549072266,produced,produced,8
143,24,MVRR_UAMB,7,9,unambiguous,The apprentice baker who was assigned the oven produced smaller cakes because he lacked experience.,8,11.969720840454102,smaller,smaller,9
143,24,MVRR_UAMB,7,9,unambiguous,The apprentice baker who was assigned the oven produced smaller cakes because he lacked experience.,8,9.644449234008789,cakes,cakes,10
