,Corresponding NP/Z item,Main clause subject number,Condition,disambPosition,Sentence,Question,Option1,Option0,Correct answer,Question target,disambPosition_0idx,surprisal,token,word,word_pos
0,1,plural,UNAGREE,7,"If the supervisor changes, the schedules deserves further inspection by the rest of the staff.",Do the schedules ever deserve closer inspection?,Yes,No,1,Main clause,7,-1,If,If,0
0,1,plural,UNAGREE,7,"If the supervisor changes, the schedules deserves further inspection by the rest of the staff.",Do the schedules ever deserve closer inspection?,Yes,No,1,Main clause,7,1.562696099281311,the,the,1
0,1,plural,UNAGREE,7,"If the supervisor changes, the schedules deserves further inspection by the rest of the staff.",Do the schedules ever deserve closer inspection?,Yes,No,1,Main clause,7,11.915098190307617,supervisor,supervisor,2
0,1,plural,UNAGREE,7,"If the supervisor changes, the schedules deserves further inspection by the rest of the staff.",Do the schedules ever deserve closer inspection?,Yes,No,1,Main clause,7,6.420903205871582,"changes.,","changes,",3
0,1,plural,UNAGREE,7,"If the supervisor changes, the schedules deserves further inspection by the rest of the staff.",Do the schedules ever deserve closer inspection?,Yes,No,1,Main clause,7,2.9156670570373535,the,the,4
0,1,plural,UNAGREE,7,"If the supervisor changes, the schedules deserves further inspection by the rest of the staff.",Do the schedules ever deserve closer inspection?,Yes,No,1,Main clause,7,11.903348922729492,schedules,schedules,5
0,1,plural,UNAGREE,7,"If the supervisor changes, the schedules deserves further inspection by the rest of the staff.",Do the schedules ever deserve closer inspection?,Yes,No,1,Main clause,7,14.258756637573242,deserves,deserves,6
0,1,plural,UNAGREE,7,"If the supervisor changes, the schedules deserves further inspection by the rest of the staff.",Do the schedules ever deserve closer inspection?,Yes,No,1,Main clause,7,6.245443344116211,further,further,7
0,1,plural,UNAGREE,7,"If the supervisor changes, the schedules deserves further inspection by the rest of the staff.",Do the schedules ever deserve closer inspection?,Yes,No,1,Main clause,7,11.337191581726074,inspection,inspection,8
0,1,plural,UNAGREE,7,"If the supervisor changes, the schedules deserves further inspection by the rest of the staff.",Do the schedules ever deserve closer inspection?,Yes,No,1,Main clause,7,3.873340129852295,by,by,9
0,1,plural,UNAGREE,7,"If the supervisor changes, the schedules deserves further inspection by the rest of the staff.",Do the schedules ever deserve closer inspection?,Yes,No,1,Main clause,7,1.0033693313598633,the,the,10
0,1,plural,UNAGREE,7,"If the supervisor changes, the schedules deserves further inspection by the rest of the staff.",Do the schedules ever deserve closer inspection?,Yes,No,1,Main clause,7,6.217587471008301,rest,rest,11
0,1,plural,UNAGREE,7,"If the supervisor changes, the schedules deserves further inspection by the rest of the staff.",Do the schedules ever deserve closer inspection?,Yes,No,1,Main clause,7,0.11154342442750931,of,of,12
0,1,plural,UNAGREE,7,"If the supervisor changes, the schedules deserves further inspection by the rest of the staff.",Do the schedules ever deserve closer inspection?,Yes,No,1,Main clause,7,0.336970716714859,the,the,13
1,1,singular,AGREE,7,"If the supervisor changes, the schedule deserves further inspection by the rest of the staff.",Does the schedule ever deserve closer inspection?,Yes,No,1,Main clause,7,-1,If,If,0
1,1,singular,AGREE,7,"If the supervisor changes, the schedule deserves further inspection by the rest of the staff.",Does the schedule ever deserve closer inspection?,Yes,No,1,Main clause,7,1.562696099281311,the,the,1
1,1,singular,AGREE,7,"If the supervisor changes, the schedule deserves further inspection by the rest of the staff.",Does the schedule ever deserve closer inspection?,Yes,No,1,Main clause,7,11.915098190307617,supervisor,supervisor,2
1,1,singular,AGREE,7,"If the supervisor changes, the schedule deserves further inspection by the rest of the staff.",Does the schedule ever deserve closer inspection?,Yes,No,1,Main clause,7,6.420903205871582,"changes.,","changes,",3
1,1,singular,AGREE,7,"If the supervisor changes, the schedule deserves further inspection by the rest of the staff.",Does the schedule ever deserve closer inspection?,Yes,No,1,Main clause,7,2.9156670570373535,the,the,4
1,1,singular,AGREE,7,"If the supervisor changes, the schedule deserves further inspection by the rest of the staff.",Does the schedule ever deserve closer inspection?,Yes,No,1,Main clause,7,9.372232437133789,schedule,schedule,5
1,1,singular,AGREE,7,"If the supervisor changes, the schedule deserves further inspection by the rest of the staff.",Does the schedule ever deserve closer inspection?,Yes,No,1,Main clause,7,10.73379135131836,deserves,deserves,6
1,1,singular,AGREE,7,"If the supervisor changes, the schedule deserves further inspection by the rest of the staff.",Does the schedule ever deserve closer inspection?,Yes,No,1,Main clause,7,6.199028491973877,further,further,7
1,1,singular,AGREE,7,"If the supervisor changes, the schedule deserves further inspection by the rest of the staff.",Does the schedule ever deserve closer inspection?,Yes,No,1,Main clause,7,11.331759452819824,inspection,inspection,8
1,1,singular,AGREE,7,"If the supervisor changes, the schedule deserves further inspection by the rest of the staff.",Does the schedule ever deserve closer inspection?,Yes,No,1,Main clause,7,3.7560694217681885,by,by,9
1,1,singular,AGREE,7,"If the supervisor changes, the schedule deserves further inspection by the rest of the staff.",Does the schedule ever deserve closer inspection?,Yes,No,1,Main clause,7,0.9577124118804932,the,the,10
1,1,singular,AGREE,7,"If the supervisor changes, the schedule deserves further inspection by the rest of the staff.",Does the schedule ever deserve closer inspection?,Yes,No,1,Main clause,7,6.334626197814941,rest,rest,11
1,1,singular,AGREE,7,"If the supervisor changes, the schedule deserves further inspection by the rest of the staff.",Does the schedule ever deserve closer inspection?,Yes,No,1,Main clause,7,0.08719705045223236,of,of,12
1,1,singular,AGREE,7,"If the supervisor changes, the schedule deserves further inspection by the rest of the staff.",Does the schedule ever deserve closer inspection?,Yes,No,1,Main clause,7,0.3264194428920746,the,the,13
2,3,plural,UNAGREE,7,"When the magician moves, the cards disappears mysteriously from his assistant\'s hand.",Do the cards ever disappear?,Yes,No,1,Main clause,7,-1,When,When,0
2,3,plural,UNAGREE,7,"When the magician moves, the cards disappears mysteriously from his assistant\'s hand.",Do the cards ever disappear?,Yes,No,1,Main clause,7,1.4908934831619263,the,the,1
2,3,plural,UNAGREE,7,"When the magician moves, the cards disappears mysteriously from his assistant\'s hand.",Do the cards ever disappear?,Yes,No,1,Main clause,7,10.68527603149414,magician,magician,2
2,3,plural,UNAGREE,7,"When the magician moves, the cards disappears mysteriously from his assistant\'s hand.",Do the cards ever disappear?,Yes,No,1,Main clause,7,6.91471529006958,"moves.,","moves,",3
2,3,plural,UNAGREE,7,"When the magician moves, the cards disappears mysteriously from his assistant\'s hand.",Do the cards ever disappear?,Yes,No,1,Main clause,7,2.769075870513916,the,the,4
2,3,plural,UNAGREE,7,"When the magician moves, the cards disappears mysteriously from his assistant\'s hand.",Do the cards ever disappear?,Yes,No,1,Main clause,7,9.76494026184082,cards,cards,5
2,3,plural,UNAGREE,7,"When the magician moves, the cards disappears mysteriously from his assistant\'s hand.",Do the cards ever disappear?,Yes,No,1,Main clause,7,11.663619995117188,disappears,disappears,6
2,3,plural,UNAGREE,7,"When the magician moves, the cards disappears mysteriously from his assistant\'s hand.",Do the cards ever disappear?,Yes,No,1,Main clause,7,10.145848274230957,mysteriously,mysteriously,7
2,3,plural,UNAGREE,7,"When the magician moves, the cards disappears mysteriously from his assistant\'s hand.",Do the cards ever disappear?,Yes,No,1,Main clause,7,4.23081111907959,from,from,8
2,3,plural,UNAGREE,7,"When the magician moves, the cards disappears mysteriously from his assistant\'s hand.",Do the cards ever disappear?,Yes,No,1,Main clause,7,3.0506768226623535,his,his,9
2,3,plural,UNAGREE,7,"When the magician moves, the cards disappears mysteriously from his assistant\'s hand.",Do the cards ever disappear?,Yes,No,1,Main clause,7,5.772750616073608,assistant.s,assistant\'s,10
3,3,singular,AGREE,7,"When the magician moves, the card disappears mysteriously from his assistant\'s hand.",Does the card ever disappear?,Yes,No,1,Main clause,7,-1,When,When,0
3,3,singular,AGREE,7,"When the magician moves, the card disappears mysteriously from his assistant\'s hand.",Does the card ever disappear?,Yes,No,1,Main clause,7,1.4908934831619263,the,the,1
3,3,singular,AGREE,7,"When the magician moves, the card disappears mysteriously from his assistant\'s hand.",Does the card ever disappear?,Yes,No,1,Main clause,7,10.68527603149414,magician,magician,2
3,3,singular,AGREE,7,"When the magician moves, the card disappears mysteriously from his assistant\'s hand.",Does the card ever disappear?,Yes,No,1,Main clause,7,6.91471529006958,"moves.,","moves,",3
3,3,singular,AGREE,7,"When the magician moves, the card disappears mysteriously from his assistant\'s hand.",Does the card ever disappear?,Yes,No,1,Main clause,7,2.769075870513916,the,the,4
3,3,singular,AGREE,7,"When the magician moves, the card disappears mysteriously from his assistant\'s hand.",Does the card ever disappear?,Yes,No,1,Main clause,7,9.25126838684082,card,card,5
3,3,singular,AGREE,7,"When the magician moves, the card disappears mysteriously from his assistant\'s hand.",Does the card ever disappear?,Yes,No,1,Main clause,7,8.008077621459961,disappears,disappears,6
3,3,singular,AGREE,7,"When the magician moves, the card disappears mysteriously from his assistant\'s hand.",Does the card ever disappear?,Yes,No,1,Main clause,7,10.296720504760742,mysteriously,mysteriously,7
3,3,singular,AGREE,7,"When the magician moves, the card disappears mysteriously from his assistant\'s hand.",Does the card ever disappear?,Yes,No,1,Main clause,7,4.298379421234131,from,from,8
3,3,singular,AGREE,7,"When the magician moves, the card disappears mysteriously from his assistant\'s hand.",Does the card ever disappear?,Yes,No,1,Main clause,7,2.8643155097961426,his,his,9
3,3,singular,AGREE,7,"When the magician moves, the card disappears mysteriously from his assistant\'s hand.",Does the card ever disappear?,Yes,No,1,Main clause,7,5.54541015625,assistant.s,assistant\'s,10
4,5,plural,UNAGREE,7,"Whenever the lawyer leaves, his clients appears increasingly uncomfortable in the courtroom.",Do the clients always look comfortable in the courtroom?,Yes,No,0,Main clause,7,-1,Whenever,Whenever,0
4,5,plural,UNAGREE,7,"Whenever the lawyer leaves, his clients appears increasingly uncomfortable in the courtroom.",Do the clients always look comfortable in the courtroom?,Yes,No,0,Main clause,7,1.5655405521392822,the,the,1
4,5,plural,UNAGREE,7,"Whenever the lawyer leaves, his clients appears increasingly uncomfortable in the courtroom.",Do the clients always look comfortable in the courtroom?,Yes,No,0,Main clause,7,10.476216316223145,lawyer,lawyer,2
4,5,plural,UNAGREE,7,"Whenever the lawyer leaves, his clients appears increasingly uncomfortable in the courtroom.",Do the clients always look comfortable in the courtroom?,Yes,No,0,Main clause,7,5.1632972955703735,"leaves.,","leaves,",3
4,5,plural,UNAGREE,7,"Whenever the lawyer leaves, his clients appears increasingly uncomfortable in the courtroom.",Do the clients always look comfortable in the courtroom?,Yes,No,0,Main clause,7,5.1926140785217285,his,his,4
4,5,plural,UNAGREE,7,"Whenever the lawyer leaves, his clients appears increasingly uncomfortable in the courtroom.",Do the clients always look comfortable in the courtroom?,Yes,No,0,Main clause,7,7.92923641204834,clients,clients,5
4,5,plural,UNAGREE,7,"Whenever the lawyer leaves, his clients appears increasingly uncomfortable in the courtroom.",Do the clients always look comfortable in the courtroom?,Yes,No,0,Main clause,7,10.366518020629883,appears,appears,6
4,5,plural,UNAGREE,7,"Whenever the lawyer leaves, his clients appears increasingly uncomfortable in the courtroom.",Do the clients always look comfortable in the courtroom?,Yes,No,0,Main clause,7,9.475225448608398,increasingly,increasingly,7
4,5,plural,UNAGREE,7,"Whenever the lawyer leaves, his clients appears increasingly uncomfortable in the courtroom.",Do the clients always look comfortable in the courtroom?,Yes,No,0,Main clause,7,5.872700214385986,uncomfortable,uncomfortable,8
4,5,plural,UNAGREE,7,"Whenever the lawyer leaves, his clients appears increasingly uncomfortable in the courtroom.",Do the clients always look comfortable in the courtroom?,Yes,No,0,Main clause,7,2.543717861175537,in,in,9
4,5,plural,UNAGREE,7,"Whenever the lawyer leaves, his clients appears increasingly uncomfortable in the courtroom.",Do the clients always look comfortable in the courtroom?,Yes,No,0,Main clause,7,1.0869996547698975,the,the,10
5,5,singular,AGREE,7,"Whenever the lawyer leaves, his client appears increasingly uncomfortable in the courtroom.",Does the client always look comfortable in the courtroom?,Yes,No,0,Main clause,7,-1,Whenever,Whenever,0
5,5,singular,AGREE,7,"Whenever the lawyer leaves, his client appears increasingly uncomfortable in the courtroom.",Does the client always look comfortable in the courtroom?,Yes,No,0,Main clause,7,1.5655405521392822,the,the,1
5,5,singular,AGREE,7,"Whenever the lawyer leaves, his client appears increasingly uncomfortable in the courtroom.",Does the client always look comfortable in the courtroom?,Yes,No,0,Main clause,7,10.476216316223145,lawyer,lawyer,2
5,5,singular,AGREE,7,"Whenever the lawyer leaves, his client appears increasingly uncomfortable in the courtroom.",Does the client always look comfortable in the courtroom?,Yes,No,0,Main clause,7,5.1632972955703735,"leaves.,","leaves,",3
5,5,singular,AGREE,7,"Whenever the lawyer leaves, his client appears increasingly uncomfortable in the courtroom.",Does the client always look comfortable in the courtroom?,Yes,No,0,Main clause,7,5.1926140785217285,his,his,4
5,5,singular,AGREE,7,"Whenever the lawyer leaves, his client appears increasingly uncomfortable in the courtroom.",Does the client always look comfortable in the courtroom?,Yes,No,0,Main clause,7,7.363207817077637,client,client,5
5,5,singular,AGREE,7,"Whenever the lawyer leaves, his client appears increasingly uncomfortable in the courtroom.",Does the client always look comfortable in the courtroom?,Yes,No,0,Main clause,7,6.368017673492432,appears,appears,6
5,5,singular,AGREE,7,"Whenever the lawyer leaves, his client appears increasingly uncomfortable in the courtroom.",Does the client always look comfortable in the courtroom?,Yes,No,0,Main clause,7,10.080514907836914,increasingly,increasingly,7
5,5,singular,AGREE,7,"Whenever the lawyer leaves, his client appears increasingly uncomfortable in the courtroom.",Does the client always look comfortable in the courtroom?,Yes,No,0,Main clause,7,5.6660966873168945,uncomfortable,uncomfortable,8
5,5,singular,AGREE,7,"Whenever the lawyer leaves, his client appears increasingly uncomfortable in the courtroom.",Does the client always look comfortable in the courtroom?,Yes,No,0,Main clause,7,2.702982187271118,in,in,9
5,5,singular,AGREE,7,"Whenever the lawyer leaves, his client appears increasingly uncomfortable in the courtroom.",Does the client always look comfortable in the courtroom?,Yes,No,0,Main clause,7,1.1085140705108643,the,the,10
6,6,plural,UNAGREE,8,"After the esteemed reviewer reads, the books gains more attention due to his glowing praise.",Does the esteemed reviewer like the books?,Yes,No,1,Main clause,8,-1,After,After,0
6,6,plural,UNAGREE,8,"After the esteemed reviewer reads, the books gains more attention due to his glowing praise.",Does the esteemed reviewer like the books?,Yes,No,1,Main clause,8,1.297221302986145,the,the,1
6,6,plural,UNAGREE,8,"After the esteemed reviewer reads, the books gains more attention due to his glowing praise.",Does the esteemed reviewer like the books?,Yes,No,1,Main clause,8,13.481842994689941,esteemed,esteemed,2
6,6,plural,UNAGREE,8,"After the esteemed reviewer reads, the books gains more attention due to his glowing praise.",Does the esteemed reviewer like the books?,Yes,No,1,Main clause,8,9.141647338867188,reviewer,reviewer,3
6,6,plural,UNAGREE,8,"After the esteemed reviewer reads, the books gains more attention due to his glowing praise.",Does the esteemed reviewer like the books?,Yes,No,1,Main clause,8,5.626544713973999,"reads.,","reads,",4
6,6,plural,UNAGREE,8,"After the esteemed reviewer reads, the books gains more attention due to his glowing praise.",Does the esteemed reviewer like the books?,Yes,No,1,Main clause,8,4.962401866912842,the,the,5
6,6,plural,UNAGREE,8,"After the esteemed reviewer reads, the books gains more attention due to his glowing praise.",Does the esteemed reviewer like the books?,Yes,No,1,Main clause,8,7.837541580200195,books,books,6
6,6,plural,UNAGREE,8,"After the esteemed reviewer reads, the books gains more attention due to his glowing praise.",Does the esteemed reviewer like the books?,Yes,No,1,Main clause,8,14.358806610107422,gains,gains,7
6,6,plural,UNAGREE,8,"After the esteemed reviewer reads, the books gains more attention due to his glowing praise.",Does the esteemed reviewer like the books?,Yes,No,1,Main clause,8,3.4547183513641357,more,more,8
6,6,plural,UNAGREE,8,"After the esteemed reviewer reads, the books gains more attention due to his glowing praise.",Does the esteemed reviewer like the books?,Yes,No,1,Main clause,8,3.176913261413574,attention,attention,9
6,6,plural,UNAGREE,8,"After the esteemed reviewer reads, the books gains more attention due to his glowing praise.",Does the esteemed reviewer like the books?,Yes,No,1,Main clause,8,6.89842414855957,due,due,10
6,6,plural,UNAGREE,8,"After the esteemed reviewer reads, the books gains more attention due to his glowing praise.",Does the esteemed reviewer like the books?,Yes,No,1,Main clause,8,0.00400431826710701,to,to,11
6,6,plural,UNAGREE,8,"After the esteemed reviewer reads, the books gains more attention due to his glowing praise.",Does the esteemed reviewer like the books?,Yes,No,1,Main clause,8,3.0624752044677734,his,his,12
6,6,plural,UNAGREE,8,"After the esteemed reviewer reads, the books gains more attention due to his glowing praise.",Does the esteemed reviewer like the books?,Yes,No,1,Main clause,8,10.207860946655273,glowing,glowing,13
7,6,singular,AGREE,8,"After the esteemed reviewer reads, the book gains more attention due to his glowing praise.",Does the esteemed reviewer like the book?,Yes,No,1,Main clause,8,-1,After,After,0
7,6,singular,AGREE,8,"After the esteemed reviewer reads, the book gains more attention due to his glowing praise.",Does the esteemed reviewer like the book?,Yes,No,1,Main clause,8,1.297221302986145,the,the,1
7,6,singular,AGREE,8,"After the esteemed reviewer reads, the book gains more attention due to his glowing praise.",Does the esteemed reviewer like the book?,Yes,No,1,Main clause,8,13.481842994689941,esteemed,esteemed,2
7,6,singular,AGREE,8,"After the esteemed reviewer reads, the book gains more attention due to his glowing praise.",Does the esteemed reviewer like the book?,Yes,No,1,Main clause,8,9.141647338867188,reviewer,reviewer,3
7,6,singular,AGREE,8,"After the esteemed reviewer reads, the book gains more attention due to his glowing praise.",Does the esteemed reviewer like the book?,Yes,No,1,Main clause,8,5.626544713973999,"reads.,","reads,",4
7,6,singular,AGREE,8,"After the esteemed reviewer reads, the book gains more attention due to his glowing praise.",Does the esteemed reviewer like the book?,Yes,No,1,Main clause,8,4.962401866912842,the,the,5
7,6,singular,AGREE,8,"After the esteemed reviewer reads, the book gains more attention due to his glowing praise.",Does the esteemed reviewer like the book?,Yes,No,1,Main clause,8,4.856346130371094,book,book,6
7,6,singular,AGREE,8,"After the esteemed reviewer reads, the book gains more attention due to his glowing praise.",Does the esteemed reviewer like the book?,Yes,No,1,Main clause,8,11.624531745910645,gains,gains,7
7,6,singular,AGREE,8,"After the esteemed reviewer reads, the book gains more attention due to his glowing praise.",Does the esteemed reviewer like the book?,Yes,No,1,Main clause,8,3.3597164154052734,more,more,8
7,6,singular,AGREE,8,"After the esteemed reviewer reads, the book gains more attention due to his glowing praise.",Does the esteemed reviewer like the book?,Yes,No,1,Main clause,8,3.1587250232696533,attention,attention,9
7,6,singular,AGREE,8,"After the esteemed reviewer reads, the book gains more attention due to his glowing praise.",Does the esteemed reviewer like the book?,Yes,No,1,Main clause,8,7.0178632736206055,due,due,10
7,6,singular,AGREE,8,"After the esteemed reviewer reads, the book gains more attention due to his glowing praise.",Does the esteemed reviewer like the book?,Yes,No,1,Main clause,8,0.004509754944592714,to,to,11
7,6,singular,AGREE,8,"After the esteemed reviewer reads, the book gains more attention due to his glowing praise.",Does the esteemed reviewer like the book?,Yes,No,1,Main clause,8,2.9640755653381348,his,his,12
7,6,singular,AGREE,8,"After the esteemed reviewer reads, the book gains more attention due to his glowing praise.",Does the esteemed reviewer like the book?,Yes,No,1,Main clause,8,10.45265007019043,glowing,glowing,13
8,7,plural,UNAGREE,7,"Whenever the nurse calls, the doctors stops working immediately to check on the patient.",Does the nurse call the patient?,Yes,No,0,Both,7,-1,Whenever,Whenever,0
8,7,plural,UNAGREE,7,"Whenever the nurse calls, the doctors stops working immediately to check on the patient.",Does the nurse call the patient?,Yes,No,0,Both,7,1.5655405521392822,the,the,1
8,7,plural,UNAGREE,7,"Whenever the nurse calls, the doctors stops working immediately to check on the patient.",Does the nurse call the patient?,Yes,No,0,Both,7,10.262412071228027,nurse,nurse,2
8,7,plural,UNAGREE,7,"Whenever the nurse calls, the doctors stops working immediately to check on the patient.",Does the nurse call the patient?,Yes,No,0,Both,7,6.104228258132935,"calls.,","calls,",3
8,7,plural,UNAGREE,7,"Whenever the nurse calls, the doctors stops working immediately to check on the patient.",Does the nurse call the patient?,Yes,No,0,Both,7,3.262030601501465,the,the,4
8,7,plural,UNAGREE,7,"Whenever the nurse calls, the doctors stops working immediately to check on the patient.",Does the nurse call the patient?,Yes,No,0,Both,7,9.01535701751709,doctors,doctors,5
8,7,plural,UNAGREE,7,"Whenever the nurse calls, the doctors stops working immediately to check on the patient.",Does the nurse call the patient?,Yes,No,0,Both,7,13.05416488647461,stops,stops,6
8,7,plural,UNAGREE,7,"Whenever the nurse calls, the doctors stops working immediately to check on the patient.",Does the nurse call the patient?,Yes,No,0,Both,7,6.609209060668945,working,working,7
8,7,plural,UNAGREE,7,"Whenever the nurse calls, the doctors stops working immediately to check on the patient.",Does the nurse call the patient?,Yes,No,0,Both,7,8.463732719421387,immediately,immediately,8
8,7,plural,UNAGREE,7,"Whenever the nurse calls, the doctors stops working immediately to check on the patient.",Does the nurse call the patient?,Yes,No,0,Both,7,2.2412376403808594,to,to,9
8,7,plural,UNAGREE,7,"Whenever the nurse calls, the doctors stops working immediately to check on the patient.",Does the nurse call the patient?,Yes,No,0,Both,7,5.755183219909668,check,check,10
8,7,plural,UNAGREE,7,"Whenever the nurse calls, the doctors stops working immediately to check on the patient.",Does the nurse call the patient?,Yes,No,0,Both,7,2.451230525970459,on,on,11
8,7,plural,UNAGREE,7,"Whenever the nurse calls, the doctors stops working immediately to check on the patient.",Does the nurse call the patient?,Yes,No,0,Both,7,1.1832489967346191,the,the,12
9,7,singular,AGREE,7,"Whenever the nurse calls, the doctor stops working immediately to check on the patient.",Does the nurse call the patient?,Yes,No,0,Both,7,-1,Whenever,Whenever,0
9,7,singular,AGREE,7,"Whenever the nurse calls, the doctor stops working immediately to check on the patient.",Does the nurse call the patient?,Yes,No,0,Both,7,1.5655405521392822,the,the,1
9,7,singular,AGREE,7,"Whenever the nurse calls, the doctor stops working immediately to check on the patient.",Does the nurse call the patient?,Yes,No,0,Both,7,10.262412071228027,nurse,nurse,2
9,7,singular,AGREE,7,"Whenever the nurse calls, the doctor stops working immediately to check on the patient.",Does the nurse call the patient?,Yes,No,0,Both,7,6.104228258132935,"calls.,","calls,",3
9,7,singular,AGREE,7,"Whenever the nurse calls, the doctor stops working immediately to check on the patient.",Does the nurse call the patient?,Yes,No,0,Both,7,3.262030601501465,the,the,4
9,7,singular,AGREE,7,"Whenever the nurse calls, the doctor stops working immediately to check on the patient.",Does the nurse call the patient?,Yes,No,0,Both,7,6.496659278869629,doctor,doctor,5
9,7,singular,AGREE,7,"Whenever the nurse calls, the doctor stops working immediately to check on the patient.",Does the nurse call the patient?,Yes,No,0,Both,7,10.318675994873047,stops,stops,6
9,7,singular,AGREE,7,"Whenever the nurse calls, the doctor stops working immediately to check on the patient.",Does the nurse call the patient?,Yes,No,0,Both,7,6.778224945068359,working,working,7
9,7,singular,AGREE,7,"Whenever the nurse calls, the doctor stops working immediately to check on the patient.",Does the nurse call the patient?,Yes,No,0,Both,7,8.581143379211426,immediately,immediately,8
9,7,singular,AGREE,7,"Whenever the nurse calls, the doctor stops working immediately to check on the patient.",Does the nurse call the patient?,Yes,No,0,Both,7,2.366513252258301,to,to,9
9,7,singular,AGREE,7,"Whenever the nurse calls, the doctor stops working immediately to check on the patient.",Does the nurse call the patient?,Yes,No,0,Both,7,5.8435773849487305,check,check,10
9,7,singular,AGREE,7,"Whenever the nurse calls, the doctor stops working immediately to check on the patient.",Does the nurse call the patient?,Yes,No,0,Both,7,2.515665292739868,on,on,11
9,7,singular,AGREE,7,"Whenever the nurse calls, the doctor stops working immediately to check on the patient.",Does the nurse call the patient?,Yes,No,0,Both,7,1.1813902854919434,the,the,12
10,8,plural,UNAGREE,7,"When the lecturer stops, her audiences needs several minutes to reflect on the content.",Does the lecturer stop her audiences?,Yes,No,0,Ambiguity (incorrect),7,-1,When,When,0
10,8,plural,UNAGREE,7,"When the lecturer stops, her audiences needs several minutes to reflect on the content.",Does the lecturer stop her audiences?,Yes,No,0,Ambiguity (incorrect),7,1.4908934831619263,the,the,1
10,8,plural,UNAGREE,7,"When the lecturer stops, her audiences needs several minutes to reflect on the content.",Does the lecturer stop her audiences?,Yes,No,0,Ambiguity (incorrect),7,13.62946891784668,lecturer,lecturer,2
10,8,plural,UNAGREE,7,"When the lecturer stops, her audiences needs several minutes to reflect on the content.",Does the lecturer stop her audiences?,Yes,No,0,Ambiguity (incorrect),7,6.606557607650757,"stops.,","stops,",3
10,8,plural,UNAGREE,7,"When the lecturer stops, her audiences needs several minutes to reflect on the content.",Does the lecturer stop her audiences?,Yes,No,0,Ambiguity (incorrect),7,6.570968151092529,her,her,4
10,8,plural,UNAGREE,7,"When the lecturer stops, her audiences needs several minutes to reflect on the content.",Does the lecturer stop her audiences?,Yes,No,0,Ambiguity (incorrect),7,11.055341720581055,audiences,audiences,5
10,8,plural,UNAGREE,7,"When the lecturer stops, her audiences needs several minutes to reflect on the content.",Does the lecturer stop her audiences?,Yes,No,0,Ambiguity (incorrect),7,11.373600006103516,needs,needs,6
10,8,plural,UNAGREE,7,"When the lecturer stops, her audiences needs several minutes to reflect on the content.",Does the lecturer stop her audiences?,Yes,No,0,Ambiguity (incorrect),7,7.903260231018066,several,several,7
10,8,plural,UNAGREE,7,"When the lecturer stops, her audiences needs several minutes to reflect on the content.",Does the lecturer stop her audiences?,Yes,No,0,Ambiguity (incorrect),7,6.0036301612854,minutes,minutes,8
10,8,plural,UNAGREE,7,"When the lecturer stops, her audiences needs several minutes to reflect on the content.",Does the lecturer stop her audiences?,Yes,No,0,Ambiguity (incorrect),7,0.8828024864196777,to,to,9
10,8,plural,UNAGREE,7,"When the lecturer stops, her audiences needs several minutes to reflect on the content.",Does the lecturer stop her audiences?,Yes,No,0,Ambiguity (incorrect),7,7.518223762512207,reflect,reflect,10
10,8,plural,UNAGREE,7,"When the lecturer stops, her audiences needs several minutes to reflect on the content.",Does the lecturer stop her audiences?,Yes,No,0,Ambiguity (incorrect),7,4.124420642852783,on,on,11
10,8,plural,UNAGREE,7,"When the lecturer stops, her audiences needs several minutes to reflect on the content.",Does the lecturer stop her audiences?,Yes,No,0,Ambiguity (incorrect),7,0.7857286334037781,the,the,12
11,8,singular,AGREE,7,"When the lecturer stops, her audience needs several minutes to reflect on the content.",Does the lecturer stop her audience?,Yes,No,0,Ambiguity (incorrect),7,-1,When,When,0
11,8,singular,AGREE,7,"When the lecturer stops, her audience needs several minutes to reflect on the content.",Does the lecturer stop her audience?,Yes,No,0,Ambiguity (incorrect),7,1.4908934831619263,the,the,1
11,8,singular,AGREE,7,"When the lecturer stops, her audience needs several minutes to reflect on the content.",Does the lecturer stop her audience?,Yes,No,0,Ambiguity (incorrect),7,13.62946891784668,lecturer,lecturer,2
11,8,singular,AGREE,7,"When the lecturer stops, her audience needs several minutes to reflect on the content.",Does the lecturer stop her audience?,Yes,No,0,Ambiguity (incorrect),7,6.606557607650757,"stops.,","stops,",3
11,8,singular,AGREE,7,"When the lecturer stops, her audience needs several minutes to reflect on the content.",Does the lecturer stop her audience?,Yes,No,0,Ambiguity (incorrect),7,6.570968151092529,her,her,4
11,8,singular,AGREE,7,"When the lecturer stops, her audience needs several minutes to reflect on the content.",Does the lecturer stop her audience?,Yes,No,0,Ambiguity (incorrect),7,7.516355514526367,audience,audience,5
11,8,singular,AGREE,7,"When the lecturer stops, her audience needs several minutes to reflect on the content.",Does the lecturer stop her audience?,Yes,No,0,Ambiguity (incorrect),7,6.546808242797852,needs,needs,6
11,8,singular,AGREE,7,"When the lecturer stops, her audience needs several minutes to reflect on the content.",Does the lecturer stop her audience?,Yes,No,0,Ambiguity (incorrect),7,7.569494247436523,several,several,7
11,8,singular,AGREE,7,"When the lecturer stops, her audience needs several minutes to reflect on the content.",Does the lecturer stop her audience?,Yes,No,0,Ambiguity (incorrect),7,4.975015640258789,minutes,minutes,8
11,8,singular,AGREE,7,"When the lecturer stops, her audience needs several minutes to reflect on the content.",Does the lecturer stop her audience?,Yes,No,0,Ambiguity (incorrect),7,1.069498062133789,to,to,9
11,8,singular,AGREE,7,"When the lecturer stops, her audience needs several minutes to reflect on the content.",Does the lecturer stop her audience?,Yes,No,0,Ambiguity (incorrect),7,7.686295509338379,reflect,reflect,10
11,8,singular,AGREE,7,"When the lecturer stops, her audience needs several minutes to reflect on the content.",Does the lecturer stop her audience?,Yes,No,0,Ambiguity (incorrect),7,4.07515811920166,on,on,11
11,8,singular,AGREE,7,"When the lecturer stops, her audience needs several minutes to reflect on the content.",Does the lecturer stop her audience?,Yes,No,0,Ambiguity (incorrect),7,0.7561127543449402,the,the,12
12,9,plural,UNAGREE,7,"When the actress begins, the scenes fails dramatically despite the months she spent rehearsing.",Did the actress rehearse extensively?,Yes,No,1,Main clause,7,-1,When,When,0
12,9,plural,UNAGREE,7,"When the actress begins, the scenes fails dramatically despite the months she spent rehearsing.",Did the actress rehearse extensively?,Yes,No,1,Main clause,7,1.4908934831619263,the,the,1
12,9,plural,UNAGREE,7,"When the actress begins, the scenes fails dramatically despite the months she spent rehearsing.",Did the actress rehearse extensively?,Yes,No,1,Main clause,7,9.108030319213867,actress,actress,2
12,9,plural,UNAGREE,7,"When the actress begins, the scenes fails dramatically despite the months she spent rehearsing.",Did the actress rehearse extensively?,Yes,No,1,Main clause,7,5.689971923828125,"begins.,","begins,",3
12,9,plural,UNAGREE,7,"When the actress begins, the scenes fails dramatically despite the months she spent rehearsing.",Did the actress rehearse extensively?,Yes,No,1,Main clause,7,2.849895477294922,the,the,4
12,9,plural,UNAGREE,7,"When the actress begins, the scenes fails dramatically despite the months she spent rehearsing.",Did the actress rehearse extensively?,Yes,No,1,Main clause,7,7.113167762756348,scenes,scenes,5
12,9,plural,UNAGREE,7,"When the actress begins, the scenes fails dramatically despite the months she spent rehearsing.",Did the actress rehearse extensively?,Yes,No,1,Main clause,7,12.154260635375977,fails,fails,6
12,9,plural,UNAGREE,7,"When the actress begins, the scenes fails dramatically despite the months she spent rehearsing.",Did the actress rehearse extensively?,Yes,No,1,Main clause,7,9.838939666748047,dramatically,dramatically,7
12,9,plural,UNAGREE,7,"When the actress begins, the scenes fails dramatically despite the months she spent rehearsing.",Did the actress rehearse extensively?,Yes,No,1,Main clause,7,8.412151336669922,despite,despite,8
12,9,plural,UNAGREE,7,"When the actress begins, the scenes fails dramatically despite the months she spent rehearsing.",Did the actress rehearse extensively?,Yes,No,1,Main clause,7,1.162923812866211,the,the,9
12,9,plural,UNAGREE,7,"When the actress begins, the scenes fails dramatically despite the months she spent rehearsing.",Did the actress rehearse extensively?,Yes,No,1,Main clause,7,11.228296279907227,months,months,10
12,9,plural,UNAGREE,7,"When the actress begins, the scenes fails dramatically despite the months she spent rehearsing.",Did the actress rehearse extensively?,Yes,No,1,Main clause,7,4.6399078369140625,she,she,11
12,9,plural,UNAGREE,7,"When the actress begins, the scenes fails dramatically despite the months she spent rehearsing.",Did the actress rehearse extensively?,Yes,No,1,Main clause,7,4.860810279846191,spent,spent,12
13,9,singular,AGREE,7,"When the actress begins, the scene fails dramatically despite the months she spent rehearsing.",Did the actress rehearse extensively?,Yes,No,1,Main clause,7,-1,When,When,0
13,9,singular,AGREE,7,"When the actress begins, the scene fails dramatically despite the months she spent rehearsing.",Did the actress rehearse extensively?,Yes,No,1,Main clause,7,1.4908934831619263,the,the,1
13,9,singular,AGREE,7,"When the actress begins, the scene fails dramatically despite the months she spent rehearsing.",Did the actress rehearse extensively?,Yes,No,1,Main clause,7,9.108030319213867,actress,actress,2
13,9,singular,AGREE,7,"When the actress begins, the scene fails dramatically despite the months she spent rehearsing.",Did the actress rehearse extensively?,Yes,No,1,Main clause,7,5.689971923828125,"begins.,","begins,",3
13,9,singular,AGREE,7,"When the actress begins, the scene fails dramatically despite the months she spent rehearsing.",Did the actress rehearse extensively?,Yes,No,1,Main clause,7,2.849895477294922,the,the,4
13,9,singular,AGREE,7,"When the actress begins, the scene fails dramatically despite the months she spent rehearsing.",Did the actress rehearse extensively?,Yes,No,1,Main clause,7,5.888611793518066,scene,scene,5
13,9,singular,AGREE,7,"When the actress begins, the scene fails dramatically despite the months she spent rehearsing.",Did the actress rehearse extensively?,Yes,No,1,Main clause,7,8.051074981689453,fails,fails,6
13,9,singular,AGREE,7,"When the actress begins, the scene fails dramatically despite the months she spent rehearsing.",Did the actress rehearse extensively?,Yes,No,1,Main clause,7,9.319662094116211,dramatically,dramatically,7
13,9,singular,AGREE,7,"When the actress begins, the scene fails dramatically despite the months she spent rehearsing.",Did the actress rehearse extensively?,Yes,No,1,Main clause,7,8.433069229125977,despite,despite,8
13,9,singular,AGREE,7,"When the actress begins, the scene fails dramatically despite the months she spent rehearsing.",Did the actress rehearse extensively?,Yes,No,1,Main clause,7,1.1262778043746948,the,the,9
13,9,singular,AGREE,7,"When the actress begins, the scene fails dramatically despite the months she spent rehearsing.",Did the actress rehearse extensively?,Yes,No,1,Main clause,7,11.648381233215332,months,months,10
13,9,singular,AGREE,7,"When the actress begins, the scene fails dramatically despite the months she spent rehearsing.",Did the actress rehearse extensively?,Yes,No,1,Main clause,7,4.64883279800415,she,she,11
13,9,singular,AGREE,7,"When the actress begins, the scene fails dramatically despite the months she spent rehearsing.",Did the actress rehearse extensively?,Yes,No,1,Main clause,7,4.802314758300781,spent,spent,12
14,10,plural,UNAGREE,8,"After the worst team loses, the tournaments remains essentially the same for the rest of the year.",Does the loss of the worst team matter to the tournaments?,Yes,No,0,Both,8,-1,After,After,0
14,10,plural,UNAGREE,8,"After the worst team loses, the tournaments remains essentially the same for the rest of the year.",Does the loss of the worst team matter to the tournaments?,Yes,No,0,Both,8,1.2972214221954346,the,the,1
14,10,plural,UNAGREE,8,"After the worst team loses, the tournaments remains essentially the same for the rest of the year.",Does the loss of the worst team matter to the tournaments?,Yes,No,0,Both,8,8.130021095275879,worst,worst,2
14,10,plural,UNAGREE,8,"After the worst team loses, the tournaments remains essentially the same for the rest of the year.",Does the loss of the worst team matter to the tournaments?,Yes,No,0,Both,8,8.0773286819458,team,team,3
14,10,plural,UNAGREE,8,"After the worst team loses, the tournaments remains essentially the same for the rest of the year.",Does the loss of the worst team matter to the tournaments?,Yes,No,0,Both,8,6.763466477394104,"loses.,","loses,",4
14,10,plural,UNAGREE,8,"After the worst team loses, the tournaments remains essentially the same for the rest of the year.",Does the loss of the worst team matter to the tournaments?,Yes,No,0,Both,8,2.831695556640625,the,the,5
14,10,plural,UNAGREE,8,"After the worst team loses, the tournaments remains essentially the same for the rest of the year.",Does the loss of the worst team matter to the tournaments?,Yes,No,0,Both,8,12.73636245727539,tournaments,tournaments,6
14,10,plural,UNAGREE,8,"After the worst team loses, the tournaments remains essentially the same for the rest of the year.",Does the loss of the worst team matter to the tournaments?,Yes,No,0,Both,8,9.421796798706055,remains,remains,7
14,10,plural,UNAGREE,8,"After the worst team loses, the tournaments remains essentially the same for the rest of the year.",Does the loss of the worst team matter to the tournaments?,Yes,No,0,Both,8,7.16699743270874,essentially,essentially,8
14,10,plural,UNAGREE,8,"After the worst team loses, the tournaments remains essentially the same for the rest of the year.",Does the loss of the worst team matter to the tournaments?,Yes,No,0,Both,8,2.7340087890625,the,the,9
14,10,plural,UNAGREE,8,"After the worst team loses, the tournaments remains essentially the same for the rest of the year.",Does the loss of the worst team matter to the tournaments?,Yes,No,0,Both,8,1.0859228372573853,same,same,10
14,10,plural,UNAGREE,8,"After the worst team loses, the tournaments remains essentially the same for the rest of the year.",Does the loss of the worst team matter to the tournaments?,Yes,No,0,Both,8,5.079404354095459,for,for,11
14,10,plural,UNAGREE,8,"After the worst team loses, the tournaments remains essentially the same for the rest of the year.",Does the loss of the worst team matter to the tournaments?,Yes,No,0,Both,8,1.2343645095825195,the,the,12
14,10,plural,UNAGREE,8,"After the worst team loses, the tournaments remains essentially the same for the rest of the year.",Does the loss of the worst team matter to the tournaments?,Yes,No,0,Both,8,4.283247947692871,rest,rest,13
14,10,plural,UNAGREE,8,"After the worst team loses, the tournaments remains essentially the same for the rest of the year.",Does the loss of the worst team matter to the tournaments?,Yes,No,0,Both,8,0.08758340775966644,of,of,14
14,10,plural,UNAGREE,8,"After the worst team loses, the tournaments remains essentially the same for the rest of the year.",Does the loss of the worst team matter to the tournaments?,Yes,No,0,Both,8,0.32970184087753296,the,the,15
15,10,singular,AGREE,8,"After the worst team loses, the tournament remains essentially the same for the rest of the year.",Does the loss of the worst team matter to the tournament?,Yes,No,0,Both,8,-1,After,After,0
15,10,singular,AGREE,8,"After the worst team loses, the tournament remains essentially the same for the rest of the year.",Does the loss of the worst team matter to the tournament?,Yes,No,0,Both,8,1.2972214221954346,the,the,1
15,10,singular,AGREE,8,"After the worst team loses, the tournament remains essentially the same for the rest of the year.",Does the loss of the worst team matter to the tournament?,Yes,No,0,Both,8,8.130021095275879,worst,worst,2
15,10,singular,AGREE,8,"After the worst team loses, the tournament remains essentially the same for the rest of the year.",Does the loss of the worst team matter to the tournament?,Yes,No,0,Both,8,8.0773286819458,team,team,3
15,10,singular,AGREE,8,"After the worst team loses, the tournament remains essentially the same for the rest of the year.",Does the loss of the worst team matter to the tournament?,Yes,No,0,Both,8,6.763466477394104,"loses.,","loses,",4
15,10,singular,AGREE,8,"After the worst team loses, the tournament remains essentially the same for the rest of the year.",Does the loss of the worst team matter to the tournament?,Yes,No,0,Both,8,2.831695556640625,the,the,5
15,10,singular,AGREE,8,"After the worst team loses, the tournament remains essentially the same for the rest of the year.",Does the loss of the worst team matter to the tournament?,Yes,No,0,Both,8,8.882742881774902,tournament,tournament,6
15,10,singular,AGREE,8,"After the worst team loses, the tournament remains essentially the same for the rest of the year.",Does the loss of the worst team matter to the tournament?,Yes,No,0,Both,8,5.513311386108398,remains,remains,7
15,10,singular,AGREE,8,"After the worst team loses, the tournament remains essentially the same for the rest of the year.",Does the loss of the worst team matter to the tournament?,Yes,No,0,Both,8,7.183472156524658,essentially,essentially,8
15,10,singular,AGREE,8,"After the worst team loses, the tournament remains essentially the same for the rest of the year.",Does the loss of the worst team matter to the tournament?,Yes,No,0,Both,8,2.3148818016052246,the,the,9
15,10,singular,AGREE,8,"After the worst team loses, the tournament remains essentially the same for the rest of the year.",Does the loss of the worst team matter to the tournament?,Yes,No,0,Both,8,1.579806923866272,same,same,10
15,10,singular,AGREE,8,"After the worst team loses, the tournament remains essentially the same for the rest of the year.",Does the loss of the worst team matter to the tournament?,Yes,No,0,Both,8,4.996096134185791,for,for,11
15,10,singular,AGREE,8,"After the worst team loses, the tournament remains essentially the same for the rest of the year.",Does the loss of the worst team matter to the tournament?,Yes,No,0,Both,8,1.1281051635742188,the,the,12
15,10,singular,AGREE,8,"After the worst team loses, the tournament remains essentially the same for the rest of the year.",Does the loss of the worst team matter to the tournament?,Yes,No,0,Both,8,4.614854335784912,rest,rest,13
15,10,singular,AGREE,8,"After the worst team loses, the tournament remains essentially the same for the rest of the year.",Does the loss of the worst team matter to the tournament?,Yes,No,0,Both,8,0.07697056978940964,of,of,14
15,10,singular,AGREE,8,"After the worst team loses, the tournament remains essentially the same for the rest of the year.",Does the loss of the worst team matter to the tournament?,Yes,No,0,Both,8,0.28981396555900574,the,the,15
16,12,plural,UNAGREE,7,"When the supervisor works, the shifts seems unnecessarily stressful on a Friday night.",Does the supervisor sometimes work on a Friday night?,Yes,No,1,Both,7,-1,When,When,0
16,12,plural,UNAGREE,7,"When the supervisor works, the shifts seems unnecessarily stressful on a Friday night.",Does the supervisor sometimes work on a Friday night?,Yes,No,1,Both,7,1.4908934831619263,the,the,1
16,12,plural,UNAGREE,7,"When the supervisor works, the shifts seems unnecessarily stressful on a Friday night.",Does the supervisor sometimes work on a Friday night?,Yes,No,1,Both,7,11.174409866333008,supervisor,supervisor,2
16,12,plural,UNAGREE,7,"When the supervisor works, the shifts seems unnecessarily stressful on a Friday night.",Does the supervisor sometimes work on a Friday night?,Yes,No,1,Both,7,5.713785648345947,"works.,","works,",3
16,12,plural,UNAGREE,7,"When the supervisor works, the shifts seems unnecessarily stressful on a Friday night.",Does the supervisor sometimes work on a Friday night?,Yes,No,1,Both,7,2.53135085105896,the,the,4
16,12,plural,UNAGREE,7,"When the supervisor works, the shifts seems unnecessarily stressful on a Friday night.",Does the supervisor sometimes work on a Friday night?,Yes,No,1,Both,7,12.569379806518555,shifts,shifts,5
16,12,plural,UNAGREE,7,"When the supervisor works, the shifts seems unnecessarily stressful on a Friday night.",Does the supervisor sometimes work on a Friday night?,Yes,No,1,Both,7,10.910555839538574,seems,seems,6
16,12,plural,UNAGREE,7,"When the supervisor works, the shifts seems unnecessarily stressful on a Friday night.",Does the supervisor sometimes work on a Friday night?,Yes,No,1,Both,7,13.196820259094238,unnecessarily,unnecessarily,7
16,12,plural,UNAGREE,7,"When the supervisor works, the shifts seems unnecessarily stressful on a Friday night.",Does the supervisor sometimes work on a Friday night?,Yes,No,1,Both,7,7.900891304016113,stressful,stressful,8
16,12,plural,UNAGREE,7,"When the supervisor works, the shifts seems unnecessarily stressful on a Friday night.",Does the supervisor sometimes work on a Friday night?,Yes,No,1,Both,7,6.167631149291992,on,on,9
16,12,plural,UNAGREE,7,"When the supervisor works, the shifts seems unnecessarily stressful on a Friday night.",Does the supervisor sometimes work on a Friday night?,Yes,No,1,Both,7,3.8148226737976074,a,a,10
16,12,plural,UNAGREE,7,"When the supervisor works, the shifts seems unnecessarily stressful on a Friday night.",Does the supervisor sometimes work on a Friday night?,Yes,No,1,Both,7,2.2621817588806152,Friday,Friday,11
17,12,singular,AGREE,7,"When the supervisor works, the shift seems unnecessarily stressful on a Friday night.",Does the supervisor sometimes work on a Friday night?,Yes,No,1,Both,7,-1,When,When,0
17,12,singular,AGREE,7,"When the supervisor works, the shift seems unnecessarily stressful on a Friday night.",Does the supervisor sometimes work on a Friday night?,Yes,No,1,Both,7,1.4908934831619263,the,the,1
17,12,singular,AGREE,7,"When the supervisor works, the shift seems unnecessarily stressful on a Friday night.",Does the supervisor sometimes work on a Friday night?,Yes,No,1,Both,7,11.174409866333008,supervisor,supervisor,2
17,12,singular,AGREE,7,"When the supervisor works, the shift seems unnecessarily stressful on a Friday night.",Does the supervisor sometimes work on a Friday night?,Yes,No,1,Both,7,5.713785648345947,"works.,","works,",3
17,12,singular,AGREE,7,"When the supervisor works, the shift seems unnecessarily stressful on a Friday night.",Does the supervisor sometimes work on a Friday night?,Yes,No,1,Both,7,2.53135085105896,the,the,4
17,12,singular,AGREE,7,"When the supervisor works, the shift seems unnecessarily stressful on a Friday night.",Does the supervisor sometimes work on a Friday night?,Yes,No,1,Both,7,9.784282684326172,shift,shift,5
17,12,singular,AGREE,7,"When the supervisor works, the shift seems unnecessarily stressful on a Friday night.",Does the supervisor sometimes work on a Friday night?,Yes,No,1,Both,7,6.628564357757568,seems,seems,6
17,12,singular,AGREE,7,"When the supervisor works, the shift seems unnecessarily stressful on a Friday night.",Does the supervisor sometimes work on a Friday night?,Yes,No,1,Both,7,13.00851058959961,unnecessarily,unnecessarily,7
17,12,singular,AGREE,7,"When the supervisor works, the shift seems unnecessarily stressful on a Friday night.",Does the supervisor sometimes work on a Friday night?,Yes,No,1,Both,7,8.2413911819458,stressful,stressful,8
17,12,singular,AGREE,7,"When the supervisor works, the shift seems unnecessarily stressful on a Friday night.",Does the supervisor sometimes work on a Friday night?,Yes,No,1,Both,7,6.355306148529053,on,on,9
17,12,singular,AGREE,7,"When the supervisor works, the shift seems unnecessarily stressful on a Friday night.",Does the supervisor sometimes work on a Friday night?,Yes,No,1,Both,7,3.73126220703125,a,a,10
17,12,singular,AGREE,7,"When the supervisor works, the shift seems unnecessarily stressful on a Friday night.",Does the supervisor sometimes work on a Friday night?,Yes,No,1,Both,7,2.275989532470703,Friday,Friday,11
18,14,plural,UNAGREE,7,"After the diplomat signs, the agreements creates another border conflict as a side effect.",Do the agreements lead to peace?,Yes,No,0,Main clause,7,-1,After,After,0
18,14,plural,UNAGREE,7,"After the diplomat signs, the agreements creates another border conflict as a side effect.",Do the agreements lead to peace?,Yes,No,0,Main clause,7,1.297221302986145,the,the,1
18,14,plural,UNAGREE,7,"After the diplomat signs, the agreements creates another border conflict as a side effect.",Do the agreements lead to peace?,Yes,No,0,Main clause,7,13.202776908874512,diplomat,diplomat,2
18,14,plural,UNAGREE,7,"After the diplomat signs, the agreements creates another border conflict as a side effect.",Do the agreements lead to peace?,Yes,No,0,Main clause,7,7.839273810386658,"signs.,","signs,",3
18,14,plural,UNAGREE,7,"After the diplomat signs, the agreements creates another border conflict as a side effect.",Do the agreements lead to peace?,Yes,No,0,Main clause,7,2.632340669631958,the,the,4
18,14,plural,UNAGREE,7,"After the diplomat signs, the agreements creates another border conflict as a side effect.",Do the agreements lead to peace?,Yes,No,0,Main clause,7,11.4791259765625,agreements,agreements,5
18,14,plural,UNAGREE,7,"After the diplomat signs, the agreements creates another border conflict as a side effect.",Do the agreements lead to peace?,Yes,No,0,Main clause,7,13.410701751708984,creates,creates,6
18,14,plural,UNAGREE,7,"After the diplomat signs, the agreements creates another border conflict as a side effect.",Do the agreements lead to peace?,Yes,No,0,Main clause,7,7.216525077819824,another,another,7
18,14,plural,UNAGREE,7,"After the diplomat signs, the agreements creates another border conflict as a side effect.",Do the agreements lead to peace?,Yes,No,0,Main clause,7,8.24012565612793,border,border,8
18,14,plural,UNAGREE,7,"After the diplomat signs, the agreements creates another border conflict as a side effect.",Do the agreements lead to peace?,Yes,No,0,Main clause,7,6.150877952575684,conflict,conflict,9
18,14,plural,UNAGREE,7,"After the diplomat signs, the agreements creates another border conflict as a side effect.",Do the agreements lead to peace?,Yes,No,0,Main clause,7,5.614360809326172,as,as,10
18,14,plural,UNAGREE,7,"After the diplomat signs, the agreements creates another border conflict as a side effect.",Do the agreements lead to peace?,Yes,No,0,Main clause,7,1.631054401397705,a,a,11
18,14,plural,UNAGREE,7,"After the diplomat signs, the agreements creates another border conflict as a side effect.",Do the agreements lead to peace?,Yes,No,0,Main clause,7,7.001060485839844,side,side,12
19,14,singular,AGREE,7,"After the diplomat signs, the agreement creates another border conflict as a side effect.",Does the agreement lead to peace?,Yes,No,0,Main clause,7,-1,After,After,0
19,14,singular,AGREE,7,"After the diplomat signs, the agreement creates another border conflict as a side effect.",Does the agreement lead to peace?,Yes,No,0,Main clause,7,1.297221302986145,the,the,1
19,14,singular,AGREE,7,"After the diplomat signs, the agreement creates another border conflict as a side effect.",Does the agreement lead to peace?,Yes,No,0,Main clause,7,13.202776908874512,diplomat,diplomat,2
19,14,singular,AGREE,7,"After the diplomat signs, the agreement creates another border conflict as a side effect.",Does the agreement lead to peace?,Yes,No,0,Main clause,7,7.839273810386658,"signs.,","signs,",3
19,14,singular,AGREE,7,"After the diplomat signs, the agreement creates another border conflict as a side effect.",Does the agreement lead to peace?,Yes,No,0,Main clause,7,2.632340669631958,the,the,4
19,14,singular,AGREE,7,"After the diplomat signs, the agreement creates another border conflict as a side effect.",Does the agreement lead to peace?,Yes,No,0,Main clause,7,8.605140686035156,agreement,agreement,5
19,14,singular,AGREE,7,"After the diplomat signs, the agreement creates another border conflict as a side effect.",Does the agreement lead to peace?,Yes,No,0,Main clause,7,9.975740432739258,creates,creates,6
19,14,singular,AGREE,7,"After the diplomat signs, the agreement creates another border conflict as a side effect.",Does the agreement lead to peace?,Yes,No,0,Main clause,7,6.781024932861328,another,another,7
19,14,singular,AGREE,7,"After the diplomat signs, the agreement creates another border conflict as a side effect.",Does the agreement lead to peace?,Yes,No,0,Main clause,7,8.561354637145996,border,border,8
19,14,singular,AGREE,7,"After the diplomat signs, the agreement creates another border conflict as a side effect.",Does the agreement lead to peace?,Yes,No,0,Main clause,7,6.469670295715332,conflict,conflict,9
19,14,singular,AGREE,7,"After the diplomat signs, the agreement creates another border conflict as a side effect.",Does the agreement lead to peace?,Yes,No,0,Main clause,7,5.49356746673584,as,as,10
19,14,singular,AGREE,7,"After the diplomat signs, the agreement creates another border conflict as a side effect.",Does the agreement lead to peace?,Yes,No,0,Main clause,7,1.60335373878479,a,a,11
19,14,singular,AGREE,7,"After the diplomat signs, the agreement creates another border conflict as a side effect.",Does the agreement lead to peace?,Yes,No,0,Main clause,7,6.86886739730835,side,side,12
20,15,plural,UNAGREE,7,"Whenever the reporter moves, the cameras requires constant adjustment from the director.",Does the director move the camera?,Yes,No,1,Ambiguity (correct),7,-1,Whenever,Whenever,0
20,15,plural,UNAGREE,7,"Whenever the reporter moves, the cameras requires constant adjustment from the director.",Does the director move the camera?,Yes,No,1,Ambiguity (correct),7,1.5655405521392822,the,the,1
20,15,plural,UNAGREE,7,"Whenever the reporter moves, the cameras requires constant adjustment from the director.",Does the director move the camera?,Yes,No,1,Ambiguity (correct),7,10.088509559631348,reporter,reporter,2
20,15,plural,UNAGREE,7,"Whenever the reporter moves, the cameras requires constant adjustment from the director.",Does the director move the camera?,Yes,No,1,Ambiguity (correct),7,6.32288658618927,"moves.,","moves,",3
20,15,plural,UNAGREE,7,"Whenever the reporter moves, the cameras requires constant adjustment from the director.",Does the director move the camera?,Yes,No,1,Ambiguity (correct),7,3.7399024963378906,the,the,4
20,15,plural,UNAGREE,7,"Whenever the reporter moves, the cameras requires constant adjustment from the director.",Does the director move the camera?,Yes,No,1,Ambiguity (correct),7,9.011836051940918,cameras,cameras,5
20,15,plural,UNAGREE,7,"Whenever the reporter moves, the cameras requires constant adjustment from the director.",Does the director move the camera?,Yes,No,1,Ambiguity (correct),7,10.451484680175781,requires,requires,6
20,15,plural,UNAGREE,7,"Whenever the reporter moves, the cameras requires constant adjustment from the director.",Does the director move the camera?,Yes,No,1,Ambiguity (correct),7,9.432562828063965,constant,constant,7
20,15,plural,UNAGREE,7,"Whenever the reporter moves, the cameras requires constant adjustment from the director.",Does the director move the camera?,Yes,No,1,Ambiguity (correct),7,7.793023586273193,adjustment,adjustment,8
20,15,plural,UNAGREE,7,"Whenever the reporter moves, the cameras requires constant adjustment from the director.",Does the director move the camera?,Yes,No,1,Ambiguity (correct),7,4.444477081298828,from,from,9
20,15,plural,UNAGREE,7,"Whenever the reporter moves, the cameras requires constant adjustment from the director.",Does the director move the camera?,Yes,No,1,Ambiguity (correct),7,0.777589738368988,the,the,10
21,15,singular,AGREE,7,"Whenever the reporter moves, the camera requires constant adjustment from the director.",Does the director move the camera?,Yes,No,1,Ambiguity (correct),7,-1,Whenever,Whenever,0
21,15,singular,AGREE,7,"Whenever the reporter moves, the camera requires constant adjustment from the director.",Does the director move the camera?,Yes,No,1,Ambiguity (correct),7,1.5655405521392822,the,the,1
21,15,singular,AGREE,7,"Whenever the reporter moves, the camera requires constant adjustment from the director.",Does the director move the camera?,Yes,No,1,Ambiguity (correct),7,10.088509559631348,reporter,reporter,2
21,15,singular,AGREE,7,"Whenever the reporter moves, the camera requires constant adjustment from the director.",Does the director move the camera?,Yes,No,1,Ambiguity (correct),7,6.32288658618927,"moves.,","moves,",3
21,15,singular,AGREE,7,"Whenever the reporter moves, the camera requires constant adjustment from the director.",Does the director move the camera?,Yes,No,1,Ambiguity (correct),7,3.7399024963378906,the,the,4
21,15,singular,AGREE,7,"Whenever the reporter moves, the camera requires constant adjustment from the director.",Does the director move the camera?,Yes,No,1,Ambiguity (correct),7,6.671773910522461,camera,camera,5
21,15,singular,AGREE,7,"Whenever the reporter moves, the camera requires constant adjustment from the director.",Does the director move the camera?,Yes,No,1,Ambiguity (correct),7,7.266969680786133,requires,requires,6
21,15,singular,AGREE,7,"Whenever the reporter moves, the camera requires constant adjustment from the director.",Does the director move the camera?,Yes,No,1,Ambiguity (correct),7,9.330587387084961,constant,constant,7
21,15,singular,AGREE,7,"Whenever the reporter moves, the camera requires constant adjustment from the director.",Does the director move the camera?,Yes,No,1,Ambiguity (correct),7,7.389061450958252,adjustment,adjustment,8
21,15,singular,AGREE,7,"Whenever the reporter moves, the camera requires constant adjustment from the director.",Does the director move the camera?,Yes,No,1,Ambiguity (correct),7,4.17958927154541,from,from,9
21,15,singular,AGREE,7,"Whenever the reporter moves, the camera requires constant adjustment from the director.",Does the director move the camera?,Yes,No,1,Ambiguity (correct),7,0.7496705651283264,the,the,10
22,16,plural,UNAGREE,7,"Unless the dog attacks, the cats remains relatively tranquil throughout the day.",Do the cats usually remain calm?,Yes,No,1,Main clause,7,-1,Unless,Unless,0
22,16,plural,UNAGREE,7,"Unless the dog attacks, the cats remains relatively tranquil throughout the day.",Do the cats usually remain calm?,Yes,No,1,Main clause,7,1.5200517177581787,the,the,1
22,16,plural,UNAGREE,7,"Unless the dog attacks, the cats remains relatively tranquil throughout the day.",Do the cats usually remain calm?,Yes,No,1,Main clause,7,7.604517459869385,dog,dog,2
22,16,plural,UNAGREE,7,"Unless the dog attacks, the cats remains relatively tranquil throughout the day.",Do the cats usually remain calm?,Yes,No,1,Main clause,7,5.57988703250885,"attacks.,","attacks,",3
22,16,plural,UNAGREE,7,"Unless the dog attacks, the cats remains relatively tranquil throughout the day.",Do the cats usually remain calm?,Yes,No,1,Main clause,7,2.7044358253479004,the,the,4
22,16,plural,UNAGREE,7,"Unless the dog attacks, the cats remains relatively tranquil throughout the day.",Do the cats usually remain calm?,Yes,No,1,Main clause,7,8.97833251953125,cats,cats,5
22,16,plural,UNAGREE,7,"Unless the dog attacks, the cats remains relatively tranquil throughout the day.",Do the cats usually remain calm?,Yes,No,1,Main clause,7,9.266450881958008,remains,remains,6
22,16,plural,UNAGREE,7,"Unless the dog attacks, the cats remains relatively tranquil throughout the day.",Do the cats usually remain calm?,Yes,No,1,Main clause,7,6.425843715667725,relatively,relatively,7
22,16,plural,UNAGREE,7,"Unless the dog attacks, the cats remains relatively tranquil throughout the day.",Do the cats usually remain calm?,Yes,No,1,Main clause,7,9.299978256225586,tranquil,tranquil,8
22,16,plural,UNAGREE,7,"Unless the dog attacks, the cats remains relatively tranquil throughout the day.",Do the cats usually remain calm?,Yes,No,1,Main clause,7,7.220510482788086,throughout,throughout,9
22,16,plural,UNAGREE,7,"Unless the dog attacks, the cats remains relatively tranquil throughout the day.",Do the cats usually remain calm?,Yes,No,1,Main clause,7,0.5209881067276001,the,the,10
23,16,singular,AGREE,7,"Unless the dog attacks, the cat remains relatively tranquil throughout the day.",Does the cat usually remain calm?,Yes,No,1,Main Clause,7,-1,Unless,Unless,0
23,16,singular,AGREE,7,"Unless the dog attacks, the cat remains relatively tranquil throughout the day.",Does the cat usually remain calm?,Yes,No,1,Main Clause,7,1.5200517177581787,the,the,1
23,16,singular,AGREE,7,"Unless the dog attacks, the cat remains relatively tranquil throughout the day.",Does the cat usually remain calm?,Yes,No,1,Main Clause,7,7.604517459869385,dog,dog,2
23,16,singular,AGREE,7,"Unless the dog attacks, the cat remains relatively tranquil throughout the day.",Does the cat usually remain calm?,Yes,No,1,Main Clause,7,5.57988703250885,"attacks.,","attacks,",3
23,16,singular,AGREE,7,"Unless the dog attacks, the cat remains relatively tranquil throughout the day.",Does the cat usually remain calm?,Yes,No,1,Main Clause,7,2.7044358253479004,the,the,4
23,16,singular,AGREE,7,"Unless the dog attacks, the cat remains relatively tranquil throughout the day.",Does the cat usually remain calm?,Yes,No,1,Main Clause,7,8.080825805664062,cat,cat,5
23,16,singular,AGREE,7,"Unless the dog attacks, the cat remains relatively tranquil throughout the day.",Does the cat usually remain calm?,Yes,No,1,Main Clause,7,5.550958633422852,remains,remains,6
23,16,singular,AGREE,7,"Unless the dog attacks, the cat remains relatively tranquil throughout the day.",Does the cat usually remain calm?,Yes,No,1,Main Clause,7,6.975272178649902,relatively,relatively,7
23,16,singular,AGREE,7,"Unless the dog attacks, the cat remains relatively tranquil throughout the day.",Does the cat usually remain calm?,Yes,No,1,Main Clause,7,8.722591400146484,tranquil,tranquil,8
23,16,singular,AGREE,7,"Unless the dog attacks, the cat remains relatively tranquil throughout the day.",Does the cat usually remain calm?,Yes,No,1,Main Clause,7,7.163949012756348,throughout,throughout,9
23,16,singular,AGREE,7,"Unless the dog attacks, the cat remains relatively tranquil throughout the day.",Does the cat usually remain calm?,Yes,No,1,Main Clause,7,0.43913835287094116,the,the,10
24,17,plural,UNAGREE,8,"Until the lead architect leaves, the projects demands immense patience from the engineers.",Has the lead architect left?,Yes,No,0,Subordinate clause,8,-1,Until,Until,0
24,17,plural,UNAGREE,8,"Until the lead architect leaves, the projects demands immense patience from the engineers.",Has the lead architect left?,Yes,No,0,Subordinate clause,8,1.37699556350708,the,the,1
24,17,plural,UNAGREE,8,"Until the lead architect leaves, the projects demands immense patience from the engineers.",Has the lead architect left?,Yes,No,0,Subordinate clause,8,8.650089263916016,lead,lead,2
24,17,plural,UNAGREE,8,"Until the lead architect leaves, the projects demands immense patience from the engineers.",Has the lead architect left?,Yes,No,0,Subordinate clause,8,7.448381423950195,architect,architect,3
24,17,plural,UNAGREE,8,"Until the lead architect leaves, the projects demands immense patience from the engineers.",Has the lead architect left?,Yes,No,0,Subordinate clause,8,6.656231760978699,"leaves.,","leaves,",4
24,17,plural,UNAGREE,8,"Until the lead architect leaves, the projects demands immense patience from the engineers.",Has the lead architect left?,Yes,No,0,Subordinate clause,8,3.1311676502227783,the,the,5
24,17,plural,UNAGREE,8,"Until the lead architect leaves, the projects demands immense patience from the engineers.",Has the lead architect left?,Yes,No,0,Subordinate clause,8,11.134778022766113,projects,projects,6
24,17,plural,UNAGREE,8,"Until the lead architect leaves, the projects demands immense patience from the engineers.",Has the lead architect left?,Yes,No,0,Subordinate clause,8,12.462180137634277,demands,demands,7
24,17,plural,UNAGREE,8,"Until the lead architect leaves, the projects demands immense patience from the engineers.",Has the lead architect left?,Yes,No,0,Subordinate clause,8,11.202200889587402,immense,immense,8
24,17,plural,UNAGREE,8,"Until the lead architect leaves, the projects demands immense patience from the engineers.",Has the lead architect left?,Yes,No,0,Subordinate clause,8,10.045799255371094,patience,patience,9
24,17,plural,UNAGREE,8,"Until the lead architect leaves, the projects demands immense patience from the engineers.",Has the lead architect left?,Yes,No,0,Subordinate clause,8,4.256173133850098,from,from,10
24,17,plural,UNAGREE,8,"Until the lead architect leaves, the projects demands immense patience from the engineers.",Has the lead architect left?,Yes,No,0,Subordinate clause,8,1.0014445781707764,the,the,11
25,17,singular,AGREE,8,"Until the lead architect leaves, the project demands immense patience from the engineers.",Has the lead architect left?,Yes,No,0,Subordinate clause,8,-1,Until,Until,0
25,17,singular,AGREE,8,"Until the lead architect leaves, the project demands immense patience from the engineers.",Has the lead architect left?,Yes,No,0,Subordinate clause,8,1.37699556350708,the,the,1
25,17,singular,AGREE,8,"Until the lead architect leaves, the project demands immense patience from the engineers.",Has the lead architect left?,Yes,No,0,Subordinate clause,8,8.650089263916016,lead,lead,2
25,17,singular,AGREE,8,"Until the lead architect leaves, the project demands immense patience from the engineers.",Has the lead architect left?,Yes,No,0,Subordinate clause,8,7.448381423950195,architect,architect,3
25,17,singular,AGREE,8,"Until the lead architect leaves, the project demands immense patience from the engineers.",Has the lead architect left?,Yes,No,0,Subordinate clause,8,6.656231760978699,"leaves.,","leaves,",4
25,17,singular,AGREE,8,"Until the lead architect leaves, the project demands immense patience from the engineers.",Has the lead architect left?,Yes,No,0,Subordinate clause,8,3.1311676502227783,the,the,5
25,17,singular,AGREE,8,"Until the lead architect leaves, the project demands immense patience from the engineers.",Has the lead architect left?,Yes,No,0,Subordinate clause,8,6.222004413604736,project,project,6
25,17,singular,AGREE,8,"Until the lead architect leaves, the project demands immense patience from the engineers.",Has the lead architect left?,Yes,No,0,Subordinate clause,8,10.088134765625,demands,demands,7
25,17,singular,AGREE,8,"Until the lead architect leaves, the project demands immense patience from the engineers.",Has the lead architect left?,Yes,No,0,Subordinate clause,8,10.752017974853516,immense,immense,8
25,17,singular,AGREE,8,"Until the lead architect leaves, the project demands immense patience from the engineers.",Has the lead architect left?,Yes,No,0,Subordinate clause,8,9.836931228637695,patience,patience,9
25,17,singular,AGREE,8,"Until the lead architect leaves, the project demands immense patience from the engineers.",Has the lead architect left?,Yes,No,0,Subordinate clause,8,4.094845294952393,from,from,10
25,17,singular,AGREE,8,"Until the lead architect leaves, the project demands immense patience from the engineers.",Has the lead architect left?,Yes,No,0,Subordinate clause,8,0.9426454305648804,the,the,11
26,19,plural,UNAGREE,8,"Even if the mother calls, her boys continues causing problems with the other kids on the playground.",Do the boys behave themselves after their mother calls?,Yes,No,0,Both,8,-1,Even,Even,0
26,19,plural,UNAGREE,8,"Even if the mother calls, her boys continues causing problems with the other kids on the playground.",Do the boys behave themselves after their mother calls?,Yes,No,0,Both,8,3.320073127746582,if,if,1
26,19,plural,UNAGREE,8,"Even if the mother calls, her boys continues causing problems with the other kids on the playground.",Do the boys behave themselves after their mother calls?,Yes,No,0,Both,8,1.4588212966918945,the,the,2
26,19,plural,UNAGREE,8,"Even if the mother calls, her boys continues causing problems with the other kids on the playground.",Do the boys behave themselves after their mother calls?,Yes,No,0,Both,8,7.247775554656982,mother,mother,3
26,19,plural,UNAGREE,8,"Even if the mother calls, her boys continues causing problems with the other kids on the playground.",Do the boys behave themselves after their mother calls?,Yes,No,0,Both,8,6.795287847518921,"calls.,","calls,",4
26,19,plural,UNAGREE,8,"Even if the mother calls, her boys continues causing problems with the other kids on the playground.",Do the boys behave themselves after their mother calls?,Yes,No,0,Both,8,6.247931480407715,her,her,5
26,19,plural,UNAGREE,8,"Even if the mother calls, her boys continues causing problems with the other kids on the playground.",Do the boys behave themselves after their mother calls?,Yes,No,0,Both,8,9.28016471862793,boys,boys,6
26,19,plural,UNAGREE,8,"Even if the mother calls, her boys continues causing problems with the other kids on the playground.",Do the boys behave themselves after their mother calls?,Yes,No,0,Both,8,10.845584869384766,continues,continues,7
26,19,plural,UNAGREE,8,"Even if the mother calls, her boys continues causing problems with the other kids on the playground.",Do the boys behave themselves after their mother calls?,Yes,No,0,Both,8,11.307506561279297,causing,causing,8
26,19,plural,UNAGREE,8,"Even if the mother calls, her boys continues causing problems with the other kids on the playground.",Do the boys behave themselves after their mother calls?,Yes,No,0,Both,8,4.664996147155762,problems,problems,9
26,19,plural,UNAGREE,8,"Even if the mother calls, her boys continues causing problems with the other kids on the playground.",Do the boys behave themselves after their mother calls?,Yes,No,0,Both,8,2.5180444717407227,with,with,10
26,19,plural,UNAGREE,8,"Even if the mother calls, her boys continues causing problems with the other kids on the playground.",Do the boys behave themselves after their mother calls?,Yes,No,0,Both,8,1.004467248916626,the,the,11
26,19,plural,UNAGREE,8,"Even if the mother calls, her boys continues causing problems with the other kids on the playground.",Do the boys behave themselves after their mother calls?,Yes,No,0,Both,8,4.397407054901123,other,other,12
26,19,plural,UNAGREE,8,"Even if the mother calls, her boys continues causing problems with the other kids on the playground.",Do the boys behave themselves after their mother calls?,Yes,No,0,Both,8,8.485851287841797,kids,kids,13
26,19,plural,UNAGREE,8,"Even if the mother calls, her boys continues causing problems with the other kids on the playground.",Do the boys behave themselves after their mother calls?,Yes,No,0,Both,8,4.64798641204834,on,on,14
26,19,plural,UNAGREE,8,"Even if the mother calls, her boys continues causing problems with the other kids on the playground.",Do the boys behave themselves after their mother calls?,Yes,No,0,Both,8,0.7132309675216675,the,the,15
27,19,singular,AGREE,8,"Even if the mother calls, her boy continues causing problems with the other kids on the playground.",Does the boy behave himself after his mother calls?,Yes,No,0,Both,8,-1,Even,Even,0
27,19,singular,AGREE,8,"Even if the mother calls, her boy continues causing problems with the other kids on the playground.",Does the boy behave himself after his mother calls?,Yes,No,0,Both,8,3.320073127746582,if,if,1
27,19,singular,AGREE,8,"Even if the mother calls, her boy continues causing problems with the other kids on the playground.",Does the boy behave himself after his mother calls?,Yes,No,0,Both,8,1.4588212966918945,the,the,2
27,19,singular,AGREE,8,"Even if the mother calls, her boy continues causing problems with the other kids on the playground.",Does the boy behave himself after his mother calls?,Yes,No,0,Both,8,7.247775554656982,mother,mother,3
27,19,singular,AGREE,8,"Even if the mother calls, her boy continues causing problems with the other kids on the playground.",Does the boy behave himself after his mother calls?,Yes,No,0,Both,8,6.795287847518921,"calls.,","calls,",4
27,19,singular,AGREE,8,"Even if the mother calls, her boy continues causing problems with the other kids on the playground.",Does the boy behave himself after his mother calls?,Yes,No,0,Both,8,6.247931480407715,her,her,5
27,19,singular,AGREE,8,"Even if the mother calls, her boy continues causing problems with the other kids on the playground.",Does the boy behave himself after his mother calls?,Yes,No,0,Both,8,8.171135902404785,boy,boy,6
27,19,singular,AGREE,8,"Even if the mother calls, her boy continues causing problems with the other kids on the playground.",Does the boy behave himself after his mother calls?,Yes,No,0,Both,8,8.077230453491211,continues,continues,7
27,19,singular,AGREE,8,"Even if the mother calls, her boy continues causing problems with the other kids on the playground.",Does the boy behave himself after his mother calls?,Yes,No,0,Both,8,11.539863586425781,causing,causing,8
27,19,singular,AGREE,8,"Even if the mother calls, her boy continues causing problems with the other kids on the playground.",Does the boy behave himself after his mother calls?,Yes,No,0,Both,8,5.0945611000061035,problems,problems,9
27,19,singular,AGREE,8,"Even if the mother calls, her boy continues causing problems with the other kids on the playground.",Does the boy behave himself after his mother calls?,Yes,No,0,Both,8,2.312638282775879,with,with,10
27,19,singular,AGREE,8,"Even if the mother calls, her boy continues causing problems with the other kids on the playground.",Does the boy behave himself after his mother calls?,Yes,No,0,Both,8,1.0805351734161377,the,the,11
27,19,singular,AGREE,8,"Even if the mother calls, her boy continues causing problems with the other kids on the playground.",Does the boy behave himself after his mother calls?,Yes,No,0,Both,8,4.4304304122924805,other,other,12
27,19,singular,AGREE,8,"Even if the mother calls, her boy continues causing problems with the other kids on the playground.",Does the boy behave himself after his mother calls?,Yes,No,0,Both,8,9.121599197387695,kids,kids,13
27,19,singular,AGREE,8,"Even if the mother calls, her boy continues causing problems with the other kids on the playground.",Does the boy behave himself after his mother calls?,Yes,No,0,Both,8,4.645388126373291,on,on,14
27,19,singular,AGREE,8,"Even if the mother calls, her boy continues causing problems with the other kids on the playground.",Does the boy behave himself after his mother calls?,Yes,No,0,Both,8,0.7553974390029907,the,the,15
28,20,plural,UNAGREE,7,"After the tutor stops, the students starts working independently on the questions.",Does the tutor stop the students?,Yes,No,0,Ambiguity (incorrect),7,-1,After,After,0
28,20,plural,UNAGREE,7,"After the tutor stops, the students starts working independently on the questions.",Does the tutor stop the students?,Yes,No,0,Ambiguity (incorrect),7,1.297221302986145,the,the,1
28,20,plural,UNAGREE,7,"After the tutor stops, the students starts working independently on the questions.",Does the tutor stop the students?,Yes,No,0,Ambiguity (incorrect),7,14.38172721862793,tutor,tutor,2
28,20,plural,UNAGREE,7,"After the tutor stops, the students starts working independently on the questions.",Does the tutor stop the students?,Yes,No,0,Ambiguity (incorrect),7,6.724672317504883,"stops.,","stops,",3
28,20,plural,UNAGREE,7,"After the tutor stops, the students starts working independently on the questions.",Does the tutor stop the students?,Yes,No,0,Ambiguity (incorrect),7,3.0052852630615234,the,the,4
28,20,plural,UNAGREE,7,"After the tutor stops, the students starts working independently on the questions.",Does the tutor stop the students?,Yes,No,0,Ambiguity (incorrect),7,7.080636978149414,students,students,5
28,20,plural,UNAGREE,7,"After the tutor stops, the students starts working independently on the questions.",Does the tutor stop the students?,Yes,No,0,Ambiguity (incorrect),7,10.678034782409668,starts,starts,6
28,20,plural,UNAGREE,7,"After the tutor stops, the students starts working independently on the questions.",Does the tutor stop the students?,Yes,No,0,Ambiguity (incorrect),7,4.15110445022583,working,working,7
28,20,plural,UNAGREE,7,"After the tutor stops, the students starts working independently on the questions.",Does the tutor stop the students?,Yes,No,0,Ambiguity (incorrect),7,8.300713539123535,independently,independently,8
28,20,plural,UNAGREE,7,"After the tutor stops, the students starts working independently on the questions.",Does the tutor stop the students?,Yes,No,0,Ambiguity (incorrect),7,2.565412759780884,on,on,9
28,20,plural,UNAGREE,7,"After the tutor stops, the students starts working independently on the questions.",Does the tutor stop the students?,Yes,No,0,Ambiguity (incorrect),7,0.9464511275291443,the,the,10
29,20,singular,AGREE,7,"After the tutor stops, the student starts working independently on the questions.",Does the tutor stop the student?,Yes,No,0,Ambiguity (incorrect),7,-1,After,After,0
29,20,singular,AGREE,7,"After the tutor stops, the student starts working independently on the questions.",Does the tutor stop the student?,Yes,No,0,Ambiguity (incorrect),7,1.297221302986145,the,the,1
29,20,singular,AGREE,7,"After the tutor stops, the student starts working independently on the questions.",Does the tutor stop the student?,Yes,No,0,Ambiguity (incorrect),7,14.38172721862793,tutor,tutor,2
29,20,singular,AGREE,7,"After the tutor stops, the student starts working independently on the questions.",Does the tutor stop the student?,Yes,No,0,Ambiguity (incorrect),7,6.724672317504883,"stops.,","stops,",3
29,20,singular,AGREE,7,"After the tutor stops, the student starts working independently on the questions.",Does the tutor stop the student?,Yes,No,0,Ambiguity (incorrect),7,3.0052852630615234,the,the,4
29,20,singular,AGREE,7,"After the tutor stops, the student starts working independently on the questions.",Does the tutor stop the student?,Yes,No,0,Ambiguity (incorrect),7,7.715886116027832,student,student,5
29,20,singular,AGREE,7,"After the tutor stops, the student starts working independently on the questions.",Does the tutor stop the student?,Yes,No,0,Ambiguity (incorrect),7,8.6672945022583,starts,starts,6
29,20,singular,AGREE,7,"After the tutor stops, the student starts working independently on the questions.",Does the tutor stop the student?,Yes,No,0,Ambiguity (incorrect),7,4.706840991973877,working,working,7
29,20,singular,AGREE,7,"After the tutor stops, the student starts working independently on the questions.",Does the tutor stop the student?,Yes,No,0,Ambiguity (incorrect),7,8.89981460571289,independently,independently,8
29,20,singular,AGREE,7,"After the tutor stops, the student starts working independently on the questions.",Does the tutor stop the student?,Yes,No,0,Ambiguity (incorrect),7,2.815505027770996,on,on,9
29,20,singular,AGREE,7,"After the tutor stops, the student starts working independently on the questions.",Does the tutor stop the student?,Yes,No,0,Ambiguity (incorrect),7,0.9560207724571228,the,the,10
30,21,plural,UNAGREE,8,"Once the head surgeon begins, the operations achieves incredible results given the risks involved.",Are the operations successful?,Yes,No,1,Main clause,8,-1,Once,Once,0
30,21,plural,UNAGREE,8,"Once the head surgeon begins, the operations achieves incredible results given the risks involved.",Are the operations successful?,Yes,No,1,Main clause,8,1.8666551113128662,the,the,1
30,21,plural,UNAGREE,8,"Once the head surgeon begins, the operations achieves incredible results given the risks involved.",Are the operations successful?,Yes,No,1,Main clause,8,6.451526165008545,head,head,2
30,21,plural,UNAGREE,8,"Once the head surgeon begins, the operations achieves incredible results given the risks involved.",Are the operations successful?,Yes,No,1,Main clause,8,9.954713821411133,surgeon,surgeon,3
30,21,plural,UNAGREE,8,"Once the head surgeon begins, the operations achieves incredible results given the risks involved.",Are the operations successful?,Yes,No,1,Main clause,8,5.6394500732421875,"begins.,","begins,",4
30,21,plural,UNAGREE,8,"Once the head surgeon begins, the operations achieves incredible results given the risks involved.",Are the operations successful?,Yes,No,1,Main clause,8,2.7425854206085205,the,the,5
30,21,plural,UNAGREE,8,"Once the head surgeon begins, the operations achieves incredible results given the risks involved.",Are the operations successful?,Yes,No,1,Main clause,8,10.019882202148438,operations,operations,6
30,21,plural,UNAGREE,8,"Once the head surgeon begins, the operations achieves incredible results given the risks involved.",Are the operations successful?,Yes,No,1,Main clause,8,15.019322395324707,achieves,achieves,7
30,21,plural,UNAGREE,8,"Once the head surgeon begins, the operations achieves incredible results given the risks involved.",Are the operations successful?,Yes,No,1,Main clause,8,9.582406997680664,incredible,incredible,8
30,21,plural,UNAGREE,8,"Once the head surgeon begins, the operations achieves incredible results given the risks involved.",Are the operations successful?,Yes,No,1,Main clause,8,5.000676155090332,results,results,9
30,21,plural,UNAGREE,8,"Once the head surgeon begins, the operations achieves incredible results given the risks involved.",Are the operations successful?,Yes,No,1,Main clause,8,10.136112213134766,given,given,10
30,21,plural,UNAGREE,8,"Once the head surgeon begins, the operations achieves incredible results given the risks involved.",Are the operations successful?,Yes,No,1,Main clause,8,3.7696216106414795,the,the,11
30,21,plural,UNAGREE,8,"Once the head surgeon begins, the operations achieves incredible results given the risks involved.",Are the operations successful?,Yes,No,1,Main clause,8,6.935896873474121,risks,risks,12
31,21,singular,AGREE,8,"Once the head surgeon begins, the operation achieves incredible results given the risks involved.",Is the operation successful?,Yes,No,1,Main clause,8,-1,Once,Once,0
31,21,singular,AGREE,8,"Once the head surgeon begins, the operation achieves incredible results given the risks involved.",Is the operation successful?,Yes,No,1,Main clause,8,1.8666551113128662,the,the,1
31,21,singular,AGREE,8,"Once the head surgeon begins, the operation achieves incredible results given the risks involved.",Is the operation successful?,Yes,No,1,Main clause,8,6.451526165008545,head,head,2
31,21,singular,AGREE,8,"Once the head surgeon begins, the operation achieves incredible results given the risks involved.",Is the operation successful?,Yes,No,1,Main clause,8,9.954713821411133,surgeon,surgeon,3
31,21,singular,AGREE,8,"Once the head surgeon begins, the operation achieves incredible results given the risks involved.",Is the operation successful?,Yes,No,1,Main clause,8,5.6394500732421875,"begins.,","begins,",4
31,21,singular,AGREE,8,"Once the head surgeon begins, the operation achieves incredible results given the risks involved.",Is the operation successful?,Yes,No,1,Main clause,8,2.7425854206085205,the,the,5
31,21,singular,AGREE,8,"Once the head surgeon begins, the operation achieves incredible results given the risks involved.",Is the operation successful?,Yes,No,1,Main clause,8,7.692809104919434,operation,operation,6
31,21,singular,AGREE,8,"Once the head surgeon begins, the operation achieves incredible results given the risks involved.",Is the operation successful?,Yes,No,1,Main clause,8,10.380216598510742,achieves,achieves,7
31,21,singular,AGREE,8,"Once the head surgeon begins, the operation achieves incredible results given the risks involved.",Is the operation successful?,Yes,No,1,Main clause,8,10.473304748535156,incredible,incredible,8
31,21,singular,AGREE,8,"Once the head surgeon begins, the operation achieves incredible results given the risks involved.",Is the operation successful?,Yes,No,1,Main clause,8,4.840259075164795,results,results,9
31,21,singular,AGREE,8,"Once the head surgeon begins, the operation achieves incredible results given the risks involved.",Is the operation successful?,Yes,No,1,Main clause,8,10.022245407104492,given,given,10
31,21,singular,AGREE,8,"Once the head surgeon begins, the operation achieves incredible results given the risks involved.",Is the operation successful?,Yes,No,1,Main clause,8,4.240138053894043,the,the,11
31,21,singular,AGREE,8,"Once the head surgeon begins, the operation achieves incredible results given the risks involved.",Is the operation successful?,Yes,No,1,Main clause,8,7.0180158615112305,risks,risks,12
32,23,plural,UNAGREE,7,"After the producer starts, the auditions separates mediocre actors from talented ones.",Do some actors perform better than others at the audition?,Yes,No,1,Main clause,7,-1,After,After,0
32,23,plural,UNAGREE,7,"After the producer starts, the auditions separates mediocre actors from talented ones.",Do some actors perform better than others at the audition?,Yes,No,1,Main clause,7,1.297221302986145,the,the,1
32,23,plural,UNAGREE,7,"After the producer starts, the auditions separates mediocre actors from talented ones.",Do some actors perform better than others at the audition?,Yes,No,1,Main clause,7,10.403879165649414,producer,producer,2
32,23,plural,UNAGREE,7,"After the producer starts, the auditions separates mediocre actors from talented ones.",Do some actors perform better than others at the audition?,Yes,No,1,Main clause,7,6.232499361038208,"starts.,","starts,",3
32,23,plural,UNAGREE,7,"After the producer starts, the auditions separates mediocre actors from talented ones.",Do some actors perform better than others at the audition?,Yes,No,1,Main clause,7,3.1321568489074707,the,the,4
32,23,plural,UNAGREE,7,"After the producer starts, the auditions separates mediocre actors from talented ones.",Do some actors perform better than others at the audition?,Yes,No,1,Main clause,7,11.402815818786621,auditions,auditions,5
32,23,plural,UNAGREE,7,"After the producer starts, the auditions separates mediocre actors from talented ones.",Do some actors perform better than others at the audition?,Yes,No,1,Main clause,7,15.002213478088379,separates,separates,6
32,23,plural,UNAGREE,7,"After the producer starts, the auditions separates mediocre actors from talented ones.",Do some actors perform better than others at the audition?,Yes,No,1,Main clause,7,13.034465789794922,mediocre,mediocre,7
32,23,plural,UNAGREE,7,"After the producer starts, the auditions separates mediocre actors from talented ones.",Do some actors perform better than others at the audition?,Yes,No,1,Main clause,7,7.2268829345703125,actors,actors,8
32,23,plural,UNAGREE,7,"After the producer starts, the auditions separates mediocre actors from talented ones.",Do some actors perform better than others at the audition?,Yes,No,1,Main clause,7,1.4621188640594482,from,from,9
32,23,plural,UNAGREE,7,"After the producer starts, the auditions separates mediocre actors from talented ones.",Do some actors perform better than others at the audition?,Yes,No,1,Main clause,7,11.126592636108398,talented,talented,10
33,23,singular,AGREE,7,"After the producer starts, the audition separates mediocre actors from talented ones.",Do some actors perform better than others at the auditions?,Yes,No,1,Main clause,7,-1,After,After,0
33,23,singular,AGREE,7,"After the producer starts, the audition separates mediocre actors from talented ones.",Do some actors perform better than others at the auditions?,Yes,No,1,Main clause,7,1.297221302986145,the,the,1
33,23,singular,AGREE,7,"After the producer starts, the audition separates mediocre actors from talented ones.",Do some actors perform better than others at the auditions?,Yes,No,1,Main clause,7,10.403879165649414,producer,producer,2
33,23,singular,AGREE,7,"After the producer starts, the audition separates mediocre actors from talented ones.",Do some actors perform better than others at the auditions?,Yes,No,1,Main clause,7,6.232499361038208,"starts.,","starts,",3
33,23,singular,AGREE,7,"After the producer starts, the audition separates mediocre actors from talented ones.",Do some actors perform better than others at the auditions?,Yes,No,1,Main clause,7,3.1321568489074707,the,the,4
33,23,singular,AGREE,7,"After the producer starts, the audition separates mediocre actors from talented ones.",Do some actors perform better than others at the auditions?,Yes,No,1,Main clause,7,10.389270782470703,audition,audition,5
33,23,singular,AGREE,7,"After the producer starts, the audition separates mediocre actors from talented ones.",Do some actors perform better than others at the auditions?,Yes,No,1,Main clause,7,12.502193450927734,separates,separates,6
33,23,singular,AGREE,7,"After the producer starts, the audition separates mediocre actors from talented ones.",Do some actors perform better than others at the auditions?,Yes,No,1,Main clause,7,13.111416816711426,mediocre,mediocre,7
33,23,singular,AGREE,7,"After the producer starts, the audition separates mediocre actors from talented ones.",Do some actors perform better than others at the auditions?,Yes,No,1,Main clause,7,7.081803321838379,actors,actors,8
33,23,singular,AGREE,7,"After the producer starts, the audition separates mediocre actors from talented ones.",Do some actors perform better than others at the auditions?,Yes,No,1,Main clause,7,1.4845556020736694,from,from,9
33,23,singular,AGREE,7,"After the producer starts, the audition separates mediocre actors from talented ones.",Do some actors perform better than others at the auditions?,Yes,No,1,Main clause,7,11.451498031616211,talented,talented,10
34,24,plural,UNAGREE,8,"However hard the scientist works, his experiments produces smaller amounts of alcohol than expected.",Do the experiments produce excessive alcohol?,Yes,No,0,Main clause,8,-1,However,However,0
34,24,plural,UNAGREE,8,"However hard the scientist works, his experiments produces smaller amounts of alcohol than expected.",Do the experiments produce excessive alcohol?,Yes,No,0,Main clause,8,10.040060043334961,hard,hard,1
34,24,plural,UNAGREE,8,"However hard the scientist works, his experiments produces smaller amounts of alcohol than expected.",Do the experiments produce excessive alcohol?,Yes,No,0,Main clause,8,4.249563217163086,the,the,2
34,24,plural,UNAGREE,8,"However hard the scientist works, his experiments produces smaller amounts of alcohol than expected.",Do the experiments produce excessive alcohol?,Yes,No,0,Main clause,8,9.563799858093262,scientist,scientist,3
34,24,plural,UNAGREE,8,"However hard the scientist works, his experiments produces smaller amounts of alcohol than expected.",Do the experiments produce excessive alcohol?,Yes,No,0,Main clause,8,5.681338548660278,"works.,","works,",4
34,24,plural,UNAGREE,8,"However hard the scientist works, his experiments produces smaller amounts of alcohol than expected.",Do the experiments produce excessive alcohol?,Yes,No,0,Main clause,8,6.01625919342041,his,his,5
34,24,plural,UNAGREE,8,"However hard the scientist works, his experiments produces smaller amounts of alcohol than expected.",Do the experiments produce excessive alcohol?,Yes,No,0,Main clause,8,7.726811408996582,experiments,experiments,6
34,24,plural,UNAGREE,8,"However hard the scientist works, his experiments produces smaller amounts of alcohol than expected.",Do the experiments produce excessive alcohol?,Yes,No,0,Main clause,8,12.574197769165039,produces,produces,7
34,24,plural,UNAGREE,8,"However hard the scientist works, his experiments produces smaller amounts of alcohol than expected.",Do the experiments produce excessive alcohol?,Yes,No,0,Main clause,8,8.040681838989258,smaller,smaller,8
34,24,plural,UNAGREE,8,"However hard the scientist works, his experiments produces smaller amounts of alcohol than expected.",Do the experiments produce excessive alcohol?,Yes,No,0,Main clause,8,3.217317819595337,amounts,amounts,9
34,24,plural,UNAGREE,8,"However hard the scientist works, his experiments produces smaller amounts of alcohol than expected.",Do the experiments produce excessive alcohol?,Yes,No,0,Main clause,8,0.08178875595331192,of,of,10
34,24,plural,UNAGREE,8,"However hard the scientist works, his experiments produces smaller amounts of alcohol than expected.",Do the experiments produce excessive alcohol?,Yes,No,0,Main clause,8,6.664383411407471,alcohol,alcohol,11
34,24,plural,UNAGREE,8,"However hard the scientist works, his experiments produces smaller amounts of alcohol than expected.",Do the experiments produce excessive alcohol?,Yes,No,0,Main clause,8,4.8506903648376465,than,than,12
35,24,singular,AGREE,8,"However hard the scientist works, his experiment produces smaller amounts of alcohol than expected.",Does the experiment produce excessive alcohol?,Yes,No,0,Main clause,8,-1,However,However,0
35,24,singular,AGREE,8,"However hard the scientist works, his experiment produces smaller amounts of alcohol than expected.",Does the experiment produce excessive alcohol?,Yes,No,0,Main clause,8,10.040060043334961,hard,hard,1
35,24,singular,AGREE,8,"However hard the scientist works, his experiment produces smaller amounts of alcohol than expected.",Does the experiment produce excessive alcohol?,Yes,No,0,Main clause,8,4.249563217163086,the,the,2
35,24,singular,AGREE,8,"However hard the scientist works, his experiment produces smaller amounts of alcohol than expected.",Does the experiment produce excessive alcohol?,Yes,No,0,Main clause,8,9.563799858093262,scientist,scientist,3
35,24,singular,AGREE,8,"However hard the scientist works, his experiment produces smaller amounts of alcohol than expected.",Does the experiment produce excessive alcohol?,Yes,No,0,Main clause,8,5.681338548660278,"works.,","works,",4
35,24,singular,AGREE,8,"However hard the scientist works, his experiment produces smaller amounts of alcohol than expected.",Does the experiment produce excessive alcohol?,Yes,No,0,Main clause,8,6.01625919342041,his,his,5
35,24,singular,AGREE,8,"However hard the scientist works, his experiment produces smaller amounts of alcohol than expected.",Does the experiment produce excessive alcohol?,Yes,No,0,Main clause,8,8.555460929870605,experiment,experiment,6
35,24,singular,AGREE,8,"However hard the scientist works, his experiment produces smaller amounts of alcohol than expected.",Does the experiment produce excessive alcohol?,Yes,No,0,Main clause,8,9.470975875854492,produces,produces,7
35,24,singular,AGREE,8,"However hard the scientist works, his experiment produces smaller amounts of alcohol than expected.",Does the experiment produce excessive alcohol?,Yes,No,0,Main clause,8,8.40265941619873,smaller,smaller,8
35,24,singular,AGREE,8,"However hard the scientist works, his experiment produces smaller amounts of alcohol than expected.",Does the experiment produce excessive alcohol?,Yes,No,0,Main clause,8,3.188042640686035,amounts,amounts,9
35,24,singular,AGREE,8,"However hard the scientist works, his experiment produces smaller amounts of alcohol than expected.",Does the experiment produce excessive alcohol?,Yes,No,0,Main clause,8,0.09385902434587479,of,of,10
35,24,singular,AGREE,8,"However hard the scientist works, his experiment produces smaller amounts of alcohol than expected.",Does the experiment produce excessive alcohol?,Yes,No,0,Main clause,8,6.517597675323486,alcohol,alcohol,11
35,24,singular,AGREE,8,"However hard the scientist works, his experiment produces smaller amounts of alcohol than expected.",Does the experiment produce excessive alcohol?,Yes,No,0,Main clause,8,4.961437225341797,than,than,12
