,#,disambPosition,Sentence,Unnamed: 3,Unnamed: 4,Unnamed: 5,Ans,Ans.1,Type,Unnamed: 9,Unnamed: 10,Unnamed: 11,Unnamed: 12,Unnamed: 13,Unnamed: 14,disambPosition_0idx,token,word,word_pos,sumsurprisal,meansurprisal
0,49,13,"In the lobby, Clyde bumped into the chauffeur of the CEO who is reckless and very unpopular with the company.",Where was Clyde?,In the lobby,At the company\'s offices,1.0,1.0,Non-ambig,1.0,,,,,,13,In,In,0,3.266831874847412,3.266831874847412
0,49,13,"In the lobby, Clyde bumped into the chauffeur of the CEO who is reckless and very unpopular with the company.",Where was Clyde?,In the lobby,At the company\'s offices,1.0,1.0,Non-ambig,1.0,,,,,,13,the,the,1,1.8980865478515625,1.8980865478515625
1,49,13,"In the lobby, Clyde bumped into the chauffeur of the CEOs who is reckless and very unpopular with the company.",Where was Clyde?,In the lobby,At the company\'s offices,1.0,1.0,Non-ambig,,,1.0,,,,13,In,In,0,3.266831874847412,3.266831874847412
1,49,13,"In the lobby, Clyde bumped into the chauffeur of the CEOs who is reckless and very unpopular with the company.",Where was Clyde?,In the lobby,At the company\'s offices,1.0,1.0,Non-ambig,,,1.0,,,,13,the,the,1,1.8980865478515625,1.8980865478515625
2,49,13,"In the lobby, Clyde bumped into the chauffeurs of the CEO who is reckless and very unpopular with the company.",Where was Clyde?,In the lobby,At the company\'s offices,1.0,1.0,Non-ambig,,,,,1.0,,13,In,In,0,3.266831874847412,3.266831874847412
2,49,13,"In the lobby, Clyde bumped into the chauffeurs of the CEO who is reckless and very unpopular with the company.",Where was Clyde?,In the lobby,At the company\'s offices,1.0,1.0,Non-ambig,,,,,1.0,,13,the,the,1,1.8980865478515625,1.8980865478515625
3,50,12,Edwin has been reading about the sister of the actor who was visiting the resort in Death Valley.,Where was the resort? ,The desert,The seaside,1.0,1.0,Non-ambig,,,,,1.0,,12,Edwin,Edwin,0,10.835602760314941,10.835602760314941
3,50,12,Edwin has been reading about the sister of the actor who was visiting the resort in Death Valley.,Where was the resort? ,The desert,The seaside,1.0,1.0,Non-ambig,,,,,1.0,,12,has,has,1,10.363858222961426,10.363858222961426
3,50,12,Edwin has been reading about the sister of the actor who was visiting the resort in Death Valley.,Where was the resort? ,The desert,The seaside,1.0,1.0,Non-ambig,,,,,1.0,,12,been,been,2,1.7171916961669922,1.7171916961669922
3,50,12,Edwin has been reading about the sister of the actor who was visiting the resort in Death Valley.,Where was the resort? ,The desert,The seaside,1.0,1.0,Non-ambig,,,,,1.0,,12,reading,reading,3,7.985790252685547,7.985790252685547
3,50,12,Edwin has been reading about the sister of the actor who was visiting the resort in Death Valley.,Where was the resort? ,The desert,The seaside,1.0,1.0,Non-ambig,,,,,1.0,,12,about,about,4,4.983379364013672,4.983379364013672
3,50,12,Edwin has been reading about the sister of the actor who was visiting the resort in Death Valley.,Where was the resort? ,The desert,The seaside,1.0,1.0,Non-ambig,,,,,1.0,,12,the,the,5,3.9830970764160156,3.9830970764160156
3,50,12,Edwin has been reading about the sister of the actor who was visiting the resort in Death Valley.,Where was the resort? ,The desert,The seaside,1.0,1.0,Non-ambig,,,,,1.0,,12,sister,sister,6,10.512821197509766,10.512821197509766
3,50,12,Edwin has been reading about the sister of the actor who was visiting the resort in Death Valley.,Where was the resort? ,The desert,The seaside,1.0,1.0,Non-ambig,,,,,1.0,,12,of,of,7,2.3509368896484375,2.3509368896484375
3,50,12,Edwin has been reading about the sister of the actor who was visiting the resort in Death Valley.,Where was the resort? ,The desert,The seaside,1.0,1.0,Non-ambig,,,,,1.0,,12,the,the,8,1.4350662231445312,1.4350662231445312
3,50,12,Edwin has been reading about the sister of the actor who was visiting the resort in Death Valley.,Where was the resort? ,The desert,The seaside,1.0,1.0,Non-ambig,,,,,1.0,,12,actor,actor,9,9.563636779785156,9.563636779785156
3,50,12,Edwin has been reading about the sister of the actor who was visiting the resort in Death Valley.,Where was the resort? ,The desert,The seaside,1.0,1.0,Non-ambig,,,,,1.0,,12,who,who,10,3.6323585510253906,3.6323585510253906
3,50,12,Edwin has been reading about the sister of the actor who was visiting the resort in Death Valley.,Where was the resort? ,The desert,The seaside,1.0,1.0,Non-ambig,,,,,1.0,,12,was,was,11,10.5889892578125,10.5889892578125
3,50,12,Edwin has been reading about the sister of the actor who was visiting the resort in Death Valley.,Where was the resort? ,The desert,The seaside,1.0,1.0,Non-ambig,,,,,1.0,,12,visiting,visiting,12,12.265739440917969,12.265739440917969
3,50,12,Edwin has been reading about the sister of the actor who was visiting the resort in Death Valley.,Where was the resort? ,The desert,The seaside,1.0,1.0,Non-ambig,,,,,1.0,,12,the,the,13,2.4000015258789062,2.4000015258789062
3,50,12,Edwin has been reading about the sister of the actor who was visiting the resort in Death Valley.,Where was the resort? ,The desert,The seaside,1.0,1.0,Non-ambig,,,,,1.0,,12,resort,resort,14,9.17041015625,9.17041015625
3,50,12,Edwin has been reading about the sister of the actor who was visiting the resort in Death Valley.,Where was the resort? ,The desert,The seaside,1.0,1.0,Non-ambig,,,,,1.0,,12,in,in,15,2.941619873046875,2.941619873046875
3,50,12,Edwin has been reading about the sister of the actor who was visiting the resort in Death Valley.,Where was the resort? ,The desert,The seaside,1.0,1.0,Non-ambig,,,,,1.0,,12,Death,Death,16,13.1875,13.1875
3,50,12,Edwin has been reading about the sister of the actor who was visiting the resort in Death Valley.,Where was the resort? ,The desert,The seaside,1.0,1.0,Non-ambig,,,,,1.0,,12,Valley..,Valley.,17,12.512969970703125,6.2564849853515625
4,50,12,Edwin has been reading about the sister of the actors who was visiting the resort in Death Valley.,Where was the resort? ,The desert,The seaside,1.0,1.0,Non-ambig,1.0,,,,,,12,Edwin,Edwin,0,10.835602760314941,10.835602760314941
4,50,12,Edwin has been reading about the sister of the actors who was visiting the resort in Death Valley.,Where was the resort? ,The desert,The seaside,1.0,1.0,Non-ambig,1.0,,,,,,12,has,has,1,10.363858222961426,10.363858222961426
4,50,12,Edwin has been reading about the sister of the actors who was visiting the resort in Death Valley.,Where was the resort? ,The desert,The seaside,1.0,1.0,Non-ambig,1.0,,,,,,12,been,been,2,1.7171916961669922,1.7171916961669922
4,50,12,Edwin has been reading about the sister of the actors who was visiting the resort in Death Valley.,Where was the resort? ,The desert,The seaside,1.0,1.0,Non-ambig,1.0,,,,,,12,reading,reading,3,7.985790252685547,7.985790252685547
4,50,12,Edwin has been reading about the sister of the actors who was visiting the resort in Death Valley.,Where was the resort? ,The desert,The seaside,1.0,1.0,Non-ambig,1.0,,,,,,12,about,about,4,4.983379364013672,4.983379364013672
4,50,12,Edwin has been reading about the sister of the actors who was visiting the resort in Death Valley.,Where was the resort? ,The desert,The seaside,1.0,1.0,Non-ambig,1.0,,,,,,12,the,the,5,3.9830970764160156,3.9830970764160156
4,50,12,Edwin has been reading about the sister of the actors who was visiting the resort in Death Valley.,Where was the resort? ,The desert,The seaside,1.0,1.0,Non-ambig,1.0,,,,,,12,sister,sister,6,10.512821197509766,10.512821197509766
4,50,12,Edwin has been reading about the sister of the actors who was visiting the resort in Death Valley.,Where was the resort? ,The desert,The seaside,1.0,1.0,Non-ambig,1.0,,,,,,12,of,of,7,2.3509368896484375,2.3509368896484375
4,50,12,Edwin has been reading about the sister of the actors who was visiting the resort in Death Valley.,Where was the resort? ,The desert,The seaside,1.0,1.0,Non-ambig,1.0,,,,,,12,the,the,8,1.4350662231445312,1.4350662231445312
4,50,12,Edwin has been reading about the sister of the actors who was visiting the resort in Death Valley.,Where was the resort? ,The desert,The seaside,1.0,1.0,Non-ambig,1.0,,,,,,12,actors,actors,9,10.632282257080078,10.632282257080078
4,50,12,Edwin has been reading about the sister of the actors who was visiting the resort in Death Valley.,Where was the resort? ,The desert,The seaside,1.0,1.0,Non-ambig,1.0,,,,,,12,who,who,10,3.6830978393554688,3.6830978393554688
4,50,12,Edwin has been reading about the sister of the actors who was visiting the resort in Death Valley.,Where was the resort? ,The desert,The seaside,1.0,1.0,Non-ambig,1.0,,,,,,12,was,was,11,10.808509826660156,10.808509826660156
4,50,12,Edwin has been reading about the sister of the actors who was visiting the resort in Death Valley.,Where was the resort? ,The desert,The seaside,1.0,1.0,Non-ambig,1.0,,,,,,12,visiting,visiting,12,12.153556823730469,12.153556823730469
4,50,12,Edwin has been reading about the sister of the actors who was visiting the resort in Death Valley.,Where was the resort? ,The desert,The seaside,1.0,1.0,Non-ambig,1.0,,,,,,12,the,the,13,2.1406784057617188,2.1406784057617188
4,50,12,Edwin has been reading about the sister of the actors who was visiting the resort in Death Valley.,Where was the resort? ,The desert,The seaside,1.0,1.0,Non-ambig,1.0,,,,,,12,resort,resort,14,9.250228881835938,9.250228881835938
4,50,12,Edwin has been reading about the sister of the actors who was visiting the resort in Death Valley.,Where was the resort? ,The desert,The seaside,1.0,1.0,Non-ambig,1.0,,,,,,12,in,in,15,3.035736083984375,3.035736083984375
4,50,12,Edwin has been reading about the sister of the actors who was visiting the resort in Death Valley.,Where was the resort? ,The desert,The seaside,1.0,1.0,Non-ambig,1.0,,,,,,12,Death,Death,16,13.260543823242188,13.260543823242188
4,50,12,Edwin has been reading about the sister of the actors who was visiting the resort in Death Valley.,Where was the resort? ,The desert,The seaside,1.0,1.0,Non-ambig,1.0,,,,,,12,Valley..,Valley.,17,13.137565612792969,6.568782806396484
5,50,12,Edwin has been reading about the sisters of the actor who was visiting the resort in Death Valley.,Where was the resort? ,The desert,The seaside,1.0,1.0,Non-ambig,,,1.0,,,,12,Edwin,Edwin,0,10.835602760314941,10.835602760314941
5,50,12,Edwin has been reading about the sisters of the actor who was visiting the resort in Death Valley.,Where was the resort? ,The desert,The seaside,1.0,1.0,Non-ambig,,,1.0,,,,12,has,has,1,10.363858222961426,10.363858222961426
5,50,12,Edwin has been reading about the sisters of the actor who was visiting the resort in Death Valley.,Where was the resort? ,The desert,The seaside,1.0,1.0,Non-ambig,,,1.0,,,,12,been,been,2,1.7171916961669922,1.7171916961669922
5,50,12,Edwin has been reading about the sisters of the actor who was visiting the resort in Death Valley.,Where was the resort? ,The desert,The seaside,1.0,1.0,Non-ambig,,,1.0,,,,12,reading,reading,3,7.985790252685547,7.985790252685547
5,50,12,Edwin has been reading about the sisters of the actor who was visiting the resort in Death Valley.,Where was the resort? ,The desert,The seaside,1.0,1.0,Non-ambig,,,1.0,,,,12,about,about,4,4.983379364013672,4.983379364013672
6,51,12,"From the gallery, Franny observed the nurse of the surgeon who was in charge of the operation currently underway.",Where was Franny?,The gallery,The operating room,1.0,1.0,Non-ambig,,,1.0,,,,12,From,From,0,7.139300346374512,7.139300346374512
6,51,12,"From the gallery, Franny observed the nurse of the surgeon who was in charge of the operation currently underway.",Where was Franny?,The gallery,The operating room,1.0,1.0,Non-ambig,,,1.0,,,,12,the,the,1,1.3386859893798828,1.3386859893798828
7,51,12,"From the gallery, Franny observed the nurse of the surgeons who was in charge of the operation currently underway.",Where was Franny?,The gallery,The operating room,1.0,1.0,Non-ambig,,,,,1.0,,12,From,From,0,7.139300346374512,7.139300346374512
7,51,12,"From the gallery, Franny observed the nurse of the surgeons who was in charge of the operation currently underway.",Where was Franny?,The gallery,The operating room,1.0,1.0,Non-ambig,,,,,1.0,,12,the,the,1,1.3386859893798828,1.3386859893798828
8,51,12,"From the gallery, Franny observed the nurses of the surgeon who was in charge of the operation currently underway.",Where was Franny?,The gallery,The operating room,1.0,1.0,Non-ambig,1.0,,,,,,12,From,From,0,7.139300346374512,7.139300346374512
8,51,12,"From the gallery, Franny observed the nurses of the surgeon who was in charge of the operation currently underway.",Where was Franny?,The gallery,The operating room,1.0,1.0,Non-ambig,1.0,,,,,,12,the,the,1,1.3386859893798828,1.3386859893798828
9,52,11,Gerald introduced himself to the niece of the billionaire who sails vintage yachts around the Vineyard.,What kind of yachts were sailed?,Old ones,Contemporary ones,1.0,1.0,Non-ambig,,1.0,,,,,11,Gerald,Gerald,0,8.402029991149902,8.402029991149902
9,52,11,Gerald introduced himself to the niece of the billionaire who sails vintage yachts around the Vineyard.,What kind of yachts were sailed?,Old ones,Contemporary ones,1.0,1.0,Non-ambig,,1.0,,,,,11,introduced,introduced,1,14.148972511291504,14.148972511291504
9,52,11,Gerald introduced himself to the niece of the billionaire who sails vintage yachts around the Vineyard.,What kind of yachts were sailed?,Old ones,Contemporary ones,1.0,1.0,Non-ambig,,1.0,,,,,11,himself,himself,2,6.266706466674805,6.266706466674805
9,52,11,Gerald introduced himself to the niece of the billionaire who sails vintage yachts around the Vineyard.,What kind of yachts were sailed?,Old ones,Contemporary ones,1.0,1.0,Non-ambig,,1.0,,,,,11,to,to,3,4.332357406616211,4.332357406616211
10,52,11,Gerald introduced himself to the niece of the billionaires who sails vintage yachts around the Vineyard.,What kind of yachts were sailed?,Old ones,Contemporary ones,1.0,1.0,Non-ambig,,,,1.0,,,11,Gerald,Gerald,0,8.402029991149902,8.402029991149902
10,52,11,Gerald introduced himself to the niece of the billionaires who sails vintage yachts around the Vineyard.,What kind of yachts were sailed?,Old ones,Contemporary ones,1.0,1.0,Non-ambig,,,,1.0,,,11,introduced,introduced,1,14.148972511291504,14.148972511291504
10,52,11,Gerald introduced himself to the niece of the billionaires who sails vintage yachts around the Vineyard.,What kind of yachts were sailed?,Old ones,Contemporary ones,1.0,1.0,Non-ambig,,,,1.0,,,11,himself,himself,2,6.266706466674805,6.266706466674805
10,52,11,Gerald introduced himself to the niece of the billionaires who sails vintage yachts around the Vineyard.,What kind of yachts were sailed?,Old ones,Contemporary ones,1.0,1.0,Non-ambig,,,,1.0,,,11,to,to,3,4.332357406616211,4.332357406616211
11,52,11,Gerald introduced himself to the nieces of the billionaire who sails vintage yachts around the Vineyard.,What kind of yachts were sailed?,Old ones,Contemporary ones,1.0,1.0,Non-ambig,,,,,,1.0,11,Gerald,Gerald,0,8.402029991149902,8.402029991149902
11,52,11,Gerald introduced himself to the nieces of the billionaire who sails vintage yachts around the Vineyard.,What kind of yachts were sailed?,Old ones,Contemporary ones,1.0,1.0,Non-ambig,,,,,,1.0,11,introduced,introduced,1,14.148972511291504,14.148972511291504
11,52,11,Gerald introduced himself to the nieces of the billionaire who sails vintage yachts around the Vineyard.,What kind of yachts were sailed?,Old ones,Contemporary ones,1.0,1.0,Non-ambig,,,,,,1.0,11,himself,himself,2,6.266706466674805,6.266706466674805
11,52,11,Gerald introduced himself to the nieces of the billionaire who sails vintage yachts around the Vineyard.,What kind of yachts were sailed?,Old ones,Contemporary ones,1.0,1.0,Non-ambig,,,,,,1.0,11,to,to,3,4.332357406616211,4.332357406616211
12,53,13,"At the potluck, Marcus chatted with the aunt of the nun who bakes sugar cookies with cute designs.",What kind of cookies were they?,Oatmeal cookies,Sugar cookies,0.0,0.0,Non-ambig,,,,,,1.0,13,At,At,0,4.905970573425293,4.905970573425293
13,53,13,"At the potluck, Marcus chatted with the aunt of the nuns who bakes sugar cookies with cute designs.",What kind of cookies were they?,Oatmeal cookies,Sugar cookies,0.0,0.0,Non-ambig,,1.0,,,,,13,At,At,0,4.905970573425293,4.905970573425293
14,53,13,"At the potluck, Marcus chatted with the aunts of the nun who bakes sugar cookies with cute designs.",What kind of cookies were they?,Oatmeal cookies,Sugar cookies,0.0,0.0,Non-ambig,,,,1.0,,,13,At,At,0,4.905970573425293,4.905970573425293
15,54,13,"During the budget negotiation, Janet charmed the assistant of the executive who decides almost everything in secret.",What was the venue?,A casual party,A business meeting,0.0,0.0,Non-ambig,,,,1.0,,,13,During,During,0,6.537725925445557,6.537725925445557
15,54,13,"During the budget negotiation, Janet charmed the assistant of the executive who decides almost everything in secret.",What was the venue?,A casual party,A business meeting,0.0,0.0,Non-ambig,,,,1.0,,,13,the,the,1,0.4425020217895508,0.4425020217895508
15,54,13,"During the budget negotiation, Janet charmed the assistant of the executive who decides almost everything in secret.",What was the venue?,A casual party,A business meeting,0.0,0.0,Non-ambig,,,,1.0,,,13,budget,budget,2,9.47718620300293,9.47718620300293
15,54,13,"During the budget negotiation, Janet charmed the assistant of the executive who decides almost everything in secret.",What was the venue?,A casual party,A business meeting,0.0,0.0,Non-ambig,,,,1.0,,,13,"negotiation.,","negotiation,",3,18.138952255249023,9.069476127624512
16,54,13,"During the budget negotiation, Janet charmed the assistant of the executives who decides almost everything in secret.",What was the venue?,A casual party,A business meeting,0.0,0.0,Non-ambig,,,,,,1.0,13,During,During,0,6.537725925445557,6.537725925445557
16,54,13,"During the budget negotiation, Janet charmed the assistant of the executives who decides almost everything in secret.",What was the venue?,A casual party,A business meeting,0.0,0.0,Non-ambig,,,,,,1.0,13,the,the,1,0.4425020217895508,0.4425020217895508
16,54,13,"During the budget negotiation, Janet charmed the assistant of the executives who decides almost everything in secret.",What was the venue?,A casual party,A business meeting,0.0,0.0,Non-ambig,,,,,,1.0,13,budget,budget,2,9.47718620300293,9.47718620300293
16,54,13,"During the budget negotiation, Janet charmed the assistant of the executives who decides almost everything in secret.",What was the venue?,A casual party,A business meeting,0.0,0.0,Non-ambig,,,,,,1.0,13,"negotiation.,","negotiation,",3,18.138952255249023,9.069476127624512
17,54,13,"During the budget negotiation, Janet charmed the assistants of the executive who decides almost everything in secret.",What was the venue?,A casual party,A business meeting,0.0,0.0,Non-ambig,,1.0,,,,,13,During,During,0,6.537725925445557,6.537725925445557
17,54,13,"During the budget negotiation, Janet charmed the assistants of the executive who decides almost everything in secret.",What was the venue?,A casual party,A business meeting,0.0,0.0,Non-ambig,,1.0,,,,,13,the,the,1,0.4425020217895508,0.4425020217895508
17,54,13,"During the budget negotiation, Janet charmed the assistants of the executive who decides almost everything in secret.",What was the venue?,A casual party,A business meeting,0.0,0.0,Non-ambig,,1.0,,,,,13,budget,budget,2,9.47718620300293,9.47718620300293
17,54,13,"During the budget negotiation, Janet charmed the assistants of the executive who decides almost everything in secret.",What was the venue?,A casual party,A business meeting,0.0,0.0,Non-ambig,,1.0,,,,,13,"negotiation.,","negotiation,",3,18.138952255249023,9.069476127624512
18,55,14,"On the fishing trip, we laughed at the uncle of the sailor who was confused about the motor on the boat.",Who got confused?,The uncle,The sailor,,,Ambig,1.0,,,,,,14,On,On,0,5.2654900550842285,5.2654900550842285
18,55,14,"On the fishing trip, we laughed at the uncle of the sailor who was confused about the motor on the boat.",Who got confused?,The uncle,The sailor,,,Ambig,1.0,,,,,,14,the,the,1,1.241255760192871,1.241255760192871
18,55,14,"On the fishing trip, we laughed at the uncle of the sailor who was confused about the motor on the boat.",Who got confused?,The uncle,The sailor,,,Ambig,1.0,,,,,,14,fishing,fishing,2,12.792875289916992,12.792875289916992
18,55,14,"On the fishing trip, we laughed at the uncle of the sailor who was confused about the motor on the boat.",Who got confused?,The uncle,The sailor,,,Ambig,1.0,,,,,,14,"trip.,","trip,",3,9.953298568725586,4.976649284362793
18,55,14,"On the fishing trip, we laughed at the uncle of the sailor who was confused about the motor on the boat.",Who got confused?,The uncle,The sailor,,,Ambig,1.0,,,,,,14,we,we,4,4.88514518737793,4.88514518737793
18,55,14,"On the fishing trip, we laughed at the uncle of the sailor who was confused about the motor on the boat.",Who got confused?,The uncle,The sailor,,,Ambig,1.0,,,,,,14,laughed,laughed,5,10.012958526611328,10.012958526611328
18,55,14,"On the fishing trip, we laughed at the uncle of the sailor who was confused about the motor on the boat.",Who got confused?,The uncle,The sailor,,,Ambig,1.0,,,,,,14,at,at,6,4.618656158447266,4.618656158447266
18,55,14,"On the fishing trip, we laughed at the uncle of the sailor who was confused about the motor on the boat.",Who got confused?,The uncle,The sailor,,,Ambig,1.0,,,,,,14,the,the,7,1.1900138854980469,1.1900138854980469
18,55,14,"On the fishing trip, we laughed at the uncle of the sailor who was confused about the motor on the boat.",Who got confused?,The uncle,The sailor,,,Ambig,1.0,,,,,,14,uncle,uncle,8,12.321479797363281,12.321479797363281
18,55,14,"On the fishing trip, we laughed at the uncle of the sailor who was confused about the motor on the boat.",Who got confused?,The uncle,The sailor,,,Ambig,1.0,,,,,,14,of,of,9,0.8661842346191406,0.8661842346191406
19,55,14,"On the fishing trip, we laughed at the uncle of the sailors who was confused about the motor on the boat.",Who got confused?,The uncle,The sailors,1.0,1.0,Ambig,,,1.0,,,,14,On,On,0,5.2654900550842285,5.2654900550842285
19,55,14,"On the fishing trip, we laughed at the uncle of the sailors who was confused about the motor on the boat.",Who got confused?,The uncle,The sailors,1.0,1.0,Ambig,,,1.0,,,,14,the,the,1,1.241255760192871,1.241255760192871
19,55,14,"On the fishing trip, we laughed at the uncle of the sailors who was confused about the motor on the boat.",Who got confused?,The uncle,The sailors,1.0,1.0,Ambig,,,1.0,,,,14,fishing,fishing,2,12.792875289916992,12.792875289916992
19,55,14,"On the fishing trip, we laughed at the uncle of the sailors who was confused about the motor on the boat.",Who got confused?,The uncle,The sailors,1.0,1.0,Ambig,,,1.0,,,,14,"trip.,","trip,",3,9.953298568725586,4.976649284362793
19,55,14,"On the fishing trip, we laughed at the uncle of the sailors who was confused about the motor on the boat.",Who got confused?,The uncle,The sailors,1.0,1.0,Ambig,,,1.0,,,,14,we,we,4,4.88514518737793,4.88514518737793
19,55,14,"On the fishing trip, we laughed at the uncle of the sailors who was confused about the motor on the boat.",Who got confused?,The uncle,The sailors,1.0,1.0,Ambig,,,1.0,,,,14,laughed,laughed,5,10.012958526611328,10.012958526611328
19,55,14,"On the fishing trip, we laughed at the uncle of the sailors who was confused about the motor on the boat.",Who got confused?,The uncle,The sailors,1.0,1.0,Ambig,,,1.0,,,,14,at,at,6,4.618656158447266,4.618656158447266
19,55,14,"On the fishing trip, we laughed at the uncle of the sailors who was confused about the motor on the boat.",Who got confused?,The uncle,The sailors,1.0,1.0,Ambig,,,1.0,,,,14,the,the,7,1.1900138854980469,1.1900138854980469
19,55,14,"On the fishing trip, we laughed at the uncle of the sailors who was confused about the motor on the boat.",Who got confused?,The uncle,The sailors,1.0,1.0,Ambig,,,1.0,,,,14,uncle,uncle,8,12.321479797363281,12.321479797363281
19,55,14,"On the fishing trip, we laughed at the uncle of the sailors who was confused about the motor on the boat.",Who got confused?,The uncle,The sailors,1.0,1.0,Ambig,,,1.0,,,,14,of,of,9,0.8661842346191406,0.8661842346191406
19,55,14,"On the fishing trip, we laughed at the uncle of the sailors who was confused about the motor on the boat.",Who got confused?,The uncle,The sailors,1.0,1.0,Ambig,,,1.0,,,,14,the,the,10,1.4650611877441406,1.4650611877441406
19,55,14,"On the fishing trip, we laughed at the uncle of the sailors who was confused about the motor on the boat.",Who got confused?,The uncle,The sailors,1.0,1.0,Ambig,,,1.0,,,,14,sailors,sailors,11,11.404106140136719,11.404106140136719
19,55,14,"On the fishing trip, we laughed at the uncle of the sailors who was confused about the motor on the boat.",Who got confused?,The uncle,The sailors,1.0,1.0,Ambig,,,1.0,,,,14,who,who,12,3.3179855346679688,3.3179855346679688
19,55,14,"On the fishing trip, we laughed at the uncle of the sailors who was confused about the motor on the boat.",Who got confused?,The uncle,The sailors,1.0,1.0,Ambig,,,1.0,,,,14,was,was,13,10.996925354003906,10.996925354003906
19,55,14,"On the fishing trip, we laughed at the uncle of the sailors who was confused about the motor on the boat.",Who got confused?,The uncle,The sailors,1.0,1.0,Ambig,,,1.0,,,,14,confused,confused,14,11.612884521484375,11.612884521484375
19,55,14,"On the fishing trip, we laughed at the uncle of the sailors who was confused about the motor on the boat.",Who got confused?,The uncle,The sailors,1.0,1.0,Ambig,,,1.0,,,,14,about,about,15,7.387939453125,7.387939453125
19,55,14,"On the fishing trip, we laughed at the uncle of the sailors who was confused about the motor on the boat.",Who got confused?,The uncle,The sailors,1.0,1.0,Ambig,,,1.0,,,,14,the,the,16,2.4225006103515625,2.4225006103515625
19,55,14,"On the fishing trip, we laughed at the uncle of the sailors who was confused about the motor on the boat.",Who got confused?,The uncle,The sailors,1.0,1.0,Ambig,,,1.0,,,,14,motor,motor,17,10.689186096191406,10.689186096191406
19,55,14,"On the fishing trip, we laughed at the uncle of the sailors who was confused about the motor on the boat.",Who got confused?,The uncle,The sailors,1.0,1.0,Ambig,,,1.0,,,,14,on,on,18,5.818489074707031,5.818489074707031
19,55,14,"On the fishing trip, we laughed at the uncle of the sailors who was confused about the motor on the boat.",Who got confused?,The uncle,The sailors,1.0,1.0,Ambig,,,1.0,,,,14,the,the,19,1.27569580078125,1.27569580078125
19,55,14,"On the fishing trip, we laughed at the uncle of the sailors who was confused about the motor on the boat.",Who got confused?,The uncle,The sailors,1.0,1.0,Ambig,,,1.0,,,,14,boat..,boat.,20,11.767715454101562,5.883857727050781
20,55,14,"On the fishing trip, we laughed at the uncles of the sailor who was confused about the motor on the boat.",Who got confused?,The uncles,The sailor,0.0,0.0,Ambig,,,,,1.0,,14,On,On,0,5.2654900550842285,5.2654900550842285
20,55,14,"On the fishing trip, we laughed at the uncles of the sailor who was confused about the motor on the boat.",Who got confused?,The uncles,The sailor,0.0,0.0,Ambig,,,,,1.0,,14,the,the,1,1.241255760192871,1.241255760192871
20,55,14,"On the fishing trip, we laughed at the uncles of the sailor who was confused about the motor on the boat.",Who got confused?,The uncles,The sailor,0.0,0.0,Ambig,,,,,1.0,,14,fishing,fishing,2,12.792875289916992,12.792875289916992
20,55,14,"On the fishing trip, we laughed at the uncles of the sailor who was confused about the motor on the boat.",Who got confused?,The uncles,The sailor,0.0,0.0,Ambig,,,,,1.0,,14,"trip.,","trip,",3,9.953298568725586,4.976649284362793
20,55,14,"On the fishing trip, we laughed at the uncles of the sailor who was confused about the motor on the boat.",Who got confused?,The uncles,The sailor,0.0,0.0,Ambig,,,,,1.0,,14,we,we,4,4.88514518737793,4.88514518737793
20,55,14,"On the fishing trip, we laughed at the uncles of the sailor who was confused about the motor on the boat.",Who got confused?,The uncles,The sailor,0.0,0.0,Ambig,,,,,1.0,,14,laughed,laughed,5,10.012958526611328,10.012958526611328
20,55,14,"On the fishing trip, we laughed at the uncles of the sailor who was confused about the motor on the boat.",Who got confused?,The uncles,The sailor,0.0,0.0,Ambig,,,,,1.0,,14,at,at,6,4.618656158447266,4.618656158447266
21,56,12,"At trial, we scrutinized the prisoner of the FBI agent who was lying about the incident at the casino.",Who lied?,The prisoner,The FBI agent,,,Ambig,,,,,1.0,,12,At,At,0,4.905970573425293,4.905970573425293
21,56,12,"At trial, we scrutinized the prisoner of the FBI agent who was lying about the incident at the casino.",Who lied?,The prisoner,The FBI agent,,,Ambig,,,,,1.0,,12,"trial.,","trial,",1,9.041827201843262,4.520913600921631
22,56,12,"At trial, we scrutinized the prisoner of the FBI agents who was lying about the incident at the casino.",Who lied?,The prisoner,The FBI agents,1.0,1.0,Ambig,1.0,,,,,,12,At,At,0,4.905970573425293,4.905970573425293
22,56,12,"At trial, we scrutinized the prisoner of the FBI agents who was lying about the incident at the casino.",Who lied?,The prisoner,The FBI agents,1.0,1.0,Ambig,1.0,,,,,,12,"trial.,","trial,",1,9.041827201843262,4.520913600921631
23,56,12,"At trial, we scrutinized the prisoners of the FBI agent who was lying about the incident at the casino.",Who lied?,The prisoners,The FBI agent,0.0,0.0,Ambig,,,1.0,,,,12,At,At,0,4.905970573425293,4.905970573425293
23,56,12,"At trial, we scrutinized the prisoners of the FBI agent who was lying about the incident at the casino.",Who lied?,The prisoners,The FBI agent,0.0,0.0,Ambig,,,1.0,,,,12,"trial.,","trial,",1,9.041827201843262,4.520913600921631
24,57,12,"During the demonstration, someone photographed the soldier of the lieutenant who was camouflaged and hiding in the trees.",Who hid in the trees?,The soldier,The lieutenant,,,Ambig,,,1.0,,,,12,During,During,0,6.537725925445557,6.537725925445557
24,57,12,"During the demonstration, someone photographed the soldier of the lieutenant who was camouflaged and hiding in the trees.",Who hid in the trees?,The soldier,The lieutenant,,,Ambig,,,1.0,,,,12,the,the,1,0.4425020217895508,0.4425020217895508
24,57,12,"During the demonstration, someone photographed the soldier of the lieutenant who was camouflaged and hiding in the trees.",Who hid in the trees?,The soldier,The lieutenant,,,Ambig,,,1.0,,,,12,"demonstration.,","demonstration,",2,10.624019622802734,5.312009811401367
25,57,12,"During the demonstration, someone photographed the soldier of the lieutenants who was camouflaged and hiding in the trees.",Who hid in the trees?,The soldier,The lieutenants,1.0,1.0,Ambig,,,,,1.0,,12,During,During,0,6.537725925445557,6.537725925445557
25,57,12,"During the demonstration, someone photographed the soldier of the lieutenants who was camouflaged and hiding in the trees.",Who hid in the trees?,The soldier,The lieutenants,1.0,1.0,Ambig,,,,,1.0,,12,the,the,1,0.4425020217895508,0.4425020217895508
25,57,12,"During the demonstration, someone photographed the soldier of the lieutenants who was camouflaged and hiding in the trees.",Who hid in the trees?,The soldier,The lieutenants,1.0,1.0,Ambig,,,,,1.0,,12,"demonstration.,","demonstration,",2,10.624019622802734,5.312009811401367
26,57,12,"During the demonstration, someone photographed the soldiers of the lieutenant who was camouflaged and hiding in the trees.",Who hid in the trees?,The soldiers,The lieutenant,0.0,0.0,Ambig,1.0,,,,,,12,During,During,0,6.537725925445557,6.537725925445557
26,57,12,"During the demonstration, someone photographed the soldiers of the lieutenant who was camouflaged and hiding in the trees.",Who hid in the trees?,The soldiers,The lieutenant,0.0,0.0,Ambig,1.0,,,,,,12,the,the,1,0.4425020217895508,0.4425020217895508
26,57,12,"During the demonstration, someone photographed the soldiers of the lieutenant who was camouflaged and hiding in the trees.",Who hid in the trees?,The soldiers,The lieutenant,0.0,0.0,Ambig,1.0,,,,,,12,"demonstration.,","demonstration,",2,10.624019622802734,5.312009811401367
27,58,9,Karl recognized the hostage of the pirate who was on TV this morning on the local news.,Who was on TV this morning?,The hostage,The pirate,,,Ambig,,1.0,,,,,9,Karl,Karl,0,15.101223945617676,15.101223945617676
27,58,9,Karl recognized the hostage of the pirate who was on TV this morning on the local news.,Who was on TV this morning?,The hostage,The pirate,,,Ambig,,1.0,,,,,9,recognized,recognized,1,11.563740730285645,11.563740730285645
27,58,9,Karl recognized the hostage of the pirate who was on TV this morning on the local news.,Who was on TV this morning?,The hostage,The pirate,,,Ambig,,1.0,,,,,9,the,the,2,2.9715652465820312,2.9715652465820312
27,58,9,Karl recognized the hostage of the pirate who was on TV this morning on the local news.,Who was on TV this morning?,The hostage,The pirate,,,Ambig,,1.0,,,,,9,hostage,hostage,3,15.026308059692383,15.026308059692383
27,58,9,Karl recognized the hostage of the pirate who was on TV this morning on the local news.,Who was on TV this morning?,The hostage,The pirate,,,Ambig,,1.0,,,,,9,of,of,4,1.4658088684082031,1.4658088684082031
28,58,9,Karl recognized the hostage of the pirates who was on TV this morning on the local news.,Who was on TV this morning?,The hostage,The pirates,1.0,1.0,Ambig,,,,1.0,,,9,Karl,Karl,0,15.101223945617676,15.101223945617676
28,58,9,Karl recognized the hostage of the pirates who was on TV this morning on the local news.,Who was on TV this morning?,The hostage,The pirates,1.0,1.0,Ambig,,,,1.0,,,9,recognized,recognized,1,11.563740730285645,11.563740730285645
28,58,9,Karl recognized the hostage of the pirates who was on TV this morning on the local news.,Who was on TV this morning?,The hostage,The pirates,1.0,1.0,Ambig,,,,1.0,,,9,the,the,2,2.9715652465820312,2.9715652465820312
28,58,9,Karl recognized the hostage of the pirates who was on TV this morning on the local news.,Who was on TV this morning?,The hostage,The pirates,1.0,1.0,Ambig,,,,1.0,,,9,hostage,hostage,3,15.026308059692383,15.026308059692383
28,58,9,Karl recognized the hostage of the pirates who was on TV this morning on the local news.,Who was on TV this morning?,The hostage,The pirates,1.0,1.0,Ambig,,,,1.0,,,9,of,of,4,1.4658088684082031,1.4658088684082031
29,58,9,Karl recognized the hostages of the pirate who was on TV this morning on the local news.,Who was on TV this morning?,The hostages,The pirate,0.0,0.0,Ambig,,,,,,1.0,9,Karl,Karl,0,15.101223945617676,15.101223945617676
29,58,9,Karl recognized the hostages of the pirate who was on TV this morning on the local news.,Who was on TV this morning?,The hostages,The pirate,0.0,0.0,Ambig,,,,,,1.0,9,recognized,recognized,1,11.563740730285645,11.563740730285645
29,58,9,Karl recognized the hostages of the pirate who was on TV this morning on the local news.,Who was on TV this morning?,The hostages,The pirate,0.0,0.0,Ambig,,,,,,1.0,9,the,the,2,2.9715652465820312,2.9715652465820312
29,58,9,Karl recognized the hostages of the pirate who was on TV this morning on the local news.,Who was on TV this morning?,The hostages,The pirate,0.0,0.0,Ambig,,,,,,1.0,9,hostages,hostages,3,10.431314468383789,10.431314468383789
29,58,9,Karl recognized the hostages of the pirate who was on TV this morning on the local news.,Who was on TV this morning?,The hostages,The pirate,0.0,0.0,Ambig,,,,,,1.0,9,of,of,4,3.426410675048828,3.426410675048828
30,59,13,"During the play, we all heckled the murderer of the prince who was disguised as a peasant from nearby Trosselheim.",Who dressed as a peasant?,The murderer,The prince,,,Ambig,,,,,,1.0,13,During,During,0,6.537725925445557,6.537725925445557
30,59,13,"During the play, we all heckled the murderer of the prince who was disguised as a peasant from nearby Trosselheim.",Who dressed as a peasant?,The murderer,The prince,,,Ambig,,,,,,1.0,13,the,the,1,0.4425020217895508,0.4425020217895508
30,59,13,"During the play, we all heckled the murderer of the prince who was disguised as a peasant from nearby Trosselheim.",Who dressed as a peasant?,The murderer,The prince,,,Ambig,,,,,,1.0,13,"play.,","play,",2,11.098554611206055,5.549277305603027
30,59,13,"During the play, we all heckled the murderer of the prince who was disguised as a peasant from nearby Trosselheim.",Who dressed as a peasant?,The murderer,The prince,,,Ambig,,,,,,1.0,13,we,we,3,5.252696990966797,5.252696990966797
31,59,13,"During the play, we all heckled the murderer of the princes who was disguised as a peasant from nearby Trosselheim.",Who dressed as a peasant?,The murderer,The princes,1.0,1.0,Ambig,,1.0,,,,,13,During,During,0,6.537725925445557,6.537725925445557
31,59,13,"During the play, we all heckled the murderer of the princes who was disguised as a peasant from nearby Trosselheim.",Who dressed as a peasant?,The murderer,The princes,1.0,1.0,Ambig,,1.0,,,,,13,the,the,1,0.4425020217895508,0.4425020217895508
31,59,13,"During the play, we all heckled the murderer of the princes who was disguised as a peasant from nearby Trosselheim.",Who dressed as a peasant?,The murderer,The princes,1.0,1.0,Ambig,,1.0,,,,,13,"play.,","play,",2,11.098554611206055,5.549277305603027
31,59,13,"During the play, we all heckled the murderer of the princes who was disguised as a peasant from nearby Trosselheim.",Who dressed as a peasant?,The murderer,The princes,1.0,1.0,Ambig,,1.0,,,,,13,we,we,3,5.252696990966797,5.252696990966797
32,59,13,"During the play, we all heckled the murderers of the prince who was disguised as a peasant from nearby Trosselheim.",Who dressed as a peasant?,The murderers,The prince,0.0,0.0,Ambig,,,,1.0,,,13,During,During,0,6.537725925445557,6.537725925445557
32,59,13,"During the play, we all heckled the murderers of the prince who was disguised as a peasant from nearby Trosselheim.",Who dressed as a peasant?,The murderers,The prince,0.0,0.0,Ambig,,,,1.0,,,13,the,the,1,0.4425020217895508,0.4425020217895508
32,59,13,"During the play, we all heckled the murderers of the prince who was disguised as a peasant from nearby Trosselheim.",Who dressed as a peasant?,The murderers,The prince,0.0,0.0,Ambig,,,,1.0,,,13,"play.,","play,",2,11.098554611206055,5.549277305603027
32,59,13,"During the play, we all heckled the murderers of the prince who was disguised as a peasant from nearby Trosselheim.",Who dressed as a peasant?,The murderers,The prince,0.0,0.0,Ambig,,,,1.0,,,13,we,we,3,5.252696990966797,5.252696990966797
33,60,14,"At the charity show, Noreen nodded to the sidekick of the actor who was juggling sharp knives and glass bottles.",Who juggled sharp knives?,The sidekick,The actor,,,Ambig,,,,1.0,,,14,At,At,0,4.905970573425293,4.905970573425293
33,60,14,"At the charity show, Noreen nodded to the sidekick of the actor who was juggling sharp knives and glass bottles.",Who juggled sharp knives?,The sidekick,The actor,,,Ambig,,,,1.0,,,14,the,the,1,0.8054280281066895,0.8054280281066895
33,60,14,"At the charity show, Noreen nodded to the sidekick of the actor who was juggling sharp knives and glass bottles.",Who juggled sharp knives?,The sidekick,The actor,,,Ambig,,,,1.0,,,14,charity,charity,2,8.99041748046875,8.99041748046875
34,60,14,"At the charity show, Noreen nodded to the sidekick of the actors who was juggling sharp knives and glass bottles.",Who juggled sharp knives?,The sidekick,The actors,1.0,1.0,Ambig,,,,,,1.0,14,At,At,0,4.905970573425293,4.905970573425293
34,60,14,"At the charity show, Noreen nodded to the sidekick of the actors who was juggling sharp knives and glass bottles.",Who juggled sharp knives?,The sidekick,The actors,1.0,1.0,Ambig,,,,,,1.0,14,the,the,1,0.8054280281066895,0.8054280281066895
34,60,14,"At the charity show, Noreen nodded to the sidekick of the actors who was juggling sharp knives and glass bottles.",Who juggled sharp knives?,The sidekick,The actors,1.0,1.0,Ambig,,,,,,1.0,14,charity,charity,2,8.99041748046875,8.99041748046875
35,60,14,"At the charity show, Noreen nodded to the sidekicks of the actor who was juggling sharp knives and glass bottles.",Who juggled sharp knives?,The sidekicks,The actor,0.0,0.0,Ambig,,1.0,,,,,14,At,At,0,4.905970573425293,4.905970573425293
35,60,14,"At the charity show, Noreen nodded to the sidekicks of the actor who was juggling sharp knives and glass bottles.",Who juggled sharp knives?,The sidekicks,The actor,0.0,0.0,Ambig,,1.0,,,,,14,the,the,1,0.8054280281066895,0.8054280281066895
35,60,14,"At the charity show, Noreen nodded to the sidekicks of the actor who was juggling sharp knives and glass bottles.",Who juggled sharp knives?,The sidekicks,The actor,0.0,0.0,Ambig,,1.0,,,,,14,charity,charity,2,8.99041748046875,8.99041748046875
36,61,15,No one quite knew how to respond to the buddies of the janitors who burp without excusing themselves.,Did everyone excuse themselves?,Yes,No,0.0,0.0,Non-ambig,1.0,,,,,,15,No,No,0,6.218679428100586,6.218679428100586
36,61,15,No one quite knew how to respond to the buddies of the janitors who burp without excusing themselves.,Did everyone excuse themselves?,Yes,No,0.0,0.0,Non-ambig,1.0,,,,,,15,one,one,1,1.7426447868347168,1.7426447868347168
36,61,15,No one quite knew how to respond to the buddies of the janitors who burp without excusing themselves.,Did everyone excuse themselves?,Yes,No,0.0,0.0,Non-ambig,1.0,,,,,,15,quite,quite,2,11.806045532226562,11.806045532226562
36,61,15,No one quite knew how to respond to the buddies of the janitors who burp without excusing themselves.,Did everyone excuse themselves?,Yes,No,0.0,0.0,Non-ambig,1.0,,,,,,15,knew,knew,3,8.310935974121094,8.310935974121094
36,61,15,No one quite knew how to respond to the buddies of the janitors who burp without excusing themselves.,Did everyone excuse themselves?,Yes,No,0.0,0.0,Non-ambig,1.0,,,,,,15,how,how,4,5.059553146362305,5.059553146362305
36,61,15,No one quite knew how to respond to the buddies of the janitors who burp without excusing themselves.,Did everyone excuse themselves?,Yes,No,0.0,0.0,Non-ambig,1.0,,,,,,15,to,to,5,8.65548324584961,8.65548324584961
36,61,15,No one quite knew how to respond to the buddies of the janitors who burp without excusing themselves.,Did everyone excuse themselves?,Yes,No,0.0,0.0,Non-ambig,1.0,,,,,,15,respond,respond,6,12.242172241210938,12.242172241210938
36,61,15,No one quite knew how to respond to the buddies of the janitors who burp without excusing themselves.,Did everyone excuse themselves?,Yes,No,0.0,0.0,Non-ambig,1.0,,,,,,15,to,to,7,1.3725395202636719,1.3725395202636719
37,61,15,No one quite knew how to respond to the buddies of the janitor who burp without excusing themselves.,Did everyone excuse themselves?,Yes,No,0.0,0.0,Non-ambig,,,1.0,,,,15,No,No,0,6.218679428100586,6.218679428100586
37,61,15,No one quite knew how to respond to the buddies of the janitor who burp without excusing themselves.,Did everyone excuse themselves?,Yes,No,0.0,0.0,Non-ambig,,,1.0,,,,15,one,one,1,1.7426447868347168,1.7426447868347168
37,61,15,No one quite knew how to respond to the buddies of the janitor who burp without excusing themselves.,Did everyone excuse themselves?,Yes,No,0.0,0.0,Non-ambig,,,1.0,,,,15,quite,quite,2,11.806045532226562,11.806045532226562
37,61,15,No one quite knew how to respond to the buddies of the janitor who burp without excusing themselves.,Did everyone excuse themselves?,Yes,No,0.0,0.0,Non-ambig,,,1.0,,,,15,knew,knew,3,8.310935974121094,8.310935974121094
37,61,15,No one quite knew how to respond to the buddies of the janitor who burp without excusing themselves.,Did everyone excuse themselves?,Yes,No,0.0,0.0,Non-ambig,,,1.0,,,,15,how,how,4,5.059553146362305,5.059553146362305
37,61,15,No one quite knew how to respond to the buddies of the janitor who burp without excusing themselves.,Did everyone excuse themselves?,Yes,No,0.0,0.0,Non-ambig,,,1.0,,,,15,to,to,5,8.65548324584961,8.65548324584961
37,61,15,No one quite knew how to respond to the buddies of the janitor who burp without excusing themselves.,Did everyone excuse themselves?,Yes,No,0.0,0.0,Non-ambig,,,1.0,,,,15,respond,respond,6,12.242172241210938,12.242172241210938
37,61,15,No one quite knew how to respond to the buddies of the janitor who burp without excusing themselves.,Did everyone excuse themselves?,Yes,No,0.0,0.0,Non-ambig,,,1.0,,,,15,to,to,7,1.3725395202636719,1.3725395202636719
38,61,15,No one quite knew how to respond to the buddy of the janitors who burp without excusing themselves.,Did everyone excuse themselves?,Yes,No,0.0,0.0,Non-ambig,,,,,1.0,,15,No,No,0,6.218679428100586,6.218679428100586
38,61,15,No one quite knew how to respond to the buddy of the janitors who burp without excusing themselves.,Did everyone excuse themselves?,Yes,No,0.0,0.0,Non-ambig,,,,,1.0,,15,one,one,1,1.7426447868347168,1.7426447868347168
38,61,15,No one quite knew how to respond to the buddy of the janitors who burp without excusing themselves.,Did everyone excuse themselves?,Yes,No,0.0,0.0,Non-ambig,,,,,1.0,,15,quite,quite,2,11.806045532226562,11.806045532226562
38,61,15,No one quite knew how to respond to the buddy of the janitors who burp without excusing themselves.,Did everyone excuse themselves?,Yes,No,0.0,0.0,Non-ambig,,,,,1.0,,15,knew,knew,3,8.310935974121094,8.310935974121094
38,61,15,No one quite knew how to respond to the buddy of the janitors who burp without excusing themselves.,Did everyone excuse themselves?,Yes,No,0.0,0.0,Non-ambig,,,,,1.0,,15,how,how,4,5.059553146362305,5.059553146362305
38,61,15,No one quite knew how to respond to the buddy of the janitors who burp without excusing themselves.,Did everyone excuse themselves?,Yes,No,0.0,0.0,Non-ambig,,,,,1.0,,15,to,to,5,8.65548324584961,8.65548324584961
38,61,15,No one quite knew how to respond to the buddy of the janitors who burp without excusing themselves.,Did everyone excuse themselves?,Yes,No,0.0,0.0,Non-ambig,,,,,1.0,,15,respond,respond,6,12.242172241210938,12.242172241210938
38,61,15,No one quite knew how to respond to the buddy of the janitors who burp without excusing themselves.,Did everyone excuse themselves?,Yes,No,0.0,0.0,Non-ambig,,,,,1.0,,15,to,to,7,1.3725395202636719,1.3725395202636719
38,61,15,No one quite knew how to respond to the buddy of the janitors who burp without excusing themselves.,Did everyone excuse themselves?,Yes,No,0.0,0.0,Non-ambig,,,,,1.0,,15,the,the,8,1.4304656982421875,1.4304656982421875
38,61,15,No one quite knew how to respond to the buddy of the janitors who burp without excusing themselves.,Did everyone excuse themselves?,Yes,No,0.0,0.0,Non-ambig,,,,,1.0,,15,buddy,buddy,9,11.708133697509766,11.708133697509766
38,61,15,No one quite knew how to respond to the buddy of the janitors who burp without excusing themselves.,Did everyone excuse themselves?,Yes,No,0.0,0.0,Non-ambig,,,,,1.0,,15,of,of,10,1.4090728759765625,1.4090728759765625
42,63,14,"Down at the pub, Ollie gossiped about the daughters of the nurses who were at church last Sunday in grimy shorts.",Where was Ollie?,A pub,A church,1.0,1.0,Non-ambig,,,1.0,,,,14,Down,Down,0,9.981725692749023,9.981725692749023
42,63,14,"Down at the pub, Ollie gossiped about the daughters of the nurses who were at church last Sunday in grimy shorts.",Where was Ollie?,A pub,A church,1.0,1.0,Non-ambig,,,1.0,,,,14,at,at,1,5.742337226867676,5.742337226867676
43,63,14,"Down at the pub, Ollie gossiped about the daughters of the nurse who were at church last Sunday in grimy shorts.",Where was Ollie?,A pub,A church,1.0,1.0,Non-ambig,,,,,1.0,,14,Down,Down,0,9.981725692749023,9.981725692749023
43,63,14,"Down at the pub, Ollie gossiped about the daughters of the nurse who were at church last Sunday in grimy shorts.",Where was Ollie?,A pub,A church,1.0,1.0,Non-ambig,,,,,1.0,,14,at,at,1,5.742337226867676,5.742337226867676
44,63,14,"Down at the pub, Ollie gossiped about the daughter of the nurses who were at church last Sunday in grimy shorts.",Where was Ollie?,A pub,A church,1.0,1.0,Non-ambig,1.0,,,,,,14,Down,Down,0,9.981725692749023,9.981725692749023
44,63,14,"Down at the pub, Ollie gossiped about the daughter of the nurses who were at church last Sunday in grimy shorts.",Where was Ollie?,A pub,A church,1.0,1.0,Non-ambig,1.0,,,,,,14,at,at,1,5.742337226867676,5.742337226867676
45,64,13,From the lounge everyone could see the pilots of the millionaires who were distrusted by everyone at the company.,Who could everyone see?,Pilots ,Millionaires,1.0,1.0,Non-ambig,,1.0,,,,,13,From,From,0,7.139300346374512,7.139300346374512
45,64,13,From the lounge everyone could see the pilots of the millionaires who were distrusted by everyone at the company.,Who could everyone see?,Pilots ,Millionaires,1.0,1.0,Non-ambig,,1.0,,,,,13,the,the,1,1.3386859893798828,1.3386859893798828
45,64,13,From the lounge everyone could see the pilots of the millionaires who were distrusted by everyone at the company.,Who could everyone see?,Pilots ,Millionaires,1.0,1.0,Non-ambig,,1.0,,,,,13,lounge,lounge,2,11.721695899963379,11.721695899963379
45,64,13,From the lounge everyone could see the pilots of the millionaires who were distrusted by everyone at the company.,Who could everyone see?,Pilots ,Millionaires,1.0,1.0,Non-ambig,,1.0,,,,,13,everyone,everyone,3,10.279962539672852,10.279962539672852
45,64,13,From the lounge everyone could see the pilots of the millionaires who were distrusted by everyone at the company.,Who could everyone see?,Pilots ,Millionaires,1.0,1.0,Non-ambig,,1.0,,,,,13,could,could,4,4.391124725341797,4.391124725341797
45,64,13,From the lounge everyone could see the pilots of the millionaires who were distrusted by everyone at the company.,Who could everyone see?,Pilots ,Millionaires,1.0,1.0,Non-ambig,,1.0,,,,,13,see,see,5,4.210559844970703,4.210559844970703
45,64,13,From the lounge everyone could see the pilots of the millionaires who were distrusted by everyone at the company.,Who could everyone see?,Pilots ,Millionaires,1.0,1.0,Non-ambig,,1.0,,,,,13,the,the,6,1.8106231689453125,1.8106231689453125
45,64,13,From the lounge everyone could see the pilots of the millionaires who were distrusted by everyone at the company.,Who could everyone see?,Pilots ,Millionaires,1.0,1.0,Non-ambig,,1.0,,,,,13,pilots,pilots,7,7.1699371337890625,7.1699371337890625
45,64,13,From the lounge everyone could see the pilots of the millionaires who were distrusted by everyone at the company.,Who could everyone see?,Pilots ,Millionaires,1.0,1.0,Non-ambig,,1.0,,,,,13,of,of,8,5.184467315673828,5.184467315673828
45,64,13,From the lounge everyone could see the pilots of the millionaires who were distrusted by everyone at the company.,Who could everyone see?,Pilots ,Millionaires,1.0,1.0,Non-ambig,,1.0,,,,,13,the,the,9,2.0760269165039062,2.0760269165039062
45,64,13,From the lounge everyone could see the pilots of the millionaires who were distrusted by everyone at the company.,Who could everyone see?,Pilots ,Millionaires,1.0,1.0,Non-ambig,,1.0,,,,,13,millionaires,millionaires,10,13.543582916259766,13.543582916259766
45,64,13,From the lounge everyone could see the pilots of the millionaires who were distrusted by everyone at the company.,Who could everyone see?,Pilots ,Millionaires,1.0,1.0,Non-ambig,,1.0,,,,,13,who,who,11,5.535552978515625,5.535552978515625
46,64,13,From the lounge everyone could see the pilots of the millionaire who were distrusted by everyone at the company.,Who could everyone see?,Pilots ,Millionaires,1.0,1.0,Non-ambig,,,,1.0,,,13,From,From,0,7.139300346374512,7.139300346374512
46,64,13,From the lounge everyone could see the pilots of the millionaire who were distrusted by everyone at the company.,Who could everyone see?,Pilots ,Millionaires,1.0,1.0,Non-ambig,,,,1.0,,,13,the,the,1,1.3386859893798828,1.3386859893798828
46,64,13,From the lounge everyone could see the pilots of the millionaire who were distrusted by everyone at the company.,Who could everyone see?,Pilots ,Millionaires,1.0,1.0,Non-ambig,,,,1.0,,,13,lounge,lounge,2,11.721695899963379,11.721695899963379
46,64,13,From the lounge everyone could see the pilots of the millionaire who were distrusted by everyone at the company.,Who could everyone see?,Pilots ,Millionaires,1.0,1.0,Non-ambig,,,,1.0,,,13,everyone,everyone,3,10.279962539672852,10.279962539672852
46,64,13,From the lounge everyone could see the pilots of the millionaire who were distrusted by everyone at the company.,Who could everyone see?,Pilots ,Millionaires,1.0,1.0,Non-ambig,,,,1.0,,,13,could,could,4,4.391124725341797,4.391124725341797
46,64,13,From the lounge everyone could see the pilots of the millionaire who were distrusted by everyone at the company.,Who could everyone see?,Pilots ,Millionaires,1.0,1.0,Non-ambig,,,,1.0,,,13,see,see,5,4.210559844970703,4.210559844970703
46,64,13,From the lounge everyone could see the pilots of the millionaire who were distrusted by everyone at the company.,Who could everyone see?,Pilots ,Millionaires,1.0,1.0,Non-ambig,,,,1.0,,,13,the,the,6,1.8106231689453125,1.8106231689453125
46,64,13,From the lounge everyone could see the pilots of the millionaire who were distrusted by everyone at the company.,Who could everyone see?,Pilots ,Millionaires,1.0,1.0,Non-ambig,,,,1.0,,,13,pilots,pilots,7,7.1699371337890625,7.1699371337890625
46,64,13,From the lounge everyone could see the pilots of the millionaire who were distrusted by everyone at the company.,Who could everyone see?,Pilots ,Millionaires,1.0,1.0,Non-ambig,,,,1.0,,,13,of,of,8,5.184467315673828,5.184467315673828
47,64,13,From the lounge everyone could see the pilot of the millionaires who were distrusted by everyone at the company.,Who could everyone see?,Pilots ,Millionaires,1.0,1.0,Non-ambig,,,,,,1.0,13,From,From,0,7.139300346374512,7.139300346374512
47,64,13,From the lounge everyone could see the pilot of the millionaires who were distrusted by everyone at the company.,Who could everyone see?,Pilots ,Millionaires,1.0,1.0,Non-ambig,,,,,,1.0,13,the,the,1,1.3386859893798828,1.3386859893798828
47,64,13,From the lounge everyone could see the pilot of the millionaires who were distrusted by everyone at the company.,Who could everyone see?,Pilots ,Millionaires,1.0,1.0,Non-ambig,,,,,,1.0,13,lounge,lounge,2,11.721695899963379,11.721695899963379
47,64,13,From the lounge everyone could see the pilot of the millionaires who were distrusted by everyone at the company.,Who could everyone see?,Pilots ,Millionaires,1.0,1.0,Non-ambig,,,,,,1.0,13,everyone,everyone,3,10.279962539672852,10.279962539672852
47,64,13,From the lounge everyone could see the pilot of the millionaires who were distrusted by everyone at the company.,Who could everyone see?,Pilots ,Millionaires,1.0,1.0,Non-ambig,,,,,,1.0,13,could,could,4,4.391124725341797,4.391124725341797
47,64,13,From the lounge everyone could see the pilot of the millionaires who were distrusted by everyone at the company.,Who could everyone see?,Pilots ,Millionaires,1.0,1.0,Non-ambig,,,,,,1.0,13,see,see,5,4.210559844970703,4.210559844970703
47,64,13,From the lounge everyone could see the pilot of the millionaires who were distrusted by everyone at the company.,Who could everyone see?,Pilots ,Millionaires,1.0,1.0,Non-ambig,,,,,,1.0,13,the,the,6,1.8106231689453125,1.8106231689453125
47,64,13,From the lounge everyone could see the pilot of the millionaires who were distrusted by everyone at the company.,Who could everyone see?,Pilots ,Millionaires,1.0,1.0,Non-ambig,,,,,,1.0,13,pilot,pilot,7,8.828643798828125,8.828643798828125
47,64,13,From the lounge everyone could see the pilot of the millionaires who were distrusted by everyone at the company.,Who could everyone see?,Pilots ,Millionaires,1.0,1.0,Non-ambig,,,,,,1.0,13,of,of,8,2.2146835327148438,2.2146835327148438
47,64,13,From the lounge everyone could see the pilot of the millionaires who were distrusted by everyone at the company.,Who could everyone see?,Pilots ,Millionaires,1.0,1.0,Non-ambig,,,,,,1.0,13,the,the,9,1.0055961608886719,1.0055961608886719
47,64,13,From the lounge everyone could see the pilot of the millionaires who were distrusted by everyone at the company.,Who could everyone see?,Pilots ,Millionaires,1.0,1.0,Non-ambig,,,,,,1.0,13,millionaires,millionaires,10,14.634029388427734,14.634029388427734
47,64,13,From the lounge everyone could see the pilot of the millionaires who were distrusted by everyone at the company.,Who could everyone see?,Pilots ,Millionaires,1.0,1.0,Non-ambig,,,,,,1.0,13,who,who,11,4.9755859375,4.9755859375
48,65,12,On the news they showed the accomplices of the thieves who were indicted for stealing the Mona Lisa.,Where did they show the accomplices?,A documentary,The news,0.0,0.0,Non-ambig,,,,,,1.0,12,On,On,0,5.2654900550842285,5.2654900550842285
48,65,12,On the news they showed the accomplices of the thieves who were indicted for stealing the Mona Lisa.,Where did they show the accomplices?,A documentary,The news,0.0,0.0,Non-ambig,,,,,,1.0,12,the,the,1,1.241255760192871,1.241255760192871
48,65,12,On the news they showed the accomplices of the thieves who were indicted for stealing the Mona Lisa.,Where did they show the accomplices?,A documentary,The news,0.0,0.0,Non-ambig,,,,,,1.0,12,news,news,2,6.2308478355407715,6.2308478355407715
48,65,12,On the news they showed the accomplices of the thieves who were indicted for stealing the Mona Lisa.,Where did they show the accomplices?,A documentary,The news,0.0,0.0,Non-ambig,,,,,,1.0,12,they,they,3,8.467841148376465,8.467841148376465
48,65,12,On the news they showed the accomplices of the thieves who were indicted for stealing the Mona Lisa.,Where did they show the accomplices?,A documentary,The news,0.0,0.0,Non-ambig,,,,,,1.0,12,showed,showed,4,6.394588470458984,6.394588470458984
49,65,12,On the news they showed the accomplices of the thief who were indicted for stealing the Mona Lisa.,Where did they show the accomplices?,A documentary,The news,0.0,0.0,Non-ambig,,1.0,,,,,12,On,On,0,5.2654900550842285,5.2654900550842285
49,65,12,On the news they showed the accomplices of the thief who were indicted for stealing the Mona Lisa.,Where did they show the accomplices?,A documentary,The news,0.0,0.0,Non-ambig,,1.0,,,,,12,the,the,1,1.241255760192871,1.241255760192871
49,65,12,On the news they showed the accomplices of the thief who were indicted for stealing the Mona Lisa.,Where did they show the accomplices?,A documentary,The news,0.0,0.0,Non-ambig,,1.0,,,,,12,news,news,2,6.2308478355407715,6.2308478355407715
49,65,12,On the news they showed the accomplices of the thief who were indicted for stealing the Mona Lisa.,Where did they show the accomplices?,A documentary,The news,0.0,0.0,Non-ambig,,1.0,,,,,12,they,they,3,8.467841148376465,8.467841148376465
49,65,12,On the news they showed the accomplices of the thief who were indicted for stealing the Mona Lisa.,Where did they show the accomplices?,A documentary,The news,0.0,0.0,Non-ambig,,1.0,,,,,12,showed,showed,4,6.394588470458984,6.394588470458984
50,65,12,On the news they showed the accomplice of the thieves who were indicted for stealing the Mona Lisa.,Where did they show the accomplices?,A documentary,The news,0.0,0.0,Non-ambig,,,,1.0,,,12,On,On,0,5.2654900550842285,5.2654900550842285
50,65,12,On the news they showed the accomplice of the thieves who were indicted for stealing the Mona Lisa.,Where did they show the accomplices?,A documentary,The news,0.0,0.0,Non-ambig,,,,1.0,,,12,the,the,1,1.241255760192871,1.241255760192871
50,65,12,On the news they showed the accomplice of the thieves who were indicted for stealing the Mona Lisa.,Where did they show the accomplices?,A documentary,The news,0.0,0.0,Non-ambig,,,,1.0,,,12,news,news,2,6.2308478355407715,6.2308478355407715
50,65,12,On the news they showed the accomplice of the thieves who were indicted for stealing the Mona Lisa.,Where did they show the accomplices?,A documentary,The news,0.0,0.0,Non-ambig,,,,1.0,,,12,they,they,3,8.467841148376465,8.467841148376465
50,65,12,On the news they showed the accomplice of the thieves who were indicted for stealing the Mona Lisa.,Where did they show the accomplices?,A documentary,The news,0.0,0.0,Non-ambig,,,,1.0,,,12,showed,showed,4,6.394588470458984,6.394588470458984
51,66,13,Everyone at the party groaned at the bodyguards of the divas who smoke clove cigarettes constantly.,What type of cigarettes are smoked?   ,Menthol,Clove,0.0,0.0,Non-ambig,,,,1.0,,,13,Everyone,Everyone,0,8.326491355895996,8.326491355895996
51,66,13,Everyone at the party groaned at the bodyguards of the divas who smoke clove cigarettes constantly.,What type of cigarettes are smoked?   ,Menthol,Clove,0.0,0.0,Non-ambig,,,,1.0,,,13,at,at,1,5.708488464355469,5.708488464355469
51,66,13,Everyone at the party groaned at the bodyguards of the divas who smoke clove cigarettes constantly.,What type of cigarettes are smoked?   ,Menthol,Clove,0.0,0.0,Non-ambig,,,,1.0,,,13,the,the,2,0.8743886947631836,0.8743886947631836
52,66,13,Everyone at the party groaned at the bodyguards of the diva who smoke clove cigarettes constantly.,What type of cigarettes are smoked?   ,Menthol,Clove,0.0,0.0,Non-ambig,,,,,,1.0,13,Everyone,Everyone,0,8.326491355895996,8.326491355895996
52,66,13,Everyone at the party groaned at the bodyguards of the diva who smoke clove cigarettes constantly.,What type of cigarettes are smoked?   ,Menthol,Clove,0.0,0.0,Non-ambig,,,,,,1.0,13,at,at,1,5.708488464355469,5.708488464355469
52,66,13,Everyone at the party groaned at the bodyguards of the diva who smoke clove cigarettes constantly.,What type of cigarettes are smoked?   ,Menthol,Clove,0.0,0.0,Non-ambig,,,,,,1.0,13,the,the,2,0.8743886947631836,0.8743886947631836
53,66,13,Everyone at the party groaned at the bodyguard of the divas who smoke clove cigarettes constantly.,What type of cigarettes are smoked?   ,Menthol,Clove,0.0,0.0,Non-ambig,,1.0,,,,,13,Everyone,Everyone,0,8.326491355895996,8.326491355895996
53,66,13,Everyone at the party groaned at the bodyguard of the divas who smoke clove cigarettes constantly.,What type of cigarettes are smoked?   ,Menthol,Clove,0.0,0.0,Non-ambig,,1.0,,,,,13,at,at,1,5.708488464355469,5.708488464355469
53,66,13,Everyone at the party groaned at the bodyguard of the divas who smoke clove cigarettes constantly.,What type of cigarettes are smoked?   ,Menthol,Clove,0.0,0.0,Non-ambig,,1.0,,,,,13,the,the,2,0.8743886947631836,0.8743886947631836
54,67,13,"At the summit, Ursula warmly greeted the advisors of the tycoons who snowboard in Aspen in January.",Who snowboards?,The advisors,The tycoons,,,Ambig,1.0,,,,,,13,At,At,0,4.905970573425293,4.905970573425293
54,67,13,"At the summit, Ursula warmly greeted the advisors of the tycoons who snowboard in Aspen in January.",Who snowboards?,The advisors,The tycoons,,,Ambig,1.0,,,,,,13,the,the,1,0.8054280281066895,0.8054280281066895
55,67,13,"At the summit, Ursula warmly greeted the advisors of the tycoon who snowboard in Aspen in January.",Who snowboards?,The advisors,The tycoon,1.0,1.0,Ambig,,,1.0,,,,13,At,At,0,4.905970573425293,4.905970573425293
55,67,13,"At the summit, Ursula warmly greeted the advisors of the tycoon who snowboard in Aspen in January.",Who snowboards?,The advisors,The tycoon,1.0,1.0,Ambig,,,1.0,,,,13,the,the,1,0.8054280281066895,0.8054280281066895
56,67,13,"At the summit, Ursula warmly greeted the advisor of the tycoons who snowboard in Aspen in January.",Who snowboards?,The advisor,The tycoons,0.0,0.0,Ambig,,,,,1.0,,13,At,At,0,4.905970573425293,4.905970573425293
56,67,13,"At the summit, Ursula warmly greeted the advisor of the tycoons who snowboard in Aspen in January.",Who snowboards?,The advisor,The tycoons,0.0,0.0,Ambig,,,,,1.0,,13,the,the,1,0.8054280281066895,0.8054280281066895
60,69,12,"Before the exhibition, Silas telephoned the friends of the bodybuilders who write fan fiction about Batman.",Who writes fan fiction?,The friends,The bodybuilders,,,Ambig,,,1.0,,,,12,Before,Before,0,6.920783996582031,6.920783996582031
60,69,12,"Before the exhibition, Silas telephoned the friends of the bodybuilders who write fan fiction about Batman.",Who writes fan fiction?,The friends,The bodybuilders,,,Ambig,,,1.0,,,,12,the,the,1,1.422414779663086,1.422414779663086
60,69,12,"Before the exhibition, Silas telephoned the friends of the bodybuilders who write fan fiction about Batman.",Who writes fan fiction?,The friends,The bodybuilders,,,Ambig,,,1.0,,,,12,"exhibition.,","exhibition,",2,11.47877311706543,5.739386558532715
61,69,12,"Before the exhibition, Silas telephoned the friends of the bodybuilder who write fan fiction about Batman.",Who writes fan fiction?,The friends,The bodybuilder,1.0,1.0,Ambig,,,,,1.0,,12,Before,Before,0,6.920783996582031,6.920783996582031
61,69,12,"Before the exhibition, Silas telephoned the friends of the bodybuilder who write fan fiction about Batman.",Who writes fan fiction?,The friends,The bodybuilder,1.0,1.0,Ambig,,,,,1.0,,12,the,the,1,1.422414779663086,1.422414779663086
61,69,12,"Before the exhibition, Silas telephoned the friends of the bodybuilder who write fan fiction about Batman.",Who writes fan fiction?,The friends,The bodybuilder,1.0,1.0,Ambig,,,,,1.0,,12,"exhibition.,","exhibition,",2,11.47877311706543,5.739386558532715
62,69,12,"Before the exhibition, Silas telephoned the friend of the bodybuilders who write fan fiction about Batman.",Who writes fan fiction?,The friend,The bodybuilders,0.0,0.0,Ambig,1.0,,,,,,12,Before,Before,0,6.920783996582031,6.920783996582031
62,69,12,"Before the exhibition, Silas telephoned the friend of the bodybuilders who write fan fiction about Batman.",Who writes fan fiction?,The friend,The bodybuilders,0.0,0.0,Ambig,1.0,,,,,,12,the,the,1,1.422414779663086,1.422414779663086
62,69,12,"Before the exhibition, Silas telephoned the friend of the bodybuilders who write fan fiction about Batman.",Who writes fan fiction?,The friend,The bodybuilders,0.0,0.0,Ambig,1.0,,,,,,12,"exhibition.,","exhibition,",2,11.47877311706543,5.739386558532715
63,70,13,"At her orientation, Tamara recently met the nephews of the professors who paint beautiful portraits of local celebrities.",Who paints portraits?,The nephews,The professors,,,Ambig,,1.0,,,,,13,At,At,0,4.905970573425293,4.905970573425293
64,70,13,"At her orientation, Tamara recently met the nephews of the professor who paint beautiful portraits of local celebrities.",Who paints portraits?,The nephews,The professor,1.0,1.0,Ambig,,,,1.0,,,13,At,At,0,4.905970573425293,4.905970573425293
65,70,13,"At her orientation, Tamara recently met the nephew of the professors who paint beautiful portraits of local celebrities.",Who paints portraits?,The nephew,The professors,0.0,0.0,Ambig,,,,,,1.0,13,At,At,0,4.905970573425293,4.905970573425293
66,71,14,Everyone at the coffee shop sympathized with the couriers of the florists who were complaining about the weather.,Who complained about the weather?,The couriers,The florists,,,Ambig,,,,,,1.0,14,Everyone,Everyone,0,8.326491355895996,8.326491355895996
66,71,14,Everyone at the coffee shop sympathized with the couriers of the florists who were complaining about the weather.,Who complained about the weather?,The couriers,The florists,,,Ambig,,,,,,1.0,14,at,at,1,5.708488464355469,5.708488464355469
66,71,14,Everyone at the coffee shop sympathized with the couriers of the florists who were complaining about the weather.,Who complained about the weather?,The couriers,The florists,,,Ambig,,,,,,1.0,14,the,the,2,0.8743886947631836,0.8743886947631836
66,71,14,Everyone at the coffee shop sympathized with the couriers of the florists who were complaining about the weather.,Who complained about the weather?,The couriers,The florists,,,Ambig,,,,,,1.0,14,coffee,coffee,3,8.874649047851562,8.874649047851562
67,71,14,Everyone at the coffee shop sympathized with the couriers of the florist who were complaining about the weather.,Who complained about the weather?,The couriers,The florist,1.0,1.0,Ambig,,1.0,,,,,14,Everyone,Everyone,0,8.326491355895996,8.326491355895996
67,71,14,Everyone at the coffee shop sympathized with the couriers of the florist who were complaining about the weather.,Who complained about the weather?,The couriers,The florist,1.0,1.0,Ambig,,1.0,,,,,14,at,at,1,5.708488464355469,5.708488464355469
67,71,14,Everyone at the coffee shop sympathized with the couriers of the florist who were complaining about the weather.,Who complained about the weather?,The couriers,The florist,1.0,1.0,Ambig,,1.0,,,,,14,the,the,2,0.8743886947631836,0.8743886947631836
67,71,14,Everyone at the coffee shop sympathized with the couriers of the florist who were complaining about the weather.,Who complained about the weather?,The couriers,The florist,1.0,1.0,Ambig,,1.0,,,,,14,coffee,coffee,3,8.874649047851562,8.874649047851562
68,71,14,Everyone at the coffee shop sympathized with the courier of the florists who were complaining about the weather.,Who complained about the weather?,The courier,The florists,0.0,0.0,Ambig,,,,1.0,,,14,Everyone,Everyone,0,8.326491355895996,8.326491355895996
68,71,14,Everyone at the coffee shop sympathized with the courier of the florists who were complaining about the weather.,Who complained about the weather?,The courier,The florists,0.0,0.0,Ambig,,,,1.0,,,14,at,at,1,5.708488464355469,5.708488464355469
68,71,14,Everyone at the coffee shop sympathized with the courier of the florists who were complaining about the weather.,Who complained about the weather?,The courier,The florists,0.0,0.0,Ambig,,,,1.0,,,14,the,the,2,0.8743886947631836,0.8743886947631836
68,71,14,Everyone at the coffee shop sympathized with the courier of the florists who were complaining about the weather.,Who complained about the weather?,The courier,The florists,0.0,0.0,Ambig,,,,1.0,,,14,coffee,coffee,3,8.874649047851562,8.874649047851562
69,72,15,"Despite the good press, we didn\'t really like the commanders of the soldiers who whistle very loudly and for no reason at all.",Who whistles loudly?,The commanders,The soldiers,,,Ambig,,,,1.0,,,15,Despite,Despite,0,6.082321643829346,6.082321643829346
69,72,15,"Despite the good press, we didn\'t really like the commanders of the soldiers who whistle very loudly and for no reason at all.",Who whistles loudly?,The commanders,The soldiers,,,Ambig,,,,1.0,,,15,the,the,1,0.9479227066040039,0.9479227066040039
69,72,15,"Despite the good press, we didn\'t really like the commanders of the soldiers who whistle very loudly and for no reason at all.",Who whistles loudly?,The commanders,The soldiers,,,Ambig,,,,1.0,,,15,good,good,2,7.706827640533447,7.706827640533447
69,72,15,"Despite the good press, we didn\'t really like the commanders of the soldiers who whistle very loudly and for no reason at all.",Who whistles loudly?,The commanders,The soldiers,,,Ambig,,,,1.0,,,15,"press.,","press,",3,8.188982009887695,4.094491004943848
69,72,15,"Despite the good press, we didn\'t really like the commanders of the soldiers who whistle very loudly and for no reason at all.",Who whistles loudly?,The commanders,The soldiers,,,Ambig,,,,1.0,,,15,we,we,4,4.895530700683594,4.895530700683594
69,72,15,"Despite the good press, we didn\'t really like the commanders of the soldiers who whistle very loudly and for no reason at all.",Who whistles loudly?,The commanders,The soldiers,,,Ambig,,,,1.0,,,15,did.nt,didn\'t,5,4.738134384155273,2.3690671920776367
69,72,15,"Despite the good press, we didn\'t really like the commanders of the soldiers who whistle very loudly and for no reason at all.",Who whistles loudly?,The commanders,The soldiers,,,Ambig,,,,1.0,,,15,really,really,6,5.7967071533203125,5.7967071533203125
69,72,15,"Despite the good press, we didn\'t really like the commanders of the soldiers who whistle very loudly and for no reason at all.",Who whistles loudly?,The commanders,The soldiers,,,Ambig,,,,1.0,,,15,like,like,7,6.238636016845703,6.238636016845703
69,72,15,"Despite the good press, we didn\'t really like the commanders of the soldiers who whistle very loudly and for no reason at all.",Who whistles loudly?,The commanders,The soldiers,,,Ambig,,,,1.0,,,15,the,the,8,2.0754928588867188,2.0754928588867188
69,72,15,"Despite the good press, we didn\'t really like the commanders of the soldiers who whistle very loudly and for no reason at all.",Who whistles loudly?,The commanders,The soldiers,,,Ambig,,,,1.0,,,15,commanders,commanders,9,11.309562683105469,11.309562683105469
69,72,15,"Despite the good press, we didn\'t really like the commanders of the soldiers who whistle very loudly and for no reason at all.",Who whistles loudly?,The commanders,The soldiers,,,Ambig,,,,1.0,,,15,of,of,10,4.006877899169922,4.006877899169922
69,72,15,"Despite the good press, we didn\'t really like the commanders of the soldiers who whistle very loudly and for no reason at all.",Who whistles loudly?,The commanders,The soldiers,,,Ambig,,,,1.0,,,15,the,the,11,1.6072502136230469,1.6072502136230469
69,72,15,"Despite the good press, we didn\'t really like the commanders of the soldiers who whistle very loudly and for no reason at all.",Who whistles loudly?,The commanders,The soldiers,,,Ambig,,,,1.0,,,15,soldiers,soldiers,12,10.479652404785156,10.479652404785156
70,72,15,"Despite the good press, we didn\'t really like the commanders of the soldier who whistle very loudly and for no reason at all.",Who whistles loudly?,The commanders,The soldier,1.0,1.0,Ambig,,,,,,1.0,15,Despite,Despite,0,6.082321643829346,6.082321643829346
70,72,15,"Despite the good press, we didn\'t really like the commanders of the soldier who whistle very loudly and for no reason at all.",Who whistles loudly?,The commanders,The soldier,1.0,1.0,Ambig,,,,,,1.0,15,the,the,1,0.9479227066040039,0.9479227066040039
70,72,15,"Despite the good press, we didn\'t really like the commanders of the soldier who whistle very loudly and for no reason at all.",Who whistles loudly?,The commanders,The soldier,1.0,1.0,Ambig,,,,,,1.0,15,good,good,2,7.706827640533447,7.706827640533447
70,72,15,"Despite the good press, we didn\'t really like the commanders of the soldier who whistle very loudly and for no reason at all.",Who whistles loudly?,The commanders,The soldier,1.0,1.0,Ambig,,,,,,1.0,15,"press.,","press,",3,8.188982009887695,4.094491004943848
70,72,15,"Despite the good press, we didn\'t really like the commanders of the soldier who whistle very loudly and for no reason at all.",Who whistles loudly?,The commanders,The soldier,1.0,1.0,Ambig,,,,,,1.0,15,we,we,4,4.895530700683594,4.895530700683594
70,72,15,"Despite the good press, we didn\'t really like the commanders of the soldier who whistle very loudly and for no reason at all.",Who whistles loudly?,The commanders,The soldier,1.0,1.0,Ambig,,,,,,1.0,15,did.nt,didn\'t,5,4.738134384155273,2.3690671920776367
70,72,15,"Despite the good press, we didn\'t really like the commanders of the soldier who whistle very loudly and for no reason at all.",Who whistles loudly?,The commanders,The soldier,1.0,1.0,Ambig,,,,,,1.0,15,really,really,6,5.7967071533203125,5.7967071533203125
70,72,15,"Despite the good press, we didn\'t really like the commanders of the soldier who whistle very loudly and for no reason at all.",Who whistles loudly?,The commanders,The soldier,1.0,1.0,Ambig,,,,,,1.0,15,like,like,7,6.238636016845703,6.238636016845703
70,72,15,"Despite the good press, we didn\'t really like the commanders of the soldier who whistle very loudly and for no reason at all.",Who whistles loudly?,The commanders,The soldier,1.0,1.0,Ambig,,,,,,1.0,15,the,the,8,2.0754928588867188,2.0754928588867188
70,72,15,"Despite the good press, we didn\'t really like the commanders of the soldier who whistle very loudly and for no reason at all.",Who whistles loudly?,The commanders,The soldier,1.0,1.0,Ambig,,,,,,1.0,15,commanders,commanders,9,11.309562683105469,11.309562683105469
70,72,15,"Despite the good press, we didn\'t really like the commanders of the soldier who whistle very loudly and for no reason at all.",Who whistles loudly?,The commanders,The soldier,1.0,1.0,Ambig,,,,,,1.0,15,of,of,10,4.006877899169922,4.006877899169922
70,72,15,"Despite the good press, we didn\'t really like the commanders of the soldier who whistle very loudly and for no reason at all.",Who whistles loudly?,The commanders,The soldier,1.0,1.0,Ambig,,,,,,1.0,15,the,the,11,1.6072502136230469,1.6072502136230469
70,72,15,"Despite the good press, we didn\'t really like the commanders of the soldier who whistle very loudly and for no reason at all.",Who whistles loudly?,The commanders,The soldier,1.0,1.0,Ambig,,,,,,1.0,15,soldier,soldier,12,10.694526672363281,10.694526672363281
71,72,15,"Despite the good press, we didn\'t really like the commander of the soldiers who whistle very loudly and for no reason at all.",Who whistles loudly?,The commander,The soldiers,0.0,0.0,Ambig,,1.0,,,,,15,Despite,Despite,0,6.082321643829346,6.082321643829346
71,72,15,"Despite the good press, we didn\'t really like the commander of the soldiers who whistle very loudly and for no reason at all.",Who whistles loudly?,The commander,The soldiers,0.0,0.0,Ambig,,1.0,,,,,15,the,the,1,0.9479227066040039,0.9479227066040039
71,72,15,"Despite the good press, we didn\'t really like the commander of the soldiers who whistle very loudly and for no reason at all.",Who whistles loudly?,The commander,The soldiers,0.0,0.0,Ambig,,1.0,,,,,15,good,good,2,7.706827640533447,7.706827640533447
71,72,15,"Despite the good press, we didn\'t really like the commander of the soldiers who whistle very loudly and for no reason at all.",Who whistles loudly?,The commander,The soldiers,0.0,0.0,Ambig,,1.0,,,,,15,"press.,","press,",3,8.188982009887695,4.094491004943848
71,72,15,"Despite the good press, we didn\'t really like the commander of the soldiers who whistle very loudly and for no reason at all.",Who whistles loudly?,The commander,The soldiers,0.0,0.0,Ambig,,1.0,,,,,15,we,we,4,4.895530700683594,4.895530700683594
71,72,15,"Despite the good press, we didn\'t really like the commander of the soldiers who whistle very loudly and for no reason at all.",Who whistles loudly?,The commander,The soldiers,0.0,0.0,Ambig,,1.0,,,,,15,did.nt,didn\'t,5,4.738134384155273,2.3690671920776367
71,72,15,"Despite the good press, we didn\'t really like the commander of the soldiers who whistle very loudly and for no reason at all.",Who whistles loudly?,The commander,The soldiers,0.0,0.0,Ambig,,1.0,,,,,15,really,really,6,5.7967071533203125,5.7967071533203125
71,72,15,"Despite the good press, we didn\'t really like the commander of the soldiers who whistle very loudly and for no reason at all.",Who whistles loudly?,The commander,The soldiers,0.0,0.0,Ambig,,1.0,,,,,15,like,like,7,6.238636016845703,6.238636016845703
71,72,15,"Despite the good press, we didn\'t really like the commander of the soldiers who whistle very loudly and for no reason at all.",Who whistles loudly?,The commander,The soldiers,0.0,0.0,Ambig,,1.0,,,,,15,the,the,8,2.0754928588867188,2.0754928588867188
71,72,15,"Despite the good press, we didn\'t really like the commander of the soldiers who whistle very loudly and for no reason at all.",Who whistles loudly?,The commander,The soldiers,0.0,0.0,Ambig,,1.0,,,,,15,commander,commander,9,12.09481430053711,12.09481430053711
71,72,15,"Despite the good press, we didn\'t really like the commander of the soldiers who whistle very loudly and for no reason at all.",Who whistles loudly?,The commander,The soldiers,0.0,0.0,Ambig,,1.0,,,,,15,of,of,10,1.2369422912597656,1.2369422912597656
71,72,15,"Despite the good press, we didn\'t really like the commander of the soldiers who whistle very loudly and for no reason at all.",Who whistles loudly?,The commander,The soldiers,0.0,0.0,Ambig,,1.0,,,,,15,the,the,11,1.6421012878417969,1.6421012878417969
71,72,15,"Despite the good press, we didn\'t really like the commander of the soldiers who whistle very loudly and for no reason at all.",Who whistles loudly?,The commander,The soldiers,0.0,0.0,Ambig,,1.0,,,,,15,soldiers,soldiers,12,10.417797088623047,10.417797088623047
