,Corresponding NP/Z item,Main clause subject number,Condition,disambPosition,Sentence,Question,Option1,Option0,Correct answer,Question target,disambPosition_0idx,token,word,word_pos,sumsurprisal,meansurprisal
0,1,plural,UNAGREE,7,"If the supervisor changes, the schedules deserves further inspection by the rest of the staff.",Do the schedules ever deserve closer inspection?,Yes,No,1,Main clause,7,If,If,0,5.050845146179199,5.050845146179199
0,1,plural,UNAGREE,7,"If the supervisor changes, the schedules deserves further inspection by the rest of the staff.",Do the schedules ever deserve closer inspection?,Yes,No,1,Main clause,7,the,the,1,1.4920086860656738,1.4920086860656738
0,1,plural,UNAGREE,7,"If the supervisor changes, the schedules deserves further inspection by the rest of the staff.",Do the schedules ever deserve closer inspection?,Yes,No,1,Main clause,7,supervisor,supervisor,2,11.80959701538086,11.80959701538086
0,1,plural,UNAGREE,7,"If the supervisor changes, the schedules deserves further inspection by the rest of the staff.",Do the schedules ever deserve closer inspection?,Yes,No,1,Main clause,7,"changes.,","changes,",3,9.438642501831055,4.719321250915527
0,1,plural,UNAGREE,7,"If the supervisor changes, the schedules deserves further inspection by the rest of the staff.",Do the schedules ever deserve closer inspection?,Yes,No,1,Main clause,7,the,the,4,1.6814689636230469,1.6814689636230469
0,1,plural,UNAGREE,7,"If the supervisor changes, the schedules deserves further inspection by the rest of the staff.",Do the schedules ever deserve closer inspection?,Yes,No,1,Main clause,7,schedules,schedules,5,12.315587997436523,12.315587997436523
0,1,plural,UNAGREE,7,"If the supervisor changes, the schedules deserves further inspection by the rest of the staff.",Do the schedules ever deserve closer inspection?,Yes,No,1,Main clause,7,deserves,deserves,6,10.143932342529297,10.143932342529297
0,1,plural,UNAGREE,7,"If the supervisor changes, the schedules deserves further inspection by the rest of the staff.",Do the schedules ever deserve closer inspection?,Yes,No,1,Main clause,7,further,further,7,6.257904052734375,6.257904052734375
0,1,plural,UNAGREE,7,"If the supervisor changes, the schedules deserves further inspection by the rest of the staff.",Do the schedules ever deserve closer inspection?,Yes,No,1,Main clause,7,inspection,inspection,8,11.6005859375,11.6005859375
0,1,plural,UNAGREE,7,"If the supervisor changes, the schedules deserves further inspection by the rest of the staff.",Do the schedules ever deserve closer inspection?,Yes,No,1,Main clause,7,by,by,9,4.285743713378906,4.285743713378906
0,1,plural,UNAGREE,7,"If the supervisor changes, the schedules deserves further inspection by the rest of the staff.",Do the schedules ever deserve closer inspection?,Yes,No,1,Main clause,7,the,the,10,1.67913818359375,1.67913818359375
0,1,plural,UNAGREE,7,"If the supervisor changes, the schedules deserves further inspection by the rest of the staff.",Do the schedules ever deserve closer inspection?,Yes,No,1,Main clause,7,rest,rest,11,6.394462585449219,6.394462585449219
0,1,plural,UNAGREE,7,"If the supervisor changes, the schedules deserves further inspection by the rest of the staff.",Do the schedules ever deserve closer inspection?,Yes,No,1,Main clause,7,of,of,12,0.16440582275390625,0.16440582275390625
0,1,plural,UNAGREE,7,"If the supervisor changes, the schedules deserves further inspection by the rest of the staff.",Do the schedules ever deserve closer inspection?,Yes,No,1,Main clause,7,the,the,13,0.37052154541015625,0.37052154541015625
0,1,plural,UNAGREE,7,"If the supervisor changes, the schedules deserves further inspection by the rest of the staff.",Do the schedules ever deserve closer inspection?,Yes,No,1,Main clause,7,staff..,staff.,14,11.522605895996094,5.761302947998047
1,1,singular,AGREE,7,"If the supervisor changes, the schedule deserves further inspection by the rest of the staff.",Does the schedule ever deserve closer inspection?,Yes,No,1,Main clause,7,If,If,0,5.050845146179199,5.050845146179199
1,1,singular,AGREE,7,"If the supervisor changes, the schedule deserves further inspection by the rest of the staff.",Does the schedule ever deserve closer inspection?,Yes,No,1,Main clause,7,the,the,1,1.4920086860656738,1.4920086860656738
1,1,singular,AGREE,7,"If the supervisor changes, the schedule deserves further inspection by the rest of the staff.",Does the schedule ever deserve closer inspection?,Yes,No,1,Main clause,7,supervisor,supervisor,2,11.80959701538086,11.80959701538086
1,1,singular,AGREE,7,"If the supervisor changes, the schedule deserves further inspection by the rest of the staff.",Does the schedule ever deserve closer inspection?,Yes,No,1,Main clause,7,"changes.,","changes,",3,9.438642501831055,4.719321250915527
1,1,singular,AGREE,7,"If the supervisor changes, the schedule deserves further inspection by the rest of the staff.",Does the schedule ever deserve closer inspection?,Yes,No,1,Main clause,7,the,the,4,1.6814689636230469,1.6814689636230469
1,1,singular,AGREE,7,"If the supervisor changes, the schedule deserves further inspection by the rest of the staff.",Does the schedule ever deserve closer inspection?,Yes,No,1,Main clause,7,schedule,schedule,5,9.281885147094727,9.281885147094727
1,1,singular,AGREE,7,"If the supervisor changes, the schedule deserves further inspection by the rest of the staff.",Does the schedule ever deserve closer inspection?,Yes,No,1,Main clause,7,deserves,deserves,6,8.923500061035156,8.923500061035156
1,1,singular,AGREE,7,"If the supervisor changes, the schedule deserves further inspection by the rest of the staff.",Does the schedule ever deserve closer inspection?,Yes,No,1,Main clause,7,further,further,7,6.383792877197266,6.383792877197266
1,1,singular,AGREE,7,"If the supervisor changes, the schedule deserves further inspection by the rest of the staff.",Does the schedule ever deserve closer inspection?,Yes,No,1,Main clause,7,inspection,inspection,8,11.74246597290039,11.74246597290039
1,1,singular,AGREE,7,"If the supervisor changes, the schedule deserves further inspection by the rest of the staff.",Does the schedule ever deserve closer inspection?,Yes,No,1,Main clause,7,by,by,9,4.340461730957031,4.340461730957031
1,1,singular,AGREE,7,"If the supervisor changes, the schedule deserves further inspection by the rest of the staff.",Does the schedule ever deserve closer inspection?,Yes,No,1,Main clause,7,the,the,10,1.598480224609375,1.598480224609375
1,1,singular,AGREE,7,"If the supervisor changes, the schedule deserves further inspection by the rest of the staff.",Does the schedule ever deserve closer inspection?,Yes,No,1,Main clause,7,rest,rest,11,6.113899230957031,6.113899230957031
1,1,singular,AGREE,7,"If the supervisor changes, the schedule deserves further inspection by the rest of the staff.",Does the schedule ever deserve closer inspection?,Yes,No,1,Main clause,7,of,of,12,0.156707763671875,0.156707763671875
1,1,singular,AGREE,7,"If the supervisor changes, the schedule deserves further inspection by the rest of the staff.",Does the schedule ever deserve closer inspection?,Yes,No,1,Main clause,7,the,the,13,0.34406280517578125,0.34406280517578125
1,1,singular,AGREE,7,"If the supervisor changes, the schedule deserves further inspection by the rest of the staff.",Does the schedule ever deserve closer inspection?,Yes,No,1,Main clause,7,staff..,staff.,14,11.671035766601562,5.835517883300781
2,3,plural,UNAGREE,7,"When the magician moves, the cards disappears mysteriously from his assistant\'s hand.",Do the cards ever disappear?,Yes,No,1,Main clause,7,When,When,0,5.117821216583252,5.117821216583252
3,3,singular,AGREE,7,"When the magician moves, the card disappears mysteriously from his assistant\'s hand.",Does the card ever disappear?,Yes,No,1,Main clause,7,When,When,0,5.117821216583252,5.117821216583252
6,6,plural,UNAGREE,8,"After the esteemed reviewer reads, the books gains more attention due to his glowing praise.",Does the esteemed reviewer like the books?,Yes,No,1,Main clause,8,After,After,0,5.5502238273620605,5.5502238273620605
7,6,singular,AGREE,8,"After the esteemed reviewer reads, the book gains more attention due to his glowing praise.",Does the esteemed reviewer like the book?,Yes,No,1,Main clause,8,After,After,0,5.5502238273620605,5.5502238273620605
10,8,plural,UNAGREE,7,"When the lecturer stops, her audiences needs several minutes to reflect on the content.",Does the lecturer stop her audiences?,Yes,No,0,Ambiguity (incorrect),7,When,When,0,5.117821216583252,5.117821216583252
10,8,plural,UNAGREE,7,"When the lecturer stops, her audiences needs several minutes to reflect on the content.",Does the lecturer stop her audiences?,Yes,No,0,Ambiguity (incorrect),7,the,the,1,1.5030436515808105,1.5030436515808105
10,8,plural,UNAGREE,7,"When the lecturer stops, her audiences needs several minutes to reflect on the content.",Does the lecturer stop her audiences?,Yes,No,0,Ambiguity (incorrect),7,lecturer,lecturer,2,11.56448745727539,11.56448745727539
10,8,plural,UNAGREE,7,"When the lecturer stops, her audiences needs several minutes to reflect on the content.",Does the lecturer stop her audiences?,Yes,No,0,Ambiguity (incorrect),7,"stops.,","stops,",3,13.88876724243164,6.94438362121582
10,8,plural,UNAGREE,7,"When the lecturer stops, her audiences needs several minutes to reflect on the content.",Does the lecturer stop her audiences?,Yes,No,0,Ambiguity (incorrect),7,her,her,4,6.394073486328125,6.394073486328125
10,8,plural,UNAGREE,7,"When the lecturer stops, her audiences needs several minutes to reflect on the content.",Does the lecturer stop her audiences?,Yes,No,0,Ambiguity (incorrect),7,audiences,audiences,5,10.488174438476562,10.488174438476562
10,8,plural,UNAGREE,7,"When the lecturer stops, her audiences needs several minutes to reflect on the content.",Does the lecturer stop her audiences?,Yes,No,0,Ambiguity (incorrect),7,needs,needs,6,8.48709487915039,8.48709487915039
10,8,plural,UNAGREE,7,"When the lecturer stops, her audiences needs several minutes to reflect on the content.",Does the lecturer stop her audiences?,Yes,No,0,Ambiguity (incorrect),7,several,several,7,6.5114593505859375,6.5114593505859375
10,8,plural,UNAGREE,7,"When the lecturer stops, her audiences needs several minutes to reflect on the content.",Does the lecturer stop her audiences?,Yes,No,0,Ambiguity (incorrect),7,minutes,minutes,8,7.001918792724609,7.001918792724609
10,8,plural,UNAGREE,7,"When the lecturer stops, her audiences needs several minutes to reflect on the content.",Does the lecturer stop her audiences?,Yes,No,0,Ambiguity (incorrect),7,to,to,9,4.70343017578125,4.70343017578125
10,8,plural,UNAGREE,7,"When the lecturer stops, her audiences needs several minutes to reflect on the content.",Does the lecturer stop her audiences?,Yes,No,0,Ambiguity (incorrect),7,reflect,reflect,10,9.848709106445312,9.848709106445312
10,8,plural,UNAGREE,7,"When the lecturer stops, her audiences needs several minutes to reflect on the content.",Does the lecturer stop her audiences?,Yes,No,0,Ambiguity (incorrect),7,on,on,11,8.013862609863281,8.013862609863281
10,8,plural,UNAGREE,7,"When the lecturer stops, her audiences needs several minutes to reflect on the content.",Does the lecturer stop her audiences?,Yes,No,0,Ambiguity (incorrect),7,the,the,12,1.2582855224609375,1.2582855224609375
10,8,plural,UNAGREE,7,"When the lecturer stops, her audiences needs several minutes to reflect on the content.",Does the lecturer stop her audiences?,Yes,No,0,Ambiguity (incorrect),7,content..,content.,13,10.461769104003906,5.230884552001953
11,8,singular,AGREE,7,"When the lecturer stops, her audience needs several minutes to reflect on the content.",Does the lecturer stop her audience?,Yes,No,0,Ambiguity (incorrect),7,When,When,0,5.117821216583252,5.117821216583252
11,8,singular,AGREE,7,"When the lecturer stops, her audience needs several minutes to reflect on the content.",Does the lecturer stop her audience?,Yes,No,0,Ambiguity (incorrect),7,the,the,1,1.5030436515808105,1.5030436515808105
11,8,singular,AGREE,7,"When the lecturer stops, her audience needs several minutes to reflect on the content.",Does the lecturer stop her audience?,Yes,No,0,Ambiguity (incorrect),7,lecturer,lecturer,2,11.56448745727539,11.56448745727539
11,8,singular,AGREE,7,"When the lecturer stops, her audience needs several minutes to reflect on the content.",Does the lecturer stop her audience?,Yes,No,0,Ambiguity (incorrect),7,"stops.,","stops,",3,13.88876724243164,6.94438362121582
11,8,singular,AGREE,7,"When the lecturer stops, her audience needs several minutes to reflect on the content.",Does the lecturer stop her audience?,Yes,No,0,Ambiguity (incorrect),7,her,her,4,6.394073486328125,6.394073486328125
11,8,singular,AGREE,7,"When the lecturer stops, her audience needs several minutes to reflect on the content.",Does the lecturer stop her audience?,Yes,No,0,Ambiguity (incorrect),7,audience,audience,5,5.9739990234375,5.9739990234375
11,8,singular,AGREE,7,"When the lecturer stops, her audience needs several minutes to reflect on the content.",Does the lecturer stop her audience?,Yes,No,0,Ambiguity (incorrect),7,needs,needs,6,6.943859100341797,6.943859100341797
11,8,singular,AGREE,7,"When the lecturer stops, her audience needs several minutes to reflect on the content.",Does the lecturer stop her audience?,Yes,No,0,Ambiguity (incorrect),7,several,several,7,6.304126739501953,6.304126739501953
11,8,singular,AGREE,7,"When the lecturer stops, her audience needs several minutes to reflect on the content.",Does the lecturer stop her audience?,Yes,No,0,Ambiguity (incorrect),7,minutes,minutes,8,6.836158752441406,6.836158752441406
11,8,singular,AGREE,7,"When the lecturer stops, her audience needs several minutes to reflect on the content.",Does the lecturer stop her audience?,Yes,No,0,Ambiguity (incorrect),7,to,to,9,4.710418701171875,4.710418701171875
11,8,singular,AGREE,7,"When the lecturer stops, her audience needs several minutes to reflect on the content.",Does the lecturer stop her audience?,Yes,No,0,Ambiguity (incorrect),7,reflect,reflect,10,9.92095947265625,9.92095947265625
11,8,singular,AGREE,7,"When the lecturer stops, her audience needs several minutes to reflect on the content.",Does the lecturer stop her audience?,Yes,No,0,Ambiguity (incorrect),7,on,on,11,7.9567108154296875,7.9567108154296875
11,8,singular,AGREE,7,"When the lecturer stops, her audience needs several minutes to reflect on the content.",Does the lecturer stop her audience?,Yes,No,0,Ambiguity (incorrect),7,the,the,12,1.2314910888671875,1.2314910888671875
11,8,singular,AGREE,7,"When the lecturer stops, her audience needs several minutes to reflect on the content.",Does the lecturer stop her audience?,Yes,No,0,Ambiguity (incorrect),7,content..,content.,13,10.46600341796875,5.233001708984375
12,9,plural,UNAGREE,7,"When the actress begins, the scenes fails dramatically despite the months she spent rehearsing.",Did the actress rehearse extensively?,Yes,No,1,Main clause,7,When,When,0,5.117821216583252,5.117821216583252
12,9,plural,UNAGREE,7,"When the actress begins, the scenes fails dramatically despite the months she spent rehearsing.",Did the actress rehearse extensively?,Yes,No,1,Main clause,7,the,the,1,1.5030436515808105,1.5030436515808105
12,9,plural,UNAGREE,7,"When the actress begins, the scenes fails dramatically despite the months she spent rehearsing.",Did the actress rehearse extensively?,Yes,No,1,Main clause,7,actress,actress,2,10.662649154663086,10.662649154663086
12,9,plural,UNAGREE,7,"When the actress begins, the scenes fails dramatically despite the months she spent rehearsing.",Did the actress rehearse extensively?,Yes,No,1,Main clause,7,"begins.,","begins,",3,10.784309387207031,5.392154693603516
12,9,plural,UNAGREE,7,"When the actress begins, the scenes fails dramatically despite the months she spent rehearsing.",Did the actress rehearse extensively?,Yes,No,1,Main clause,7,the,the,4,1.8820266723632812,1.8820266723632812
12,9,plural,UNAGREE,7,"When the actress begins, the scenes fails dramatically despite the months she spent rehearsing.",Did the actress rehearse extensively?,Yes,No,1,Main clause,7,scenes,scenes,5,11.345754623413086,11.345754623413086
12,9,plural,UNAGREE,7,"When the actress begins, the scenes fails dramatically despite the months she spent rehearsing.",Did the actress rehearse extensively?,Yes,No,1,Main clause,7,fails,fails,6,8.631488800048828,8.631488800048828
12,9,plural,UNAGREE,7,"When the actress begins, the scenes fails dramatically despite the months she spent rehearsing.",Did the actress rehearse extensively?,Yes,No,1,Main clause,7,dramatically,dramatically,7,14.193679809570312,14.193679809570312
12,9,plural,UNAGREE,7,"When the actress begins, the scenes fails dramatically despite the months she spent rehearsing.",Did the actress rehearse extensively?,Yes,No,1,Main clause,7,despite,despite,8,7.9399871826171875,7.9399871826171875
12,9,plural,UNAGREE,7,"When the actress begins, the scenes fails dramatically despite the months she spent rehearsing.",Did the actress rehearse extensively?,Yes,No,1,Main clause,7,the,the,9,1.4883346557617188,1.4883346557617188
12,9,plural,UNAGREE,7,"When the actress begins, the scenes fails dramatically despite the months she spent rehearsing.",Did the actress rehearse extensively?,Yes,No,1,Main clause,7,months,months,10,9.534263610839844,9.534263610839844
12,9,plural,UNAGREE,7,"When the actress begins, the scenes fails dramatically despite the months she spent rehearsing.",Did the actress rehearse extensively?,Yes,No,1,Main clause,7,she,she,11,13.163154602050781,13.163154602050781
13,9,singular,AGREE,7,"When the actress begins, the scene fails dramatically despite the months she spent rehearsing.",Did the actress rehearse extensively?,Yes,No,1,Main clause,7,When,When,0,5.117821216583252,5.117821216583252
13,9,singular,AGREE,7,"When the actress begins, the scene fails dramatically despite the months she spent rehearsing.",Did the actress rehearse extensively?,Yes,No,1,Main clause,7,the,the,1,1.5030436515808105,1.5030436515808105
13,9,singular,AGREE,7,"When the actress begins, the scene fails dramatically despite the months she spent rehearsing.",Did the actress rehearse extensively?,Yes,No,1,Main clause,7,actress,actress,2,10.662649154663086,10.662649154663086
13,9,singular,AGREE,7,"When the actress begins, the scene fails dramatically despite the months she spent rehearsing.",Did the actress rehearse extensively?,Yes,No,1,Main clause,7,"begins.,","begins,",3,10.784309387207031,5.392154693603516
13,9,singular,AGREE,7,"When the actress begins, the scene fails dramatically despite the months she spent rehearsing.",Did the actress rehearse extensively?,Yes,No,1,Main clause,7,the,the,4,1.8820266723632812,1.8820266723632812
13,9,singular,AGREE,7,"When the actress begins, the scene fails dramatically despite the months she spent rehearsing.",Did the actress rehearse extensively?,Yes,No,1,Main clause,7,scene,scene,5,7.899507522583008,7.899507522583008
13,9,singular,AGREE,7,"When the actress begins, the scene fails dramatically despite the months she spent rehearsing.",Did the actress rehearse extensively?,Yes,No,1,Main clause,7,fails,fails,6,7.934547424316406,7.934547424316406
13,9,singular,AGREE,7,"When the actress begins, the scene fails dramatically despite the months she spent rehearsing.",Did the actress rehearse extensively?,Yes,No,1,Main clause,7,dramatically,dramatically,7,14.638648986816406,14.638648986816406
13,9,singular,AGREE,7,"When the actress begins, the scene fails dramatically despite the months she spent rehearsing.",Did the actress rehearse extensively?,Yes,No,1,Main clause,7,despite,despite,8,7.6095733642578125,7.6095733642578125
13,9,singular,AGREE,7,"When the actress begins, the scene fails dramatically despite the months she spent rehearsing.",Did the actress rehearse extensively?,Yes,No,1,Main clause,7,the,the,9,1.4506378173828125,1.4506378173828125
13,9,singular,AGREE,7,"When the actress begins, the scene fails dramatically despite the months she spent rehearsing.",Did the actress rehearse extensively?,Yes,No,1,Main clause,7,months,months,10,9.624984741210938,9.624984741210938
13,9,singular,AGREE,7,"When the actress begins, the scene fails dramatically despite the months she spent rehearsing.",Did the actress rehearse extensively?,Yes,No,1,Main clause,7,she,she,11,15.196632385253906,15.196632385253906
14,10,plural,UNAGREE,8,"After the worst team loses, the tournaments remains essentially the same for the rest of the year.",Does the loss of the worst team matter to the tournaments?,Yes,No,0,Both,8,After,After,0,5.5502238273620605,5.5502238273620605
14,10,plural,UNAGREE,8,"After the worst team loses, the tournaments remains essentially the same for the rest of the year.",Does the loss of the worst team matter to the tournaments?,Yes,No,0,Both,8,the,the,1,1.6755943298339844,1.6755943298339844
14,10,plural,UNAGREE,8,"After the worst team loses, the tournaments remains essentially the same for the rest of the year.",Does the loss of the worst team matter to the tournaments?,Yes,No,0,Both,8,worst,worst,2,6.450308322906494,6.450308322906494
14,10,plural,UNAGREE,8,"After the worst team loses, the tournaments remains essentially the same for the rest of the year.",Does the loss of the worst team matter to the tournaments?,Yes,No,0,Both,8,team,team,3,10.458023071289062,10.458023071289062
14,10,plural,UNAGREE,8,"After the worst team loses, the tournaments remains essentially the same for the rest of the year.",Does the loss of the worst team matter to the tournaments?,Yes,No,0,Both,8,"loses.,","loses,",4,16.946969985961914,8.473484992980957
15,10,singular,AGREE,8,"After the worst team loses, the tournament remains essentially the same for the rest of the year.",Does the loss of the worst team matter to the tournament?,Yes,No,0,Both,8,After,After,0,5.5502238273620605,5.5502238273620605
15,10,singular,AGREE,8,"After the worst team loses, the tournament remains essentially the same for the rest of the year.",Does the loss of the worst team matter to the tournament?,Yes,No,0,Both,8,the,the,1,1.6755943298339844,1.6755943298339844
15,10,singular,AGREE,8,"After the worst team loses, the tournament remains essentially the same for the rest of the year.",Does the loss of the worst team matter to the tournament?,Yes,No,0,Both,8,worst,worst,2,6.450308322906494,6.450308322906494
15,10,singular,AGREE,8,"After the worst team loses, the tournament remains essentially the same for the rest of the year.",Does the loss of the worst team matter to the tournament?,Yes,No,0,Both,8,team,team,3,10.458023071289062,10.458023071289062
15,10,singular,AGREE,8,"After the worst team loses, the tournament remains essentially the same for the rest of the year.",Does the loss of the worst team matter to the tournament?,Yes,No,0,Both,8,"loses.,","loses,",4,16.946969985961914,8.473484992980957
16,12,plural,UNAGREE,7,"When the supervisor works, the shifts seems unnecessarily stressful on a Friday night.",Does the supervisor sometimes work on a Friday night?,Yes,No,1,Both,7,When,When,0,5.117821216583252,5.117821216583252
16,12,plural,UNAGREE,7,"When the supervisor works, the shifts seems unnecessarily stressful on a Friday night.",Does the supervisor sometimes work on a Friday night?,Yes,No,1,Both,7,the,the,1,1.5030436515808105,1.5030436515808105
16,12,plural,UNAGREE,7,"When the supervisor works, the shifts seems unnecessarily stressful on a Friday night.",Does the supervisor sometimes work on a Friday night?,Yes,No,1,Both,7,supervisor,supervisor,2,11.808187484741211,11.808187484741211
16,12,plural,UNAGREE,7,"When the supervisor works, the shifts seems unnecessarily stressful on a Friday night.",Does the supervisor sometimes work on a Friday night?,Yes,No,1,Both,7,"works.,","works,",3,10.576446533203125,5.2882232666015625
16,12,plural,UNAGREE,7,"When the supervisor works, the shifts seems unnecessarily stressful on a Friday night.",Does the supervisor sometimes work on a Friday night?,Yes,No,1,Both,7,the,the,4,1.7719192504882812,1.7719192504882812
16,12,plural,UNAGREE,7,"When the supervisor works, the shifts seems unnecessarily stressful on a Friday night.",Does the supervisor sometimes work on a Friday night?,Yes,No,1,Both,7,shifts,shifts,5,12.083318710327148,12.083318710327148
16,12,plural,UNAGREE,7,"When the supervisor works, the shifts seems unnecessarily stressful on a Friday night.",Does the supervisor sometimes work on a Friday night?,Yes,No,1,Both,7,seems,seems,6,6.904544830322266,6.904544830322266
16,12,plural,UNAGREE,7,"When the supervisor works, the shifts seems unnecessarily stressful on a Friday night.",Does the supervisor sometimes work on a Friday night?,Yes,No,1,Both,7,unnecessarily,unnecessarily,7,10.116443634033203,10.116443634033203
16,12,plural,UNAGREE,7,"When the supervisor works, the shifts seems unnecessarily stressful on a Friday night.",Does the supervisor sometimes work on a Friday night?,Yes,No,1,Both,7,stressful,stressful,8,10.943477630615234,10.943477630615234
16,12,plural,UNAGREE,7,"When the supervisor works, the shifts seems unnecessarily stressful on a Friday night.",Does the supervisor sometimes work on a Friday night?,Yes,No,1,Both,7,on,on,9,5.0758209228515625,5.0758209228515625
16,12,plural,UNAGREE,7,"When the supervisor works, the shifts seems unnecessarily stressful on a Friday night.",Does the supervisor sometimes work on a Friday night?,Yes,No,1,Both,7,a,a,10,2.488250732421875,2.488250732421875
16,12,plural,UNAGREE,7,"When the supervisor works, the shifts seems unnecessarily stressful on a Friday night.",Does the supervisor sometimes work on a Friday night?,Yes,No,1,Both,7,Friday,Friday,11,9.48486328125,9.48486328125
16,12,plural,UNAGREE,7,"When the supervisor works, the shifts seems unnecessarily stressful on a Friday night.",Does the supervisor sometimes work on a Friday night?,Yes,No,1,Both,7,night..,night.,12,7.147285461425781,3.5736427307128906
17,12,singular,AGREE,7,"When the supervisor works, the shift seems unnecessarily stressful on a Friday night.",Does the supervisor sometimes work on a Friday night?,Yes,No,1,Both,7,When,When,0,5.117821216583252,5.117821216583252
17,12,singular,AGREE,7,"When the supervisor works, the shift seems unnecessarily stressful on a Friday night.",Does the supervisor sometimes work on a Friday night?,Yes,No,1,Both,7,the,the,1,1.5030436515808105,1.5030436515808105
17,12,singular,AGREE,7,"When the supervisor works, the shift seems unnecessarily stressful on a Friday night.",Does the supervisor sometimes work on a Friday night?,Yes,No,1,Both,7,supervisor,supervisor,2,11.808187484741211,11.808187484741211
17,12,singular,AGREE,7,"When the supervisor works, the shift seems unnecessarily stressful on a Friday night.",Does the supervisor sometimes work on a Friday night?,Yes,No,1,Both,7,"works.,","works,",3,10.576446533203125,5.2882232666015625
17,12,singular,AGREE,7,"When the supervisor works, the shift seems unnecessarily stressful on a Friday night.",Does the supervisor sometimes work on a Friday night?,Yes,No,1,Both,7,the,the,4,1.7719192504882812,1.7719192504882812
17,12,singular,AGREE,7,"When the supervisor works, the shift seems unnecessarily stressful on a Friday night.",Does the supervisor sometimes work on a Friday night?,Yes,No,1,Both,7,shift,shift,5,8.598661422729492,8.598661422729492
17,12,singular,AGREE,7,"When the supervisor works, the shift seems unnecessarily stressful on a Friday night.",Does the supervisor sometimes work on a Friday night?,Yes,No,1,Both,7,seems,seems,6,5.846046447753906,5.846046447753906
17,12,singular,AGREE,7,"When the supervisor works, the shift seems unnecessarily stressful on a Friday night.",Does the supervisor sometimes work on a Friday night?,Yes,No,1,Both,7,unnecessarily,unnecessarily,7,10.992198944091797,10.992198944091797
17,12,singular,AGREE,7,"When the supervisor works, the shift seems unnecessarily stressful on a Friday night.",Does the supervisor sometimes work on a Friday night?,Yes,No,1,Both,7,stressful,stressful,8,11.149559020996094,11.149559020996094
17,12,singular,AGREE,7,"When the supervisor works, the shift seems unnecessarily stressful on a Friday night.",Does the supervisor sometimes work on a Friday night?,Yes,No,1,Both,7,on,on,9,4.8626251220703125,4.8626251220703125
17,12,singular,AGREE,7,"When the supervisor works, the shift seems unnecessarily stressful on a Friday night.",Does the supervisor sometimes work on a Friday night?,Yes,No,1,Both,7,a,a,10,2.4807968139648438,2.4807968139648438
17,12,singular,AGREE,7,"When the supervisor works, the shift seems unnecessarily stressful on a Friday night.",Does the supervisor sometimes work on a Friday night?,Yes,No,1,Both,7,Friday,Friday,11,9.736465454101562,9.736465454101562
17,12,singular,AGREE,7,"When the supervisor works, the shift seems unnecessarily stressful on a Friday night.",Does the supervisor sometimes work on a Friday night?,Yes,No,1,Both,7,night..,night.,12,7.442161560058594,3.721080780029297
18,14,plural,UNAGREE,7,"After the diplomat signs, the agreements creates another border conflict as a side effect.",Do the agreements lead to peace?,Yes,No,0,Main clause,7,After,After,0,5.5502238273620605,5.5502238273620605
18,14,plural,UNAGREE,7,"After the diplomat signs, the agreements creates another border conflict as a side effect.",Do the agreements lead to peace?,Yes,No,0,Main clause,7,the,the,1,1.6755943298339844,1.6755943298339844
18,14,plural,UNAGREE,7,"After the diplomat signs, the agreements creates another border conflict as a side effect.",Do the agreements lead to peace?,Yes,No,0,Main clause,7,diplomat,diplomat,2,14.013851165771484,14.013851165771484
18,14,plural,UNAGREE,7,"After the diplomat signs, the agreements creates another border conflict as a side effect.",Do the agreements lead to peace?,Yes,No,0,Main clause,7,"signs.,","signs,",3,15.896965026855469,7.948482513427734
18,14,plural,UNAGREE,7,"After the diplomat signs, the agreements creates another border conflict as a side effect.",Do the agreements lead to peace?,Yes,No,0,Main clause,7,the,the,4,1.6700515747070312,1.6700515747070312
18,14,plural,UNAGREE,7,"After the diplomat signs, the agreements creates another border conflict as a side effect.",Do the agreements lead to peace?,Yes,No,0,Main clause,7,agreements,agreements,5,11.144718170166016,11.144718170166016
18,14,plural,UNAGREE,7,"After the diplomat signs, the agreements creates another border conflict as a side effect.",Do the agreements lead to peace?,Yes,No,0,Main clause,7,creates,creates,6,9.36215591430664,9.36215591430664
18,14,plural,UNAGREE,7,"After the diplomat signs, the agreements creates another border conflict as a side effect.",Do the agreements lead to peace?,Yes,No,0,Main clause,7,another,another,7,5.610008239746094,5.610008239746094
18,14,plural,UNAGREE,7,"After the diplomat signs, the agreements creates another border conflict as a side effect.",Do the agreements lead to peace?,Yes,No,0,Main clause,7,border,border,8,12.450759887695312,12.450759887695312
18,14,plural,UNAGREE,7,"After the diplomat signs, the agreements creates another border conflict as a side effect.",Do the agreements lead to peace?,Yes,No,0,Main clause,7,conflict,conflict,9,12.724586486816406,12.724586486816406
18,14,plural,UNAGREE,7,"After the diplomat signs, the agreements creates another border conflict as a side effect.",Do the agreements lead to peace?,Yes,No,0,Main clause,7,as,as,10,4.1941986083984375,4.1941986083984375
18,14,plural,UNAGREE,7,"After the diplomat signs, the agreements creates another border conflict as a side effect.",Do the agreements lead to peace?,Yes,No,0,Main clause,7,a,a,11,1.4276885986328125,1.4276885986328125
18,14,plural,UNAGREE,7,"After the diplomat signs, the agreements creates another border conflict as a side effect.",Do the agreements lead to peace?,Yes,No,0,Main clause,7,side,side,12,9.1292724609375,9.1292724609375
18,14,plural,UNAGREE,7,"After the diplomat signs, the agreements creates another border conflict as a side effect.",Do the agreements lead to peace?,Yes,No,0,Main clause,7,effect..,effect.,13,8.158653259277344,4.079326629638672
19,14,singular,AGREE,7,"After the diplomat signs, the agreement creates another border conflict as a side effect.",Does the agreement lead to peace?,Yes,No,0,Main clause,7,After,After,0,5.5502238273620605,5.5502238273620605
19,14,singular,AGREE,7,"After the diplomat signs, the agreement creates another border conflict as a side effect.",Does the agreement lead to peace?,Yes,No,0,Main clause,7,the,the,1,1.6755943298339844,1.6755943298339844
19,14,singular,AGREE,7,"After the diplomat signs, the agreement creates another border conflict as a side effect.",Does the agreement lead to peace?,Yes,No,0,Main clause,7,diplomat,diplomat,2,14.013851165771484,14.013851165771484
19,14,singular,AGREE,7,"After the diplomat signs, the agreement creates another border conflict as a side effect.",Does the agreement lead to peace?,Yes,No,0,Main clause,7,"signs.,","signs,",3,15.896965026855469,7.948482513427734
19,14,singular,AGREE,7,"After the diplomat signs, the agreement creates another border conflict as a side effect.",Does the agreement lead to peace?,Yes,No,0,Main clause,7,the,the,4,1.6700515747070312,1.6700515747070312
19,14,singular,AGREE,7,"After the diplomat signs, the agreement creates another border conflict as a side effect.",Does the agreement lead to peace?,Yes,No,0,Main clause,7,agreement,agreement,5,6.805458068847656,6.805458068847656
19,14,singular,AGREE,7,"After the diplomat signs, the agreement creates another border conflict as a side effect.",Does the agreement lead to peace?,Yes,No,0,Main clause,7,creates,creates,6,8.46230697631836,8.46230697631836
19,14,singular,AGREE,7,"After the diplomat signs, the agreement creates another border conflict as a side effect.",Does the agreement lead to peace?,Yes,No,0,Main clause,7,another,another,7,5.432464599609375,5.432464599609375
19,14,singular,AGREE,7,"After the diplomat signs, the agreement creates another border conflict as a side effect.",Does the agreement lead to peace?,Yes,No,0,Main clause,7,border,border,8,12.689556121826172,12.689556121826172
19,14,singular,AGREE,7,"After the diplomat signs, the agreement creates another border conflict as a side effect.",Does the agreement lead to peace?,Yes,No,0,Main clause,7,conflict,conflict,9,12.776275634765625,12.776275634765625
19,14,singular,AGREE,7,"After the diplomat signs, the agreement creates another border conflict as a side effect.",Does the agreement lead to peace?,Yes,No,0,Main clause,7,as,as,10,4.359748840332031,4.359748840332031
19,14,singular,AGREE,7,"After the diplomat signs, the agreement creates another border conflict as a side effect.",Does the agreement lead to peace?,Yes,No,0,Main clause,7,a,a,11,1.3381500244140625,1.3381500244140625
19,14,singular,AGREE,7,"After the diplomat signs, the agreement creates another border conflict as a side effect.",Does the agreement lead to peace?,Yes,No,0,Main clause,7,side,side,12,9.436241149902344,9.436241149902344
19,14,singular,AGREE,7,"After the diplomat signs, the agreement creates another border conflict as a side effect.",Does the agreement lead to peace?,Yes,No,0,Main clause,7,effect..,effect.,13,8.309471130371094,4.154735565185547
22,16,plural,UNAGREE,7,"Unless the dog attacks, the cats remains relatively tranquil throughout the day.",Do the cats usually remain calm?,Yes,No,1,Main clause,7,Unless,Unless,0,7.956262588500977,7.956262588500977
22,16,plural,UNAGREE,7,"Unless the dog attacks, the cats remains relatively tranquil throughout the day.",Do the cats usually remain calm?,Yes,No,1,Main clause,7,the,the,1,1.3090620040893555,1.3090620040893555
22,16,plural,UNAGREE,7,"Unless the dog attacks, the cats remains relatively tranquil throughout the day.",Do the cats usually remain calm?,Yes,No,1,Main clause,7,dog,dog,2,11.030083656311035,11.030083656311035
22,16,plural,UNAGREE,7,"Unless the dog attacks, the cats remains relatively tranquil throughout the day.",Do the cats usually remain calm?,Yes,No,1,Main clause,7,"attacks.,","attacks,",3,13.356863021850586,6.678431510925293
22,16,plural,UNAGREE,7,"Unless the dog attacks, the cats remains relatively tranquil throughout the day.",Do the cats usually remain calm?,Yes,No,1,Main clause,7,the,the,4,1.6907272338867188,1.6907272338867188
22,16,plural,UNAGREE,7,"Unless the dog attacks, the cats remains relatively tranquil throughout the day.",Do the cats usually remain calm?,Yes,No,1,Main clause,7,cats,cats,5,11.256568908691406,11.256568908691406
22,16,plural,UNAGREE,7,"Unless the dog attacks, the cats remains relatively tranquil throughout the day.",Do the cats usually remain calm?,Yes,No,1,Main clause,7,remains,remains,6,8.166770935058594,8.166770935058594
23,16,singular,AGREE,7,"Unless the dog attacks, the cat remains relatively tranquil throughout the day.",Does the cat usually remain calm?,Yes,No,1,Main Clause,7,Unless,Unless,0,7.956262588500977,7.956262588500977
23,16,singular,AGREE,7,"Unless the dog attacks, the cat remains relatively tranquil throughout the day.",Does the cat usually remain calm?,Yes,No,1,Main Clause,7,the,the,1,1.3090620040893555,1.3090620040893555
23,16,singular,AGREE,7,"Unless the dog attacks, the cat remains relatively tranquil throughout the day.",Does the cat usually remain calm?,Yes,No,1,Main Clause,7,dog,dog,2,11.030083656311035,11.030083656311035
23,16,singular,AGREE,7,"Unless the dog attacks, the cat remains relatively tranquil throughout the day.",Does the cat usually remain calm?,Yes,No,1,Main Clause,7,"attacks.,","attacks,",3,13.356863021850586,6.678431510925293
24,17,plural,UNAGREE,8,"Until the lead architect leaves, the projects demands immense patience from the engineers.",Has the lead architect left?,Yes,No,0,Subordinate clause,8,Until,Until,0,6.894493579864502,6.894493579864502
24,17,plural,UNAGREE,8,"Until the lead architect leaves, the projects demands immense patience from the engineers.",Has the lead architect left?,Yes,No,0,Subordinate clause,8,the,the,1,1.977017879486084,1.977017879486084
24,17,plural,UNAGREE,8,"Until the lead architect leaves, the projects demands immense patience from the engineers.",Has the lead architect left?,Yes,No,0,Subordinate clause,8,lead,lead,2,8.249065399169922,8.249065399169922
24,17,plural,UNAGREE,8,"Until the lead architect leaves, the projects demands immense patience from the engineers.",Has the lead architect left?,Yes,No,0,Subordinate clause,8,architect,architect,3,13.52269172668457,13.52269172668457
24,17,plural,UNAGREE,8,"Until the lead architect leaves, the projects demands immense patience from the engineers.",Has the lead architect left?,Yes,No,0,Subordinate clause,8,"leaves.,","leaves,",4,12.962295532226562,6.481147766113281
24,17,plural,UNAGREE,8,"Until the lead architect leaves, the projects demands immense patience from the engineers.",Has the lead architect left?,Yes,No,0,Subordinate clause,8,the,the,5,1.8749809265136719,1.8749809265136719
24,17,plural,UNAGREE,8,"Until the lead architect leaves, the projects demands immense patience from the engineers.",Has the lead architect left?,Yes,No,0,Subordinate clause,8,projects,projects,6,8.589183807373047,8.589183807373047
24,17,plural,UNAGREE,8,"Until the lead architect leaves, the projects demands immense patience from the engineers.",Has the lead architect left?,Yes,No,0,Subordinate clause,8,demands,demands,7,13.319286346435547,13.319286346435547
24,17,plural,UNAGREE,8,"Until the lead architect leaves, the projects demands immense patience from the engineers.",Has the lead architect left?,Yes,No,0,Subordinate clause,8,immense,immense,8,15.301406860351562,15.301406860351562
24,17,plural,UNAGREE,8,"Until the lead architect leaves, the projects demands immense patience from the engineers.",Has the lead architect left?,Yes,No,0,Subordinate clause,8,patience,patience,9,12.162696838378906,12.162696838378906
24,17,plural,UNAGREE,8,"Until the lead architect leaves, the projects demands immense patience from the engineers.",Has the lead architect left?,Yes,No,0,Subordinate clause,8,from,from,10,3.1515655517578125,3.1515655517578125
24,17,plural,UNAGREE,8,"Until the lead architect leaves, the projects demands immense patience from the engineers.",Has the lead architect left?,Yes,No,0,Subordinate clause,8,the,the,11,1.6720352172851562,1.6720352172851562
24,17,plural,UNAGREE,8,"Until the lead architect leaves, the projects demands immense patience from the engineers.",Has the lead architect left?,Yes,No,0,Subordinate clause,8,engineers..,engineers.,12,10.5745849609375,5.28729248046875
25,17,singular,AGREE,8,"Until the lead architect leaves, the project demands immense patience from the engineers.",Has the lead architect left?,Yes,No,0,Subordinate clause,8,Until,Until,0,6.894493579864502,6.894493579864502
25,17,singular,AGREE,8,"Until the lead architect leaves, the project demands immense patience from the engineers.",Has the lead architect left?,Yes,No,0,Subordinate clause,8,the,the,1,1.977017879486084,1.977017879486084
25,17,singular,AGREE,8,"Until the lead architect leaves, the project demands immense patience from the engineers.",Has the lead architect left?,Yes,No,0,Subordinate clause,8,lead,lead,2,8.249065399169922,8.249065399169922
25,17,singular,AGREE,8,"Until the lead architect leaves, the project demands immense patience from the engineers.",Has the lead architect left?,Yes,No,0,Subordinate clause,8,architect,architect,3,13.52269172668457,13.52269172668457
25,17,singular,AGREE,8,"Until the lead architect leaves, the project demands immense patience from the engineers.",Has the lead architect left?,Yes,No,0,Subordinate clause,8,"leaves.,","leaves,",4,12.962295532226562,6.481147766113281
25,17,singular,AGREE,8,"Until the lead architect leaves, the project demands immense patience from the engineers.",Has the lead architect left?,Yes,No,0,Subordinate clause,8,the,the,5,1.8749809265136719,1.8749809265136719
25,17,singular,AGREE,8,"Until the lead architect leaves, the project demands immense patience from the engineers.",Has the lead architect left?,Yes,No,0,Subordinate clause,8,project,project,6,6.891971588134766,6.891971588134766
25,17,singular,AGREE,8,"Until the lead architect leaves, the project demands immense patience from the engineers.",Has the lead architect left?,Yes,No,0,Subordinate clause,8,demands,demands,7,11.384227752685547,11.384227752685547
25,17,singular,AGREE,8,"Until the lead architect leaves, the project demands immense patience from the engineers.",Has the lead architect left?,Yes,No,0,Subordinate clause,8,immense,immense,8,15.688606262207031,15.688606262207031
25,17,singular,AGREE,8,"Until the lead architect leaves, the project demands immense patience from the engineers.",Has the lead architect left?,Yes,No,0,Subordinate clause,8,patience,patience,9,11.787742614746094,11.787742614746094
25,17,singular,AGREE,8,"Until the lead architect leaves, the project demands immense patience from the engineers.",Has the lead architect left?,Yes,No,0,Subordinate clause,8,from,from,10,3.38238525390625,3.38238525390625
25,17,singular,AGREE,8,"Until the lead architect leaves, the project demands immense patience from the engineers.",Has the lead architect left?,Yes,No,0,Subordinate clause,8,the,the,11,1.5706939697265625,1.5706939697265625
25,17,singular,AGREE,8,"Until the lead architect leaves, the project demands immense patience from the engineers.",Has the lead architect left?,Yes,No,0,Subordinate clause,8,engineers..,engineers.,12,10.155876159667969,5.077938079833984
26,19,plural,UNAGREE,8,"Even if the mother calls, her boys continues causing problems with the other kids on the playground.",Do the boys behave themselves after their mother calls?,Yes,No,0,Both,8,Even,Even,0,5.879443645477295,5.879443645477295
26,19,plural,UNAGREE,8,"Even if the mother calls, her boys continues causing problems with the other kids on the playground.",Do the boys behave themselves after their mother calls?,Yes,No,0,Both,8,if,if,1,1.630115032196045,1.630115032196045
26,19,plural,UNAGREE,8,"Even if the mother calls, her boys continues causing problems with the other kids on the playground.",Do the boys behave themselves after their mother calls?,Yes,No,0,Both,8,the,the,2,1.2509136199951172,1.2509136199951172
26,19,plural,UNAGREE,8,"Even if the mother calls, her boys continues causing problems with the other kids on the playground.",Do the boys behave themselves after their mother calls?,Yes,No,0,Both,8,mother,mother,3,8.421927452087402,8.421927452087402
26,19,plural,UNAGREE,8,"Even if the mother calls, her boys continues causing problems with the other kids on the playground.",Do the boys behave themselves after their mother calls?,Yes,No,0,Both,8,"calls.,","calls,",4,10.047616958618164,5.023808479309082
26,19,plural,UNAGREE,8,"Even if the mother calls, her boys continues causing problems with the other kids on the playground.",Do the boys behave themselves after their mother calls?,Yes,No,0,Both,8,her,her,5,6.415609359741211,6.415609359741211
26,19,plural,UNAGREE,8,"Even if the mother calls, her boys continues causing problems with the other kids on the playground.",Do the boys behave themselves after their mother calls?,Yes,No,0,Both,8,boys,boys,6,10.967796325683594,10.967796325683594
26,19,plural,UNAGREE,8,"Even if the mother calls, her boys continues causing problems with the other kids on the playground.",Do the boys behave themselves after their mother calls?,Yes,No,0,Both,8,continues,continues,7,8.903007507324219,8.903007507324219
26,19,plural,UNAGREE,8,"Even if the mother calls, her boys continues causing problems with the other kids on the playground.",Do the boys behave themselves after their mother calls?,Yes,No,0,Both,8,causing,causing,8,12.29207992553711,12.29207992553711
26,19,plural,UNAGREE,8,"Even if the mother calls, her boys continues causing problems with the other kids on the playground.",Do the boys behave themselves after their mother calls?,Yes,No,0,Both,8,problems,problems,9,6.858360290527344,6.858360290527344
26,19,plural,UNAGREE,8,"Even if the mother calls, her boys continues causing problems with the other kids on the playground.",Do the boys behave themselves after their mother calls?,Yes,No,0,Both,8,with,with,10,3.1855621337890625,3.1855621337890625
26,19,plural,UNAGREE,8,"Even if the mother calls, her boys continues causing problems with the other kids on the playground.",Do the boys behave themselves after their mother calls?,Yes,No,0,Both,8,the,the,11,1.958099365234375,1.958099365234375
26,19,plural,UNAGREE,8,"Even if the mother calls, her boys continues causing problems with the other kids on the playground.",Do the boys behave themselves after their mother calls?,Yes,No,0,Both,8,other,other,12,5.818519592285156,5.818519592285156
26,19,plural,UNAGREE,8,"Even if the mother calls, her boys continues causing problems with the other kids on the playground.",Do the boys behave themselves after their mother calls?,Yes,No,0,Both,8,kids,kids,13,8.594375610351562,8.594375610351562
26,19,plural,UNAGREE,8,"Even if the mother calls, her boys continues causing problems with the other kids on the playground.",Do the boys behave themselves after their mother calls?,Yes,No,0,Both,8,on,on,14,5.292182922363281,5.292182922363281
27,19,singular,AGREE,8,"Even if the mother calls, her boy continues causing problems with the other kids on the playground.",Does the boy behave himself after his mother calls?,Yes,No,0,Both,8,Even,Even,0,5.879443645477295,5.879443645477295
27,19,singular,AGREE,8,"Even if the mother calls, her boy continues causing problems with the other kids on the playground.",Does the boy behave himself after his mother calls?,Yes,No,0,Both,8,if,if,1,1.630115032196045,1.630115032196045
27,19,singular,AGREE,8,"Even if the mother calls, her boy continues causing problems with the other kids on the playground.",Does the boy behave himself after his mother calls?,Yes,No,0,Both,8,the,the,2,1.2509136199951172,1.2509136199951172
27,19,singular,AGREE,8,"Even if the mother calls, her boy continues causing problems with the other kids on the playground.",Does the boy behave himself after his mother calls?,Yes,No,0,Both,8,mother,mother,3,8.421927452087402,8.421927452087402
27,19,singular,AGREE,8,"Even if the mother calls, her boy continues causing problems with the other kids on the playground.",Does the boy behave himself after his mother calls?,Yes,No,0,Both,8,"calls.,","calls,",4,10.047616958618164,5.023808479309082
27,19,singular,AGREE,8,"Even if the mother calls, her boy continues causing problems with the other kids on the playground.",Does the boy behave himself after his mother calls?,Yes,No,0,Both,8,her,her,5,6.415609359741211,6.415609359741211
27,19,singular,AGREE,8,"Even if the mother calls, her boy continues causing problems with the other kids on the playground.",Does the boy behave himself after his mother calls?,Yes,No,0,Both,8,boy,boy,6,9.317752838134766,9.317752838134766
27,19,singular,AGREE,8,"Even if the mother calls, her boy continues causing problems with the other kids on the playground.",Does the boy behave himself after his mother calls?,Yes,No,0,Both,8,continues,continues,7,6.925647735595703,6.925647735595703
27,19,singular,AGREE,8,"Even if the mother calls, her boy continues causing problems with the other kids on the playground.",Does the boy behave himself after his mother calls?,Yes,No,0,Both,8,causing,causing,8,12.578899383544922,12.578899383544922
27,19,singular,AGREE,8,"Even if the mother calls, her boy continues causing problems with the other kids on the playground.",Does the boy behave himself after his mother calls?,Yes,No,0,Both,8,problems,problems,9,6.9318695068359375,6.9318695068359375
27,19,singular,AGREE,8,"Even if the mother calls, her boy continues causing problems with the other kids on the playground.",Does the boy behave himself after his mother calls?,Yes,No,0,Both,8,with,with,10,3.079315185546875,3.079315185546875
27,19,singular,AGREE,8,"Even if the mother calls, her boy continues causing problems with the other kids on the playground.",Does the boy behave himself after his mother calls?,Yes,No,0,Both,8,the,the,11,1.9435958862304688,1.9435958862304688
27,19,singular,AGREE,8,"Even if the mother calls, her boy continues causing problems with the other kids on the playground.",Does the boy behave himself after his mother calls?,Yes,No,0,Both,8,other,other,12,6.0594329833984375,6.0594329833984375
27,19,singular,AGREE,8,"Even if the mother calls, her boy continues causing problems with the other kids on the playground.",Does the boy behave himself after his mother calls?,Yes,No,0,Both,8,kids,kids,13,8.488479614257812,8.488479614257812
27,19,singular,AGREE,8,"Even if the mother calls, her boy continues causing problems with the other kids on the playground.",Does the boy behave himself after his mother calls?,Yes,No,0,Both,8,on,on,14,5.187713623046875,5.187713623046875
28,20,plural,UNAGREE,7,"After the tutor stops, the students starts working independently on the questions.",Does the tutor stop the students?,Yes,No,0,Ambiguity (incorrect),7,After,After,0,5.5502238273620605,5.5502238273620605
29,20,singular,AGREE,7,"After the tutor stops, the student starts working independently on the questions.",Does the tutor stop the student?,Yes,No,0,Ambiguity (incorrect),7,After,After,0,5.5502238273620605,5.5502238273620605
30,21,plural,UNAGREE,8,"Once the head surgeon begins, the operations achieves incredible results given the risks involved.",Are the operations successful?,Yes,No,1,Main clause,8,Once,Once,0,7.2156829833984375,7.2156829833984375
30,21,plural,UNAGREE,8,"Once the head surgeon begins, the operations achieves incredible results given the risks involved.",Are the operations successful?,Yes,No,1,Main clause,8,the,the,1,1.4685659408569336,1.4685659408569336
30,21,plural,UNAGREE,8,"Once the head surgeon begins, the operations achieves incredible results given the risks involved.",Are the operations successful?,Yes,No,1,Main clause,8,head,head,2,8.277935981750488,8.277935981750488
30,21,plural,UNAGREE,8,"Once the head surgeon begins, the operations achieves incredible results given the risks involved.",Are the operations successful?,Yes,No,1,Main clause,8,surgeon,surgeon,3,14.569536209106445,14.569536209106445
30,21,plural,UNAGREE,8,"Once the head surgeon begins, the operations achieves incredible results given the risks involved.",Are the operations successful?,Yes,No,1,Main clause,8,"begins.,","begins,",4,7.822607040405273,3.9113035202026367
30,21,plural,UNAGREE,8,"Once the head surgeon begins, the operations achieves incredible results given the risks involved.",Are the operations successful?,Yes,No,1,Main clause,8,the,the,5,1.7826118469238281,1.7826118469238281
30,21,plural,UNAGREE,8,"Once the head surgeon begins, the operations achieves incredible results given the risks involved.",Are the operations successful?,Yes,No,1,Main clause,8,operations,operations,6,9.188426971435547,9.188426971435547
30,21,plural,UNAGREE,8,"Once the head surgeon begins, the operations achieves incredible results given the risks involved.",Are the operations successful?,Yes,No,1,Main clause,8,achieves,achieves,7,11.199710845947266,11.199710845947266
30,21,plural,UNAGREE,8,"Once the head surgeon begins, the operations achieves incredible results given the risks involved.",Are the operations successful?,Yes,No,1,Main clause,8,incredible,incredible,8,11.517921447753906,11.517921447753906
30,21,plural,UNAGREE,8,"Once the head surgeon begins, the operations achieves incredible results given the risks involved.",Are the operations successful?,Yes,No,1,Main clause,8,results,results,9,7.651580810546875,7.651580810546875
30,21,plural,UNAGREE,8,"Once the head surgeon begins, the operations achieves incredible results given the risks involved.",Are the operations successful?,Yes,No,1,Main clause,8,given,given,10,9.214179992675781,9.214179992675781
30,21,plural,UNAGREE,8,"Once the head surgeon begins, the operations achieves incredible results given the risks involved.",Are the operations successful?,Yes,No,1,Main clause,8,the,the,11,2.2281875610351562,2.2281875610351562
30,21,plural,UNAGREE,8,"Once the head surgeon begins, the operations achieves incredible results given the risks involved.",Are the operations successful?,Yes,No,1,Main clause,8,risks,risks,12,7.0703277587890625,7.0703277587890625
30,21,plural,UNAGREE,8,"Once the head surgeon begins, the operations achieves incredible results given the risks involved.",Are the operations successful?,Yes,No,1,Main clause,8,involved..,involved.,13,12.398139953613281,6.199069976806641
31,21,singular,AGREE,8,"Once the head surgeon begins, the operation achieves incredible results given the risks involved.",Is the operation successful?,Yes,No,1,Main clause,8,Once,Once,0,7.2156829833984375,7.2156829833984375
31,21,singular,AGREE,8,"Once the head surgeon begins, the operation achieves incredible results given the risks involved.",Is the operation successful?,Yes,No,1,Main clause,8,the,the,1,1.4685659408569336,1.4685659408569336
31,21,singular,AGREE,8,"Once the head surgeon begins, the operation achieves incredible results given the risks involved.",Is the operation successful?,Yes,No,1,Main clause,8,head,head,2,8.277935981750488,8.277935981750488
31,21,singular,AGREE,8,"Once the head surgeon begins, the operation achieves incredible results given the risks involved.",Is the operation successful?,Yes,No,1,Main clause,8,surgeon,surgeon,3,14.569536209106445,14.569536209106445
31,21,singular,AGREE,8,"Once the head surgeon begins, the operation achieves incredible results given the risks involved.",Is the operation successful?,Yes,No,1,Main clause,8,"begins.,","begins,",4,7.822607040405273,3.9113035202026367
31,21,singular,AGREE,8,"Once the head surgeon begins, the operation achieves incredible results given the risks involved.",Is the operation successful?,Yes,No,1,Main clause,8,the,the,5,1.7826118469238281,1.7826118469238281
31,21,singular,AGREE,8,"Once the head surgeon begins, the operation achieves incredible results given the risks involved.",Is the operation successful?,Yes,No,1,Main clause,8,operation,operation,6,9.838321685791016,9.838321685791016
31,21,singular,AGREE,8,"Once the head surgeon begins, the operation achieves incredible results given the risks involved.",Is the operation successful?,Yes,No,1,Main clause,8,achieves,achieves,7,11.592193603515625,11.592193603515625
31,21,singular,AGREE,8,"Once the head surgeon begins, the operation achieves incredible results given the risks involved.",Is the operation successful?,Yes,No,1,Main clause,8,incredible,incredible,8,11.238895416259766,11.238895416259766
31,21,singular,AGREE,8,"Once the head surgeon begins, the operation achieves incredible results given the risks involved.",Is the operation successful?,Yes,No,1,Main clause,8,results,results,9,7.651588439941406,7.651588439941406
31,21,singular,AGREE,8,"Once the head surgeon begins, the operation achieves incredible results given the risks involved.",Is the operation successful?,Yes,No,1,Main clause,8,given,given,10,9.3311767578125,9.3311767578125
31,21,singular,AGREE,8,"Once the head surgeon begins, the operation achieves incredible results given the risks involved.",Is the operation successful?,Yes,No,1,Main clause,8,the,the,11,2.2887344360351562,2.2887344360351562
31,21,singular,AGREE,8,"Once the head surgeon begins, the operation achieves incredible results given the risks involved.",Is the operation successful?,Yes,No,1,Main clause,8,risks,risks,12,7.246940612792969,7.246940612792969
31,21,singular,AGREE,8,"Once the head surgeon begins, the operation achieves incredible results given the risks involved.",Is the operation successful?,Yes,No,1,Main clause,8,involved..,involved.,13,12.437217712402344,6.218608856201172
32,23,plural,UNAGREE,7,"After the producer starts, the auditions separates mediocre actors from talented ones.",Do some actors perform better than others at the audition?,Yes,No,1,Main clause,7,After,After,0,5.5502238273620605,5.5502238273620605
32,23,plural,UNAGREE,7,"After the producer starts, the auditions separates mediocre actors from talented ones.",Do some actors perform better than others at the audition?,Yes,No,1,Main clause,7,the,the,1,1.6755943298339844,1.6755943298339844
32,23,plural,UNAGREE,7,"After the producer starts, the auditions separates mediocre actors from talented ones.",Do some actors perform better than others at the audition?,Yes,No,1,Main clause,7,producer,producer,2,11.311534881591797,11.311534881591797
32,23,plural,UNAGREE,7,"After the producer starts, the auditions separates mediocre actors from talented ones.",Do some actors perform better than others at the audition?,Yes,No,1,Main clause,7,"starts.,","starts,",3,11.633172988891602,5.816586494445801
33,23,singular,AGREE,7,"After the producer starts, the audition separates mediocre actors from talented ones.",Do some actors perform better than others at the auditions?,Yes,No,1,Main clause,7,After,After,0,5.5502238273620605,5.5502238273620605
33,23,singular,AGREE,7,"After the producer starts, the audition separates mediocre actors from talented ones.",Do some actors perform better than others at the auditions?,Yes,No,1,Main clause,7,the,the,1,1.6755943298339844,1.6755943298339844
33,23,singular,AGREE,7,"After the producer starts, the audition separates mediocre actors from talented ones.",Do some actors perform better than others at the auditions?,Yes,No,1,Main clause,7,producer,producer,2,11.311534881591797,11.311534881591797
33,23,singular,AGREE,7,"After the producer starts, the audition separates mediocre actors from talented ones.",Do some actors perform better than others at the auditions?,Yes,No,1,Main clause,7,"starts.,","starts,",3,11.633172988891602,5.816586494445801
33,23,singular,AGREE,7,"After the producer starts, the audition separates mediocre actors from talented ones.",Do some actors perform better than others at the auditions?,Yes,No,1,Main clause,7,the,the,4,1.4015769958496094,1.4015769958496094
34,24,plural,UNAGREE,8,"However hard the scientist works, his experiments produces smaller amounts of alcohol than expected.",Do the experiments produce excessive alcohol?,Yes,No,0,Main clause,8,However,However,0,5.399657249450684,5.399657249450684
34,24,plural,UNAGREE,8,"However hard the scientist works, his experiments produces smaller amounts of alcohol than expected.",Do the experiments produce excessive alcohol?,Yes,No,0,Main clause,8,hard,hard,1,16.140525817871094,16.140525817871094
34,24,plural,UNAGREE,8,"However hard the scientist works, his experiments produces smaller amounts of alcohol than expected.",Do the experiments produce excessive alcohol?,Yes,No,0,Main clause,8,the,the,2,4.623815536499023,4.623815536499023
34,24,plural,UNAGREE,8,"However hard the scientist works, his experiments produces smaller amounts of alcohol than expected.",Do the experiments produce excessive alcohol?,Yes,No,0,Main clause,8,scientist,scientist,3,11.44876480102539,11.44876480102539
34,24,plural,UNAGREE,8,"However hard the scientist works, his experiments produces smaller amounts of alcohol than expected.",Do the experiments produce excessive alcohol?,Yes,No,0,Main clause,8,"works.,","works,",4,11.827766418457031,5.913883209228516
34,24,plural,UNAGREE,8,"However hard the scientist works, his experiments produces smaller amounts of alcohol than expected.",Do the experiments produce excessive alcohol?,Yes,No,0,Main clause,8,his,his,5,7.4998016357421875,7.4998016357421875
34,24,plural,UNAGREE,8,"However hard the scientist works, his experiments produces smaller amounts of alcohol than expected.",Do the experiments produce excessive alcohol?,Yes,No,0,Main clause,8,experiments,experiments,6,10.263137817382812,10.263137817382812
34,24,plural,UNAGREE,8,"However hard the scientist works, his experiments produces smaller amounts of alcohol than expected.",Do the experiments produce excessive alcohol?,Yes,No,0,Main clause,8,produces,produces,7,12.658958435058594,12.658958435058594
34,24,plural,UNAGREE,8,"However hard the scientist works, his experiments produces smaller amounts of alcohol than expected.",Do the experiments produce excessive alcohol?,Yes,No,0,Main clause,8,smaller,smaller,8,6.860649108886719,6.860649108886719
34,24,plural,UNAGREE,8,"However hard the scientist works, his experiments produces smaller amounts of alcohol than expected.",Do the experiments produce excessive alcohol?,Yes,No,0,Main clause,8,amounts,amounts,9,6.953941345214844,6.953941345214844
34,24,plural,UNAGREE,8,"However hard the scientist works, his experiments produces smaller amounts of alcohol than expected.",Do the experiments produce excessive alcohol?,Yes,No,0,Main clause,8,of,of,10,0.6075592041015625,0.6075592041015625
34,24,plural,UNAGREE,8,"However hard the scientist works, his experiments produces smaller amounts of alcohol than expected.",Do the experiments produce excessive alcohol?,Yes,No,0,Main clause,8,alcohol,alcohol,11,8.782546997070312,8.782546997070312
34,24,plural,UNAGREE,8,"However hard the scientist works, his experiments produces smaller amounts of alcohol than expected.",Do the experiments produce excessive alcohol?,Yes,No,0,Main clause,8,than,than,12,7.712837219238281,7.712837219238281
34,24,plural,UNAGREE,8,"However hard the scientist works, his experiments produces smaller amounts of alcohol than expected.",Do the experiments produce excessive alcohol?,Yes,No,0,Main clause,8,expected..,expected.,13,10.654655456542969,5.327327728271484
35,24,singular,AGREE,8,"However hard the scientist works, his experiment produces smaller amounts of alcohol than expected.",Does the experiment produce excessive alcohol?,Yes,No,0,Main clause,8,However,However,0,5.399657249450684,5.399657249450684
35,24,singular,AGREE,8,"However hard the scientist works, his experiment produces smaller amounts of alcohol than expected.",Does the experiment produce excessive alcohol?,Yes,No,0,Main clause,8,hard,hard,1,16.140525817871094,16.140525817871094
35,24,singular,AGREE,8,"However hard the scientist works, his experiment produces smaller amounts of alcohol than expected.",Does the experiment produce excessive alcohol?,Yes,No,0,Main clause,8,the,the,2,4.623815536499023,4.623815536499023
35,24,singular,AGREE,8,"However hard the scientist works, his experiment produces smaller amounts of alcohol than expected.",Does the experiment produce excessive alcohol?,Yes,No,0,Main clause,8,scientist,scientist,3,11.44876480102539,11.44876480102539
35,24,singular,AGREE,8,"However hard the scientist works, his experiment produces smaller amounts of alcohol than expected.",Does the experiment produce excessive alcohol?,Yes,No,0,Main clause,8,"works.,","works,",4,11.827766418457031,5.913883209228516
35,24,singular,AGREE,8,"However hard the scientist works, his experiment produces smaller amounts of alcohol than expected.",Does the experiment produce excessive alcohol?,Yes,No,0,Main clause,8,his,his,5,7.4998016357421875,7.4998016357421875
35,24,singular,AGREE,8,"However hard the scientist works, his experiment produces smaller amounts of alcohol than expected.",Does the experiment produce excessive alcohol?,Yes,No,0,Main clause,8,experiment,experiment,6,8.502525329589844,8.502525329589844
35,24,singular,AGREE,8,"However hard the scientist works, his experiment produces smaller amounts of alcohol than expected.",Does the experiment produce excessive alcohol?,Yes,No,0,Main clause,8,produces,produces,7,9.871917724609375,9.871917724609375
35,24,singular,AGREE,8,"However hard the scientist works, his experiment produces smaller amounts of alcohol than expected.",Does the experiment produce excessive alcohol?,Yes,No,0,Main clause,8,smaller,smaller,8,7.305686950683594,7.305686950683594
35,24,singular,AGREE,8,"However hard the scientist works, his experiment produces smaller amounts of alcohol than expected.",Does the experiment produce excessive alcohol?,Yes,No,0,Main clause,8,amounts,amounts,9,6.909912109375,6.909912109375
35,24,singular,AGREE,8,"However hard the scientist works, his experiment produces smaller amounts of alcohol than expected.",Does the experiment produce excessive alcohol?,Yes,No,0,Main clause,8,of,of,10,0.679962158203125,0.679962158203125
35,24,singular,AGREE,8,"However hard the scientist works, his experiment produces smaller amounts of alcohol than expected.",Does the experiment produce excessive alcohol?,Yes,No,0,Main clause,8,alcohol,alcohol,11,8.83953857421875,8.83953857421875
35,24,singular,AGREE,8,"However hard the scientist works, his experiment produces smaller amounts of alcohol than expected.",Does the experiment produce excessive alcohol?,Yes,No,0,Main clause,8,than,than,12,7.804901123046875,7.804901123046875
35,24,singular,AGREE,8,"However hard the scientist works, his experiment produces smaller amounts of alcohol than expected.",Does the experiment produce excessive alcohol?,Yes,No,0,Main clause,8,expected..,expected.,13,11.612060546875,5.8060302734375
