,item,condition,disambPositionAmb,disambPositionUnamb,ambiguity,Sentence,disambPosition_0idx,sum_surprisal,mean_surprisal,token,word,word_pos
0,1,NPS_UAMB,6,7,ambiguous,The suspect showed the file deserved further investigation during the murder trial.,5,12.698012351989746,12.698012351989746,deserved,deserved,5
0,1,NPS_UAMB,6,7,ambiguous,The suspect showed the file deserved further investigation during the murder trial.,5,7.771347999572754,7.771347999572754,further,further,6
0,1,NPS_UAMB,6,7,ambiguous,The suspect showed the file deserved further investigation during the murder trial.,5,7.124307632446289,7.124307632446289,investigation,investigation,7
1,1,NPZ_UAMB,7,7,ambiguous,Because the suspect changed the file deserved further investigation during the jury discussions.,6,17.991886138916016,17.991886138916016,deserved,deserved,6
1,1,NPZ_UAMB,7,7,ambiguous,Because the suspect changed the file deserved further investigation during the jury discussions.,6,6.1606597900390625,6.1606597900390625,further,further,7
1,1,NPZ_UAMB,7,7,ambiguous,Because the suspect changed the file deserved further investigation during the jury discussions.,6,4.596423149108887,4.596423149108887,investigation,investigation,8
2,1,MVRR_UAMB,6,8,ambiguous,The suspect sent the file deserved further investigation given the new evidence.,5,19.51522445678711,19.51522445678711,deserved,deserved,5
2,1,MVRR_UAMB,6,8,ambiguous,The suspect sent the file deserved further investigation given the new evidence.,5,6.6688127517700195,6.6688127517700195,further,further,6
2,1,MVRR_UAMB,6,8,ambiguous,The suspect sent the file deserved further investigation given the new evidence.,5,4.480132579803467,4.480132579803467,investigation,investigation,7
3,2,NPS_UAMB,7,8,ambiguous,The corrupt politician mentioned the bill received unwelcome attention from southern voters.,6,8.073646545410156,8.073646545410156,received,received,6
3,2,NPS_UAMB,7,8,ambiguous,The corrupt politician mentioned the bill received unwelcome attention from southern voters.,6,10.573049545288086,10.573049545288086,unwelcome,unwelcome,7
3,2,NPS_UAMB,7,8,ambiguous,The corrupt politician mentioned the bill received unwelcome attention from southern voters.,6,0.5221469402313232,0.5221469402313232,attention,attention,8
4,2,NPZ_UAMB,8,8,ambiguous,After the corrupt politician signed the bill received unwelcome attention from southern voters.,7,9.723064422607422,9.723064422607422,received,received,7
4,2,NPZ_UAMB,8,8,ambiguous,After the corrupt politician signed the bill received unwelcome attention from southern voters.,7,11.693342208862305,11.693342208862305,unwelcome,unwelcome,8
4,2,NPZ_UAMB,8,8,ambiguous,After the corrupt politician signed the bill received unwelcome attention from southern voters.,7,0.2788449823856354,0.2788449823856354,attention,attention,9
5,2,MVRR_UAMB,7,9,ambiguous,The corrupt politician handed the bill received unwelcome attention from southern voters.,6,10.735538482666016,10.735538482666016,received,received,6
5,2,MVRR_UAMB,7,9,ambiguous,The corrupt politician handed the bill received unwelcome attention from southern voters.,6,11.073766708374023,11.073766708374023,unwelcome,unwelcome,7
5,2,MVRR_UAMB,7,9,ambiguous,The corrupt politician handed the bill received unwelcome attention from southern voters.,6,0.40490657091140747,0.40490657091140747,attention,attention,8
6,3,NPS_UAMB,6,7,ambiguous,The woman maintained the mail disappeared mysteriously from her front porch.,5,15.089889526367188,15.089889526367188,disappeared,disappeared,5
6,3,NPS_UAMB,6,7,ambiguous,The woman maintained the mail disappeared mysteriously from her front porch.,5,12.26158332824707,12.26158332824707,mysteriously,mysteriously,6
6,3,NPS_UAMB,6,7,ambiguous,The woman maintained the mail disappeared mysteriously from her front porch.,5,2.0877089500427246,2.0877089500427246,from,from,7
7,3,NPZ_UAMB,7,7,ambiguous,After the woman moved the mail disappeared mysteriously from the delivery system.,6,13.62901782989502,13.62901782989502,disappeared,disappeared,6
7,3,NPZ_UAMB,7,7,ambiguous,After the woman moved the mail disappeared mysteriously from the delivery system.,6,11.062376022338867,11.062376022338867,mysteriously,mysteriously,7
7,3,NPZ_UAMB,7,7,ambiguous,After the woman moved the mail disappeared mysteriously from the delivery system.,6,1.3718814849853516,1.3718814849853516,from,from,8
8,3,MVRR_UAMB,6,8,ambiguous,The woman brought the mail disappeared mysteriously after reading the bad news in it.,5,15.160691261291504,15.160691261291504,disappeared,disappeared,5
8,3,MVRR_UAMB,6,8,ambiguous,The woman brought the mail disappeared mysteriously after reading the bad news in it.,5,12.03311824798584,12.03311824798584,mysteriously,mysteriously,6
8,3,MVRR_UAMB,6,8,ambiguous,The woman brought the mail disappeared mysteriously after reading the bad news in it.,5,5.3408308029174805,5.3408308029174805,after,after,7
9,4,NPS_UAMB,6,7,ambiguous,The boy found the chicken stayed surprisingly happy in the new barn.,5,10.939875602722168,10.939875602722168,stayed,stayed,5
9,4,NPS_UAMB,6,7,ambiguous,The boy found the chicken stayed surprisingly happy in the new barn.,5,11.376930236816406,11.376930236816406,surprisingly,surprisingly,6
9,4,NPS_UAMB,6,7,ambiguous,The boy found the chicken stayed surprisingly happy in the new barn.,5,5.486162185668945,5.486162185668945,happy,happy,7
10,4,NPZ_UAMB,7,7,ambiguous,Although the boy attacked the chicken stayed surprisingly happy as if nothing happened.,6,13.165228843688965,13.165228843688965,stayed,stayed,6
10,4,NPZ_UAMB,7,7,ambiguous,Although the boy attacked the chicken stayed surprisingly happy as if nothing happened.,6,10.984243392944336,10.984243392944336,surprisingly,surprisingly,7
10,4,NPZ_UAMB,7,7,ambiguous,Although the boy attacked the chicken stayed surprisingly happy as if nothing happened.,6,5.9438371658325195,5.9438371658325195,happy,happy,8
11,4,MVRR_UAMB,6,8,ambiguous,The boy fed the chicken stayed surprisingly happy despite having a mild allergic reaction.,5,13.878232955932617,13.878232955932617,stayed,stayed,5
11,4,MVRR_UAMB,6,8,ambiguous,The boy fed the chicken stayed surprisingly happy despite having a mild allergic reaction.,5,11.643745422363281,11.643745422363281,surprisingly,surprisingly,6
11,4,MVRR_UAMB,6,8,ambiguous,The boy fed the chicken stayed surprisingly happy despite having a mild allergic reaction.,5,5.795302391052246,5.795302391052246,happy,happy,7
12,5,NPS_UAMB,7,8,ambiguous,The new doctor demonstrated the operation appeared increasingly likely to succeed.,6,13.259855270385742,13.259855270385742,appeared,appeared,6
12,5,NPS_UAMB,7,8,ambiguous,The new doctor demonstrated the operation appeared increasingly likely to succeed.,6,8.644848823547363,8.644848823547363,increasingly,increasingly,7
12,5,NPS_UAMB,7,8,ambiguous,The new doctor demonstrated the operation appeared increasingly likely to succeed.,6,6.0760040283203125,6.0760040283203125,likely,likely,8
13,5,NPZ_UAMB,8,8,ambiguous,After the new doctor left the operation appeared increasingly likely to succeed.,7,11.789037704467773,11.789037704467773,appeared,appeared,7
13,5,NPZ_UAMB,8,8,ambiguous,After the new doctor left the operation appeared increasingly likely to succeed.,7,9.045304298400879,9.045304298400879,increasingly,increasingly,8
13,5,NPZ_UAMB,8,8,ambiguous,After the new doctor left the operation appeared increasingly likely to succeed.,7,6.7853684425354,6.7853684425354,likely,likely,9
14,5,MVRR_UAMB,7,9,ambiguous,The new doctor offered the operation appeared increasingly likely to succeed in her career.,6,14.02047061920166,14.02047061920166,appeared,appeared,6
14,5,MVRR_UAMB,7,9,ambiguous,The new doctor offered the operation appeared increasingly likely to succeed in her career.,6,10.510795593261719,10.510795593261719,increasingly,increasingly,7
14,5,MVRR_UAMB,7,9,ambiguous,The new doctor offered the operation appeared increasingly likely to succeed in her career.,6,6.660555839538574,6.660555839538574,likely,likely,8
15,6,NPS_UAMB,6,7,ambiguous,The professor noticed the grant gained more attention from marine biologists.,5,7.187595844268799,7.187595844268799,gained,gained,5
15,6,NPS_UAMB,6,7,ambiguous,The professor noticed the grant gained more attention from marine biologists.,5,6.770425319671631,6.770425319671631,more,more,6
15,6,NPS_UAMB,6,7,ambiguous,The professor noticed the grant gained more attention from marine biologists.,5,6.137163162231445,6.137163162231445,attention,attention,7
16,6,NPZ_UAMB,7,7,ambiguous,After the professor read the grant gained more attention due to her excellent description.,6,11.310869216918945,11.310869216918945,gained,gained,6
16,6,NPZ_UAMB,7,7,ambiguous,After the professor read the grant gained more attention due to her excellent description.,6,6.645174026489258,6.645174026489258,more,more,7
16,6,NPZ_UAMB,7,7,ambiguous,After the professor read the grant gained more attention due to her excellent description.,6,4.236358642578125,4.236358642578125,attention,attention,8
17,6,MVRR_UAMB,6,8,ambiguous,The professor awarded the grant gained more attention from marine biologists.,5,9.249467849731445,9.249467849731445,gained,gained,5
17,6,MVRR_UAMB,6,8,ambiguous,The professor awarded the grant gained more attention from marine biologists.,5,6.425797462463379,6.425797462463379,more,more,6
17,6,MVRR_UAMB,6,8,ambiguous,The professor awarded the grant gained more attention from marine biologists.,5,6.229381561279297,6.229381561279297,attention,attention,7
18,7,NPS_UAMB,6,7,ambiguous,The technician reported the service stopped working almost immediately after the storm started.,5,9.094756126403809,9.094756126403809,stopped,stopped,5
18,7,NPS_UAMB,6,7,ambiguous,The technician reported the service stopped working almost immediately after the storm started.,5,7.6685590744018555,7.6685590744018555,working,working,6
18,7,NPS_UAMB,6,7,ambiguous,The technician reported the service stopped working almost immediately after the storm started.,5,8.296354293823242,8.296354293823242,almost,almost,7
19,7,NPZ_UAMB,7,7,ambiguous,After the technician called the service stopped working almost immediately to his surprise.,6,8.705991744995117,8.705991744995117,stopped,stopped,6
19,7,NPZ_UAMB,7,7,ambiguous,After the technician called the service stopped working almost immediately to his surprise.,6,6.863709449768066,6.863709449768066,working,working,7
19,7,NPZ_UAMB,7,7,ambiguous,After the technician called the service stopped working almost immediately to his surprise.,6,8.894098281860352,8.894098281860352,almost,almost,8
20,7,MVRR_UAMB,6,8,ambiguous,The technician refused the service stopped working almost immediately after the argument.,5,11.162166595458984,11.162166595458984,stopped,stopped,5
20,7,MVRR_UAMB,6,8,ambiguous,The technician refused the service stopped working almost immediately after the argument.,5,6.643337726593018,6.643337726593018,working,working,6
20,7,MVRR_UAMB,6,8,ambiguous,The technician refused the service stopped working almost immediately after the argument.,5,9.256442070007324,9.256442070007324,almost,almost,7
21,8,NPS_UAMB,6,7,ambiguous,The mechanic observed the truck needed several more hours to be repaired.,5,9.67773723602295,9.67773723602295,needed,needed,5
21,8,NPS_UAMB,6,7,ambiguous,The mechanic observed the truck needed several more hours to be repaired.,5,8.287517547607422,8.287517547607422,several,several,6
21,8,NPS_UAMB,6,7,ambiguous,The mechanic observed the truck needed several more hours to be repaired.,5,5.541561126708984,5.541561126708984,more,more,7
22,8,NPZ_UAMB,7,7,ambiguous,Because the mechanic stopped the truck needed several more hours before it could be fully repaired.,6,11.725516319274902,11.725516319274902,needed,needed,6
22,8,NPZ_UAMB,7,7,ambiguous,Because the mechanic stopped the truck needed several more hours before it could be fully repaired.,6,7.1116790771484375,7.1116790771484375,several,several,7
22,8,NPZ_UAMB,7,7,ambiguous,Because the mechanic stopped the truck needed several more hours before it could be fully repaired.,6,5.9832763671875,5.9832763671875,more,more,8
23,8,MVRR_UAMB,6,8,ambiguous,The mechanic brought the truck needed several more hours to fully repair it.,5,10.288663864135742,10.288663864135742,needed,needed,5
23,8,MVRR_UAMB,6,8,ambiguous,The mechanic brought the truck needed several more hours to fully repair it.,5,7.3227996826171875,7.3227996826171875,several,several,6
23,8,MVRR_UAMB,6,8,ambiguous,The mechanic brought the truck needed several more hours to fully repair it.,5,5.516404151916504,5.516404151916504,more,more,7
24,9,NPS_UAMB,6,7,ambiguous,The guitarist knew the song failed dramatically because of the tensions within the band.,5,7.954136848449707,7.954136848449707,failed,failed,5
24,9,NPS_UAMB,6,7,ambiguous,The guitarist knew the song failed dramatically because of the tensions within the band.,5,11.700723648071289,11.700723648071289,dramatically,dramatically,6
24,9,NPS_UAMB,6,7,ambiguous,The guitarist knew the song failed dramatically because of the tensions within the band.,5,3.1833906173706055,3.1833906173706055,because,because,7
25,9,NPZ_UAMB,7,7,ambiguous,After the guitarist began the song failed dramatically because he skipped the sound check.,6,10.474889755249023,10.474889755249023,failed,failed,6
25,9,NPZ_UAMB,7,7,ambiguous,After the guitarist began the song failed dramatically because he skipped the sound check.,6,12.309222221374512,12.309222221374512,dramatically,dramatically,7
25,9,NPZ_UAMB,7,7,ambiguous,After the guitarist began the song failed dramatically because he skipped the sound check.,6,5.054603099822998,5.054603099822998,because,because,8
26,9,MVRR_UAMB,6,8,ambiguous,The guitarist assigned the song failed dramatically because he never practiced enough.,5,11.700698852539062,11.700698852539062,failed,failed,5
26,9,MVRR_UAMB,6,8,ambiguous,The guitarist assigned the song failed dramatically because he never practiced enough.,5,12.17879581451416,12.17879581451416,dramatically,dramatically,6
26,9,MVRR_UAMB,6,8,ambiguous,The guitarist assigned the song failed dramatically because he never practiced enough.,5,3.9865713119506836,3.9865713119506836,because,because,7
27,10,NPS_UAMB,6,7,ambiguous,The player revealed the bonus remained essentially the same as in the original contract.,5,13.24396800994873,13.24396800994873,remained,remained,5
27,10,NPS_UAMB,6,7,ambiguous,The player revealed the bonus remained essentially the same as in the original contract.,5,7.017197608947754,7.017197608947754,essentially,essentially,6
27,10,NPS_UAMB,6,7,ambiguous,The player revealed the bonus remained essentially the same as in the original contract.,5,1.5290205478668213,1.5290205478668213,the,the,7
28,10,NPZ_UAMB,7,7,ambiguous,Although the player lost the bonus remained essentially the same as in the original contract.,6,12.659196853637695,12.659196853637695,remained,remained,6
28,10,NPZ_UAMB,7,7,ambiguous,Although the player lost the bonus remained essentially the same as in the original contract.,6,8.059707641601562,8.059707641601562,essentially,essentially,7
28,10,NPZ_UAMB,7,7,ambiguous,Although the player lost the bonus remained essentially the same as in the original contract.,6,1.8432846069335938,1.8432846069335938,the,the,8
29,10,MVRR_UAMB,6,8,ambiguous,The player paid the bonus remained essentially the same despite his sudden fame and wealth.,5,13.999627113342285,13.999627113342285,remained,remained,5
29,10,MVRR_UAMB,6,8,ambiguous,The player paid the bonus remained essentially the same despite his sudden fame and wealth.,5,8.948396682739258,8.948396682739258,essentially,essentially,6
29,10,MVRR_UAMB,6,8,ambiguous,The player paid the bonus remained essentially the same despite his sudden fame and wealth.,5,1.561483383178711,1.561483383178711,the,the,7
30,11,NPS_UAMB,7,8,ambiguous,The recent hire claimed the job prepared many students for careers in media.,6,11.917799949645996,11.917799949645996,prepared,prepared,6
30,11,NPS_UAMB,7,8,ambiguous,The recent hire claimed the job prepared many students for careers in media.,6,9.339171409606934,9.339171409606934,many,many,7
30,11,NPS_UAMB,7,8,ambiguous,The recent hire claimed the job prepared many students for careers in media.,6,6.862185001373291,6.862185001373291,students,students,8
31,11,NPZ_UAMB,8,8,ambiguous,Once the recent hire started the job prepared many students for careers in media.,7,10.784388542175293,10.784388542175293,prepared,prepared,7
31,11,NPZ_UAMB,8,8,ambiguous,Once the recent hire started the job prepared many students for careers in media.,7,7.694040298461914,7.694040298461914,many,many,8
31,11,NPZ_UAMB,8,8,ambiguous,Once the recent hire started the job prepared many students for careers in media.,7,5.123171806335449,5.123171806335449,students,students,9
32,11,MVRR_UAMB,7,9,ambiguous,The recent hire offered the job prepared many students for careers in media.,6,12.789994239807129,12.789994239807129,prepared,prepared,6
32,11,MVRR_UAMB,7,9,ambiguous,The recent hire offered the job prepared many students for careers in media.,6,10.715597152709961,10.715597152709961,many,many,7
32,11,MVRR_UAMB,7,9,ambiguous,The recent hire offered the job prepared many students for careers in media.,6,8.120687484741211,8.120687484741211,students,students,8
33,12,NPS_UAMB,7,8,ambiguous,The assistant manager discovered the training seemed unnecessarily demanding for new staff.,6,10.486410140991211,10.486410140991211,seemed,seemed,6
33,12,NPS_UAMB,7,8,ambiguous,The assistant manager discovered the training seemed unnecessarily demanding for new staff.,6,7.544979095458984,7.544979095458984,unnecessarily,unnecessarily,7
33,12,NPS_UAMB,7,8,ambiguous,The assistant manager discovered the training seemed unnecessarily demanding for new staff.,6,5.1444807052612305,5.1444807052612305,demanding,demanding,8
34,12,NPZ_UAMB,8,8,ambiguous,While the assistant manager worked the training seemed unnecessarily demanding to him.,7,12.55152416229248,12.55152416229248,seemed,seemed,7
34,12,NPZ_UAMB,8,8,ambiguous,While the assistant manager worked the training seemed unnecessarily demanding to him.,7,7.986180305480957,7.986180305480957,unnecessarily,unnecessarily,8
34,12,NPZ_UAMB,8,8,ambiguous,While the assistant manager worked the training seemed unnecessarily demanding to him.,7,5.360410213470459,5.360410213470459,demanding,demanding,9
35,12,MVRR_UAMB,7,9,ambiguous,The assistant manager assigned the training seemed unnecessarily demanding to new staff.,6,15.325509071350098,15.325509071350098,seemed,seemed,6
35,12,MVRR_UAMB,7,9,ambiguous,The assistant manager assigned the training seemed unnecessarily demanding to new staff.,6,8.300267219543457,8.300267219543457,unnecessarily,unnecessarily,7
35,12,MVRR_UAMB,7,9,ambiguous,The assistant manager assigned the training seemed unnecessarily demanding to new staff.,6,4.067190170288086,4.067190170288086,demanding,demanding,8
36,13,NPS_UAMB,6,7,ambiguous,The mayor showed the document provided sufficient evidence to prove her innocence.,5,8.557792663574219,8.557792663574219,provided,provided,5
36,13,NPS_UAMB,6,7,ambiguous,The mayor showed the document provided sufficient evidence to prove her innocence.,5,6.795103073120117,6.795103073120117,sufficient,sufficient,6
36,13,NPS_UAMB,6,7,ambiguous,The mayor showed the document provided sufficient evidence to prove her innocence.,5,1.5877737998962402,1.5877737998962402,evidence,evidence,7
37,13,NPZ_UAMB,7,7,ambiguous,Although the mayor changed the document provided sufficient evidence for what he had promised.,6,9.712518692016602,9.712518692016602,provided,provided,6
37,13,NPZ_UAMB,7,7,ambiguous,Although the mayor changed the document provided sufficient evidence for what he had promised.,6,8.22071647644043,8.22071647644043,sufficient,sufficient,7
37,13,NPZ_UAMB,7,7,ambiguous,Although the mayor changed the document provided sufficient evidence for what he had promised.,6,2.4020180702209473,2.4020180702209473,evidence,evidence,8
38,13,MVRR_UAMB,6,8,ambiguous,The mayor sent the document provided sufficient evidence that it was simply blackmail.,5,10.245892524719238,10.245892524719238,provided,provided,5
38,13,MVRR_UAMB,6,8,ambiguous,The mayor sent the document provided sufficient evidence that it was simply blackmail.,5,8.689493179321289,8.689493179321289,sufficient,sufficient,6
38,13,MVRR_UAMB,6,8,ambiguous,The mayor sent the document provided sufficient evidence that it was simply blackmail.,5,1.9097360372543335,1.9097360372543335,evidence,evidence,7
39,14,NPS_UAMB,7,8,ambiguous,The basketball player mentioned the contract created another controversy in the NBA.,6,8.390425682067871,8.390425682067871,created,created,6
39,14,NPS_UAMB,7,8,ambiguous,The basketball player mentioned the contract created another controversy in the NBA.,6,11.577352523803711,11.577352523803711,another,another,7
39,14,NPS_UAMB,7,8,ambiguous,The basketball player mentioned the contract created another controversy in the NBA.,6,6.629264831542969,6.629264831542969,controversy,controversy,8
40,14,NPZ_UAMB,8,8,ambiguous,After the basketball player signed the contract created another controversy in the NBA.,7,10.815523147583008,10.815523147583008,created,created,7
40,14,NPZ_UAMB,8,8,ambiguous,After the basketball player signed the contract created another controversy in the NBA.,7,6.915276527404785,6.915276527404785,another,another,8
40,14,NPZ_UAMB,8,8,ambiguous,After the basketball player signed the contract created another controversy in the NBA.,7,5.231657028198242,5.231657028198242,controversy,controversy,9
41,14,MVRR_UAMB,7,9,ambiguous,The basketball player handed the contract created another controversy in the NBA.,6,11.527626037597656,11.527626037597656,created,created,6
41,14,MVRR_UAMB,7,9,ambiguous,The basketball player handed the contract created another controversy in the NBA.,6,9.128862380981445,9.128862380981445,another,another,7
41,14,MVRR_UAMB,7,9,ambiguous,The basketball player handed the contract created another controversy in the NBA.,6,7.868060111999512,7.868060111999512,controversy,controversy,8
42,15,NPS_UAMB,6,7,ambiguous,The engineer maintained the equipment required constant supervision from senior technicians.,5,5.322244644165039,5.322244644165039,required,required,5
42,15,NPS_UAMB,6,7,ambiguous,The engineer maintained the equipment required constant supervision from senior technicians.,5,12.23183822631836,12.23183822631836,constant,constant,6
42,15,NPS_UAMB,6,7,ambiguous,The engineer maintained the equipment required constant supervision from senior technicians.,5,6.953705310821533,6.953705310821533,supervision,supervision,7
43,15,NPZ_UAMB,7,7,ambiguous,After the engineer moved the equipment required constant supervision from senior technicians.,6,8.365182876586914,8.365182876586914,required,required,6
43,15,NPZ_UAMB,7,7,ambiguous,After the engineer moved the equipment required constant supervision from senior technicians.,6,10.723647117614746,10.723647117614746,constant,constant,7
43,15,NPZ_UAMB,7,7,ambiguous,After the engineer moved the equipment required constant supervision from senior technicians.,6,6.669201374053955,6.669201374053955,supervision,supervision,8
44,15,MVRR_UAMB,6,8,ambiguous,The engineer brought the equipment required constant supervision from senior technicians.,5,8.668805122375488,8.668805122375488,required,required,5
44,15,MVRR_UAMB,6,8,ambiguous,The engineer brought the equipment required constant supervision from senior technicians.,5,11.387534141540527,11.387534141540527,constant,constant,6
44,15,MVRR_UAMB,6,8,ambiguous,The engineer brought the equipment required constant supervision from senior technicians.,5,6.69963264465332,6.69963264465332,supervision,supervision,7
45,16,NPS_UAMB,7,8,ambiguous,The little girl found the lamb remained relatively calm despite the absence of its mother.,6,11.99152660369873,11.99152660369873,remained,remained,6
45,16,NPS_UAMB,7,8,ambiguous,The little girl found the lamb remained relatively calm despite the absence of its mother.,6,6.986908435821533,6.986908435821533,relatively,relatively,7
45,16,NPS_UAMB,7,8,ambiguous,The little girl found the lamb remained relatively calm despite the absence of its mother.,6,3.9508414268493652,3.9508414268493652,calm,calm,8
46,16,NPZ_UAMB,8,8,ambiguous,When the little girl attacked the lamb remained relatively calm despite the sudden assault.,7,14.091428756713867,14.091428756713867,remained,remained,7
46,16,NPZ_UAMB,8,8,ambiguous,When the little girl attacked the lamb remained relatively calm despite the sudden assault.,7,7.815422534942627,7.815422534942627,relatively,relatively,8
46,16,NPZ_UAMB,8,8,ambiguous,When the little girl attacked the lamb remained relatively calm despite the sudden assault.,7,2.9487109184265137,2.9487109184265137,calm,calm,9
47,16,MVRR_UAMB,7,9,ambiguous,The little girl fed the lamb remained relatively calm despite having asked for beef.,6,13.426704406738281,13.426704406738281,remained,remained,6
47,16,MVRR_UAMB,7,9,ambiguous,The little girl fed the lamb remained relatively calm despite having asked for beef.,6,7.435453414916992,7.435453414916992,relatively,relatively,7
47,16,MVRR_UAMB,7,9,ambiguous,The little girl fed the lamb remained relatively calm despite having asked for beef.,6,3.8045804500579834,3.8045804500579834,calm,calm,8
48,17,NPS_UAMB,7,8,ambiguous,The yoga instructor demonstrated the position demanded immense physical effort from everyone.,6,10.964287757873535,10.964287757873535,demanded,demanded,6
48,17,NPS_UAMB,7,8,ambiguous,The yoga instructor demonstrated the position demanded immense physical effort from everyone.,6,13.802680015563965,13.802680015563965,immense,immense,7
48,17,NPS_UAMB,7,8,ambiguous,The yoga instructor demonstrated the position demanded immense physical effort from everyone.,6,5.409059524536133,5.409059524536133,physical,physical,8
49,17,NPZ_UAMB,8,8,ambiguous,Before the yoga instructor left the position demanded immense physical effort from everyone.,7,12.28382396697998,12.28382396697998,demanded,demanded,7
49,17,NPZ_UAMB,8,8,ambiguous,Before the yoga instructor left the position demanded immense physical effort from everyone.,7,11.067160606384277,11.067160606384277,immense,immense,8
49,17,NPZ_UAMB,8,8,ambiguous,Before the yoga instructor left the position demanded immense physical effort from everyone.,7,5.044583320617676,5.044583320617676,physical,physical,9
50,17,MVRR_UAMB,7,9,ambiguous,The yoga instructor offered the position demanded immense physical effort from everyone.,6,12.803301811218262,12.803301811218262,demanded,demanded,6
50,17,MVRR_UAMB,7,9,ambiguous,The yoga instructor offered the position demanded immense physical effort from everyone.,6,13.135136604309082,13.135136604309082,immense,immense,7
50,17,MVRR_UAMB,7,9,ambiguous,The yoga instructor offered the position demanded immense physical effort from everyone.,6,5.509565830230713,5.509565830230713,physical,physical,8
51,18,NPS_UAMB,6,7,ambiguous,The governor noticed the contract received sweeping support across the entire state.,5,7.814232349395752,7.814232349395752,received,received,5
51,18,NPS_UAMB,6,7,ambiguous,The governor noticed the contract received sweeping support across the entire state.,5,13.888050079345703,13.888050079345703,sweeping,sweeping,6
51,18,NPS_UAMB,6,7,ambiguous,The governor noticed the contract received sweeping support across the entire state.,5,5.180908203125,5.180908203125,support,support,7
52,18,NPZ_UAMB,7,7,ambiguous,While the governor read the contract received sweeping support from the audience at the rally.,6,9.78870964050293,9.78870964050293,received,received,6
52,18,NPZ_UAMB,7,7,ambiguous,While the governor read the contract received sweeping support from the audience at the rally.,6,11.309338569641113,11.309338569641113,sweeping,sweeping,7
52,18,NPZ_UAMB,7,7,ambiguous,While the governor read the contract received sweeping support from the audience at the rally.,6,3.6572842597961426,3.6572842597961426,support,support,8
53,18,MVRR_UAMB,6,8,ambiguous,The governor awarded the contract received sweeping support across the entire state.,5,9.767412185668945,9.767412185668945,received,received,5
53,18,MVRR_UAMB,6,8,ambiguous,The governor awarded the contract received sweeping support across the entire state.,5,13.923873901367188,13.923873901367188,sweeping,sweeping,6
53,18,MVRR_UAMB,6,8,ambiguous,The governor awarded the contract received sweeping support across the entire state.,5,4.371740818023682,4.371740818023682,support,support,7
54,19,NPS_UAMB,6,7,ambiguous,The patient reported the treatment continued causing uncomfortable side effects like nausea.,5,9.711356163024902,9.711356163024902,continued,continued,5
54,19,NPS_UAMB,6,7,ambiguous,The patient reported the treatment continued causing uncomfortable side effects like nausea.,5,9.995498657226562,9.995498657226562,causing,causing,6
54,19,NPS_UAMB,6,7,ambiguous,The patient reported the treatment continued causing uncomfortable side effects like nausea.,5,10.490333557128906,10.490333557128906,uncomfortable,uncomfortable,7
55,19,NPZ_UAMB,7,7,ambiguous,Before the patient called the treatment continued causing uncomfortable side effects like nausea.,6,9.368542671203613,9.368542671203613,continued,continued,6
55,19,NPZ_UAMB,7,7,ambiguous,Before the patient called the treatment continued causing uncomfortable side effects like nausea.,6,9.90210247039795,9.90210247039795,causing,causing,7
55,19,NPZ_UAMB,7,7,ambiguous,Before the patient called the treatment continued causing uncomfortable side effects like nausea.,6,10.534117698669434,10.534117698669434,uncomfortable,uncomfortable,8
56,19,MVRR_UAMB,6,8,ambiguous,The patient refused the treatment continued causing uncomfortable scenes in the ER.,5,11.161242485046387,11.161242485046387,continued,continued,5
56,19,MVRR_UAMB,6,8,ambiguous,The patient refused the treatment continued causing uncomfortable scenes in the ER.,5,10.859271049499512,10.859271049499512,causing,causing,6
56,19,MVRR_UAMB,6,8,ambiguous,The patient refused the treatment continued causing uncomfortable scenes in the ER.,5,10.52166748046875,10.52166748046875,uncomfortable,uncomfortable,7
57,20,NPS_UAMB,6,7,ambiguous,The operator observed the machine started working efficiently all of a sudden.,5,9.837532043457031,9.837532043457031,started,started,5
57,20,NPS_UAMB,6,7,ambiguous,The operator observed the machine started working efficiently all of a sudden.,5,5.388479709625244,5.388479709625244,working,working,6
57,20,NPS_UAMB,6,7,ambiguous,The operator observed the machine started working efficiently all of a sudden.,5,10.232795715332031,10.232795715332031,efficiently,efficiently,7
58,20,NPZ_UAMB,7,7,ambiguous,Once the operator stopped the machine started working efficiently without any supervision.,6,9.976325988769531,9.976325988769531,started,started,6
58,20,NPZ_UAMB,7,7,ambiguous,Once the operator stopped the machine started working efficiently without any supervision.,6,6.2553510665893555,6.2553510665893555,working,working,7
58,20,NPZ_UAMB,7,7,ambiguous,Once the operator stopped the machine started working efficiently without any supervision.,6,10.37172794342041,10.37172794342041,efficiently,efficiently,8
59,20,MVRR_UAMB,6,8,ambiguous,The operator brought the machine started working efficiently with the added automation.,5,10.446304321289062,10.446304321289062,started,started,5
59,20,MVRR_UAMB,6,8,ambiguous,The operator brought the machine started working efficiently with the added automation.,5,5.216865539550781,5.216865539550781,working,working,6
59,20,MVRR_UAMB,6,8,ambiguous,The operator brought the machine started working efficiently with the added automation.,5,9.713151931762695,9.713151931762695,efficiently,efficiently,7
60,21,NPS_UAMB,6,7,ambiguous,The dancer knew the ballet achieved incredible success for a small local production.,5,9.800451278686523,9.800451278686523,achieved,achieved,5
60,21,NPS_UAMB,6,7,ambiguous,The dancer knew the ballet achieved incredible success for a small local production.,5,9.821147918701172,9.821147918701172,incredible,incredible,6
60,21,NPS_UAMB,6,7,ambiguous,The dancer knew the ballet achieved incredible success for a small local production.,5,1.2460174560546875,1.2460174560546875,success,success,7
61,21,NPZ_UAMB,7,7,ambiguous,Once the dancer began the ballet achieved incredible success for a show with a new performer.,6,12.373221397399902,12.373221397399902,achieved,achieved,6
61,21,NPZ_UAMB,7,7,ambiguous,Once the dancer began the ballet achieved incredible success for a show with a new performer.,6,10.760103225708008,10.760103225708008,incredible,incredible,7
61,21,NPZ_UAMB,7,7,ambiguous,Once the dancer began the ballet achieved incredible success for a show with a new performer.,6,1.0874969959259033,1.0874969959259033,success,success,8
62,21,MVRR_UAMB,6,8,ambiguous,The dancer assigned the ballet achieved incredible success for a new performer.,5,13.630698204040527,13.630698204040527,achieved,achieved,5
62,21,MVRR_UAMB,6,8,ambiguous,The dancer assigned the ballet achieved incredible success for a new performer.,5,14.063422203063965,14.063422203063965,incredible,incredible,6
62,21,MVRR_UAMB,6,8,ambiguous,The dancer assigned the ballet achieved incredible success for a new performer.,5,2.3818066120147705,2.3818066120147705,success,success,7
63,22,NPS_UAMB,6,7,ambiguous,The contestant revealed the money became unavailable to him when the show\'s budget shrank.,5,10.654434204101562,10.654434204101562,became,became,5
63,22,NPS_UAMB,6,7,ambiguous,The contestant revealed the money became unavailable to him when the show\'s budget shrank.,5,6.621694564819336,6.621694564819336,unavailable,unavailable,6
63,22,NPS_UAMB,6,7,ambiguous,The contestant revealed the money became unavailable to him when the show\'s budget shrank.,5,2.9365384578704834,2.9365384578704834,to,to,7
64,22,NPZ_UAMB,7,7,ambiguous,After the contestant lost the money became unavailable despite his previous three wins in a row.,6,10.25888729095459,10.25888729095459,became,became,6
64,22,NPZ_UAMB,7,7,ambiguous,After the contestant lost the money became unavailable despite his previous three wins in a row.,6,6.171714782714844,6.171714782714844,unavailable,unavailable,7
64,22,NPZ_UAMB,7,7,ambiguous,After the contestant lost the money became unavailable despite his previous three wins in a row.,6,8.414956092834473,8.414956092834473,despite,despite,8
65,22,MVRR_UAMB,6,8,ambiguous,The contestant paid the money became unavailable and suddenly terminated his contract.,5,12.509177207946777,12.509177207946777,became,became,5
65,22,MVRR_UAMB,6,8,ambiguous,The contestant paid the money became unavailable and suddenly terminated his contract.,5,6.496891975402832,6.496891975402832,unavailable,unavailable,6
65,22,MVRR_UAMB,6,8,ambiguous,The contestant paid the money became unavailable and suddenly terminated his contract.,5,2.495032787322998,2.495032787322998,and,and,7
66,23,NPS_UAMB,7,8,ambiguous,The new chef claimed the restaurant separated mediocre cooks from gifted ones.,6,10.574982643127441,10.574982643127441,separated,separated,6
66,23,NPS_UAMB,7,8,ambiguous,The new chef claimed the restaurant separated mediocre cooks from gifted ones.,6,16.54739761352539,16.54739761352539,mediocre,mediocre,7
66,23,NPS_UAMB,7,8,ambiguous,The new chef claimed the restaurant separated mediocre cooks from gifted ones.,6,10.71695327758789,10.71695327758789,cooks,cooks,8
67,23,NPZ_UAMB,8,8,ambiguous,Once the new chef started the restaurant separated mediocre cooks from gifted ones.,7,12.141270637512207,12.141270637512207,separated,separated,7
67,23,NPZ_UAMB,8,8,ambiguous,Once the new chef started the restaurant separated mediocre cooks from gifted ones.,7,17.488977432250977,17.488977432250977,mediocre,mediocre,8
67,23,NPZ_UAMB,8,8,ambiguous,Once the new chef started the restaurant separated mediocre cooks from gifted ones.,7,9.613834381103516,9.613834381103516,cooks,cooks,9
68,23,MVRR_UAMB,7,9,ambiguous,The new chef offered the restaurant separated mediocre cooks from gifted ones.,6,11.873835563659668,11.873835563659668,separated,separated,6
68,23,MVRR_UAMB,7,9,ambiguous,The new chef offered the restaurant separated mediocre cooks from gifted ones.,6,16.96700096130371,16.96700096130371,mediocre,mediocre,7
68,23,MVRR_UAMB,7,9,ambiguous,The new chef offered the restaurant separated mediocre cooks from gifted ones.,6,10.469499588012695,10.469499588012695,cooks,cooks,8
69,24,NPS_UAMB,7,8,ambiguous,The apprentice baker discovered the oven produced smaller cakes because it heated too fast.,6,8.571255683898926,8.571255683898926,produced,produced,6
69,24,NPS_UAMB,7,8,ambiguous,The apprentice baker discovered the oven produced smaller cakes because it heated too fast.,6,12.354304313659668,12.354304313659668,smaller,smaller,7
69,24,NPS_UAMB,7,8,ambiguous,The apprentice baker discovered the oven produced smaller cakes because it heated too fast.,6,6.374756336212158,6.374756336212158,cakes,cakes,8
70,24,NPZ_UAMB,8,8,ambiguous,When the apprentice baker worked the oven produced smaller cakes because he lacked experience.,7,9.543573379516602,9.543573379516602,produced,produced,7
70,24,NPZ_UAMB,8,8,ambiguous,When the apprentice baker worked the oven produced smaller cakes because he lacked experience.,7,9.374078750610352,9.374078750610352,smaller,smaller,8
70,24,NPZ_UAMB,8,8,ambiguous,When the apprentice baker worked the oven produced smaller cakes because he lacked experience.,7,5.555266857147217,5.555266857147217,cakes,cakes,9
71,24,MVRR_UAMB,7,9,ambiguous,The apprentice baker assigned the oven produced smaller cakes because he lacked experience.,6,9.934415817260742,9.934415817260742,produced,produced,6
71,24,MVRR_UAMB,7,9,ambiguous,The apprentice baker assigned the oven produced smaller cakes because he lacked experience.,6,10.821948051452637,10.821948051452637,smaller,smaller,7
71,24,MVRR_UAMB,7,9,ambiguous,The apprentice baker assigned the oven produced smaller cakes because he lacked experience.,6,5.861590385437012,5.861590385437012,cakes,cakes,8
72,1,NPS_UAMB,6,7,unambiguous,The suspect showed that the file deserved further investigation during the murder trial.,6,12.448811531066895,12.448811531066895,deserved,deserved,6
72,1,NPS_UAMB,6,7,unambiguous,The suspect showed that the file deserved further investigation during the murder trial.,6,6.6110100746154785,6.6110100746154785,further,further,7
72,1,NPS_UAMB,6,7,unambiguous,The suspect showed that the file deserved further investigation during the murder trial.,6,4.0768141746521,4.0768141746521,investigation,investigation,8
73,1,NPZ_UAMB,7,7,unambiguous,"Because the suspect changed, the file deserved further investigation during the jury discussions.",6,14.670027732849121,14.670027732849121,deserved,deserved,6
73,1,NPZ_UAMB,7,7,unambiguous,"Because the suspect changed, the file deserved further investigation during the jury discussions.",6,5.677898406982422,5.677898406982422,further,further,7
73,1,NPZ_UAMB,7,7,unambiguous,"Because the suspect changed, the file deserved further investigation during the jury discussions.",6,3.3246922492980957,3.3246922492980957,investigation,investigation,8
74,1,MVRR_UAMB,6,8,unambiguous,The suspect who was sent the file deserved further investigation given the new evidence.,7,15.337861061096191,15.337861061096191,deserved,deserved,7
74,1,MVRR_UAMB,6,8,unambiguous,The suspect who was sent the file deserved further investigation given the new evidence.,7,6.293281078338623,6.293281078338623,further,further,8
74,1,MVRR_UAMB,6,8,unambiguous,The suspect who was sent the file deserved further investigation given the new evidence.,7,3.684570074081421,3.684570074081421,investigation,investigation,9
75,2,NPS_UAMB,7,8,unambiguous,The corrupt politician mentioned that the bill received unwelcome attention from southern voters.,7,6.404918193817139,6.404918193817139,received,received,7
75,2,NPS_UAMB,7,8,unambiguous,The corrupt politician mentioned that the bill received unwelcome attention from southern voters.,7,10.200904846191406,10.200904846191406,unwelcome,unwelcome,8
75,2,NPS_UAMB,7,8,unambiguous,The corrupt politician mentioned that the bill received unwelcome attention from southern voters.,7,0.6596091985702515,0.6596091985702515,attention,attention,9
76,2,NPZ_UAMB,8,8,unambiguous,"After the corrupt politician signed, the bill received unwelcome attention from southern voters.",7,5.238043785095215,5.238043785095215,received,received,7
76,2,NPZ_UAMB,8,8,unambiguous,"After the corrupt politician signed, the bill received unwelcome attention from southern voters.",7,11.634220123291016,11.634220123291016,unwelcome,unwelcome,8
76,2,NPZ_UAMB,8,8,unambiguous,"After the corrupt politician signed, the bill received unwelcome attention from southern voters.",7,0.5175991058349609,0.5175991058349609,attention,attention,9
77,2,MVRR_UAMB,7,9,unambiguous,The corrupt politician who was handed the bill received unwelcome attention from southern voters.,8,8.646354675292969,8.646354675292969,received,received,8
77,2,MVRR_UAMB,7,9,unambiguous,The corrupt politician who was handed the bill received unwelcome attention from southern voters.,8,10.223563194274902,10.223563194274902,unwelcome,unwelcome,9
77,2,MVRR_UAMB,7,9,unambiguous,The corrupt politician who was handed the bill received unwelcome attention from southern voters.,8,0.3952585458755493,0.3952585458755493,attention,attention,10
78,3,NPS_UAMB,6,7,unambiguous,The woman maintained that the mail disappeared mysteriously from her front porch.,6,9.265862464904785,9.265862464904785,disappeared,disappeared,6
78,3,NPS_UAMB,6,7,unambiguous,The woman maintained that the mail disappeared mysteriously from her front porch.,6,10.48920726776123,10.48920726776123,mysteriously,mysteriously,7
78,3,NPS_UAMB,6,7,unambiguous,The woman maintained that the mail disappeared mysteriously from her front porch.,6,1.264772891998291,1.264772891998291,from,from,8
79,3,NPZ_UAMB,7,7,unambiguous,"After the woman moved, the mail disappeared mysteriously from the delivery system.",6,7.840004920959473,7.840004920959473,disappeared,disappeared,6
79,3,NPZ_UAMB,7,7,unambiguous,"After the woman moved, the mail disappeared mysteriously from the delivery system.",6,9.4059419631958,9.4059419631958,mysteriously,mysteriously,7
79,3,NPZ_UAMB,7,7,unambiguous,"After the woman moved, the mail disappeared mysteriously from the delivery system.",6,1.7125811576843262,1.7125811576843262,from,from,8
80,3,MVRR_UAMB,6,8,unambiguous,The woman who was brought the mail disappeared mysteriously after reading the bad news in it.,7,11.153470039367676,11.153470039367676,disappeared,disappeared,7
80,3,MVRR_UAMB,6,8,unambiguous,The woman who was brought the mail disappeared mysteriously after reading the bad news in it.,7,10.643335342407227,10.643335342407227,mysteriously,mysteriously,8
80,3,MVRR_UAMB,6,8,unambiguous,The woman who was brought the mail disappeared mysteriously after reading the bad news in it.,7,5.055962085723877,5.055962085723877,after,after,9
81,4,NPS_UAMB,6,7,unambiguous,The boy found that the chicken stayed surprisingly happy in the new barn.,6,9.001485824584961,9.001485824584961,stayed,stayed,6
81,4,NPS_UAMB,6,7,unambiguous,The boy found that the chicken stayed surprisingly happy in the new barn.,6,11.446968078613281,11.446968078613281,surprisingly,surprisingly,7
81,4,NPS_UAMB,6,7,unambiguous,The boy found that the chicken stayed surprisingly happy in the new barn.,6,6.324381351470947,6.324381351470947,happy,happy,8
82,4,NPZ_UAMB,7,7,unambiguous,"Although the boy attacked, the chicken stayed surprisingly happy as if nothing happened.",6,7.53984260559082,7.53984260559082,stayed,stayed,6
82,4,NPZ_UAMB,7,7,unambiguous,"Although the boy attacked, the chicken stayed surprisingly happy as if nothing happened.",6,9.777265548706055,9.777265548706055,surprisingly,surprisingly,7
82,4,NPZ_UAMB,7,7,unambiguous,"Although the boy attacked, the chicken stayed surprisingly happy as if nothing happened.",6,6.3258256912231445,6.3258256912231445,happy,happy,8
83,4,MVRR_UAMB,6,8,unambiguous,The boy who was fed the chicken stayed surprisingly happy despite having a mild allergic reaction.,7,9.982510566711426,9.982510566711426,stayed,stayed,7
83,4,MVRR_UAMB,6,8,unambiguous,The boy who was fed the chicken stayed surprisingly happy despite having a mild allergic reaction.,7,10.9357271194458,10.9357271194458,surprisingly,surprisingly,8
83,4,MVRR_UAMB,6,8,unambiguous,The boy who was fed the chicken stayed surprisingly happy despite having a mild allergic reaction.,7,4.365230083465576,4.365230083465576,happy,happy,9
84,5,NPS_UAMB,7,8,unambiguous,The new doctor demonstrated that the operation appeared increasingly likely to succeed.,7,8.309576034545898,8.309576034545898,appeared,appeared,7
84,5,NPS_UAMB,7,8,unambiguous,The new doctor demonstrated that the operation appeared increasingly likely to succeed.,7,9.048272132873535,9.048272132873535,increasingly,increasingly,8
84,5,NPS_UAMB,7,8,unambiguous,The new doctor demonstrated that the operation appeared increasingly likely to succeed.,7,5.404890060424805,5.404890060424805,likely,likely,9
85,5,NPZ_UAMB,8,8,unambiguous,"After the new doctor left, the operation appeared increasingly likely to succeed.",7,7.432261943817139,7.432261943817139,appeared,appeared,7
85,5,NPZ_UAMB,8,8,unambiguous,"After the new doctor left, the operation appeared increasingly likely to succeed.",7,7.9994215965271,7.9994215965271,increasingly,increasingly,8
85,5,NPZ_UAMB,8,8,unambiguous,"After the new doctor left, the operation appeared increasingly likely to succeed.",7,6.270119667053223,6.270119667053223,likely,likely,9
86,5,MVRR_UAMB,7,9,unambiguous,The new doctor who was offered the operation appeared increasingly likely to succeed in her career.,8,10.291704177856445,10.291704177856445,appeared,appeared,8
86,5,MVRR_UAMB,7,9,unambiguous,The new doctor who was offered the operation appeared increasingly likely to succeed in her career.,8,10.866921424865723,10.866921424865723,increasingly,increasingly,9
86,5,MVRR_UAMB,7,9,unambiguous,The new doctor who was offered the operation appeared increasingly likely to succeed in her career.,8,6.223721504211426,6.223721504211426,likely,likely,10
87,6,NPS_UAMB,6,7,unambiguous,The professor noticed that the grant gained more attention from marine biologists.,6,7.042778968811035,7.042778968811035,gained,gained,6
87,6,NPS_UAMB,6,7,unambiguous,The professor noticed that the grant gained more attention from marine biologists.,6,4.919107913970947,4.919107913970947,more,more,7
87,6,NPS_UAMB,6,7,unambiguous,The professor noticed that the grant gained more attention from marine biologists.,6,3.6167843341827393,3.6167843341827393,attention,attention,8
88,6,NPZ_UAMB,7,7,unambiguous,"After the professor read, the grant gained more attention due to her excellent description.",6,6.850472450256348,6.850472450256348,gained,gained,6
88,6,NPZ_UAMB,7,7,unambiguous,"After the professor read, the grant gained more attention due to her excellent description.",6,5.3966264724731445,5.3966264724731445,more,more,7
88,6,NPZ_UAMB,7,7,unambiguous,"After the professor read, the grant gained more attention due to her excellent description.",6,3.393266201019287,3.393266201019287,attention,attention,8
89,6,MVRR_UAMB,6,8,unambiguous,The professor who was awarded the grant gained more attention from marine biologists.,7,8.142928123474121,8.142928123474121,gained,gained,7
89,6,MVRR_UAMB,6,8,unambiguous,The professor who was awarded the grant gained more attention from marine biologists.,7,5.654270172119141,5.654270172119141,more,more,8
89,6,MVRR_UAMB,6,8,unambiguous,The professor who was awarded the grant gained more attention from marine biologists.,7,4.209864139556885,4.209864139556885,attention,attention,9
90,7,NPS_UAMB,6,7,unambiguous,The technician reported that the service stopped working almost immediately after the storm started.,6,6.767127990722656,6.767127990722656,stopped,stopped,6
90,7,NPS_UAMB,6,7,unambiguous,The technician reported that the service stopped working almost immediately after the storm started.,6,5.9685258865356445,5.9685258865356445,working,working,7
90,7,NPS_UAMB,6,7,unambiguous,The technician reported that the service stopped working almost immediately after the storm started.,6,7.686342716217041,7.686342716217041,almost,almost,8
91,7,NPZ_UAMB,7,7,unambiguous,"After the technician called, the service stopped working almost immediately to his surprise.",6,5.822515964508057,5.822515964508057,stopped,stopped,6
91,7,NPZ_UAMB,7,7,unambiguous,"After the technician called, the service stopped working almost immediately to his surprise.",6,6.065545082092285,6.065545082092285,working,working,7
91,7,NPZ_UAMB,7,7,unambiguous,"After the technician called, the service stopped working almost immediately to his surprise.",6,8.454642295837402,8.454642295837402,almost,almost,8
92,7,MVRR_UAMB,6,8,unambiguous,The technician who was refused the service stopped working almost immediately after the argument.,7,8.50906753540039,8.50906753540039,stopped,stopped,7
92,7,MVRR_UAMB,6,8,unambiguous,The technician who was refused the service stopped working almost immediately after the argument.,7,4.58884334564209,4.58884334564209,working,working,8
92,7,MVRR_UAMB,6,8,unambiguous,The technician who was refused the service stopped working almost immediately after the argument.,7,8.87346076965332,8.87346076965332,almost,almost,9
93,8,NPS_UAMB,6,7,unambiguous,The mechanic observed that the truck needed several more hours to be repaired.,6,5.819999694824219,5.819999694824219,needed,needed,6
93,8,NPS_UAMB,6,7,unambiguous,The mechanic observed that the truck needed several more hours to be repaired.,6,6.23745584487915,6.23745584487915,several,several,7
93,8,NPS_UAMB,6,7,unambiguous,The mechanic observed that the truck needed several more hours to be repaired.,6,4.008182048797607,4.008182048797607,more,more,8
94,8,NPZ_UAMB,7,7,unambiguous,"Because the mechanic stopped, the truck needed several more hours before it could be fully repaired.",6,6.383539199829102,6.383539199829102,needed,needed,6
94,8,NPZ_UAMB,7,7,unambiguous,"Because the mechanic stopped, the truck needed several more hours before it could be fully repaired.",6,5.833601951599121,5.833601951599121,several,several,7
94,8,NPZ_UAMB,7,7,unambiguous,"Because the mechanic stopped, the truck needed several more hours before it could be fully repaired.",6,4.05471134185791,4.05471134185791,more,more,8
95,8,MVRR_UAMB,6,8,unambiguous,The mechanic who was brought the truck needed several more hours to fully repair it.,7,7.9432830810546875,7.9432830810546875,needed,needed,7
95,8,MVRR_UAMB,6,8,unambiguous,The mechanic who was brought the truck needed several more hours to fully repair it.,7,8.167876243591309,8.167876243591309,several,several,8
95,8,MVRR_UAMB,6,8,unambiguous,The mechanic who was brought the truck needed several more hours to fully repair it.,7,6.147968292236328,6.147968292236328,more,more,9
96,9,NPS_UAMB,6,7,unambiguous,The guitarist knew that the song failed dramatically because of the tensions within the band.,6,7.413073539733887,7.413073539733887,failed,failed,6
96,9,NPS_UAMB,6,7,unambiguous,The guitarist knew that the song failed dramatically because of the tensions within the band.,6,10.96970272064209,10.96970272064209,dramatically,dramatically,7
96,9,NPS_UAMB,6,7,unambiguous,The guitarist knew that the song failed dramatically because of the tensions within the band.,6,2.8579349517822266,2.8579349517822266,because,because,8
97,9,NPZ_UAMB,7,7,unambiguous,"After the guitarist began, the song failed dramatically because he skipped the sound check.",6,6.8137617111206055,6.8137617111206055,failed,failed,6
97,9,NPZ_UAMB,7,7,unambiguous,"After the guitarist began, the song failed dramatically because he skipped the sound check.",6,10.598714828491211,10.598714828491211,dramatically,dramatically,7
97,9,NPZ_UAMB,7,7,unambiguous,"After the guitarist began, the song failed dramatically because he skipped the sound check.",6,4.255063056945801,4.255063056945801,because,because,8
98,9,MVRR_UAMB,6,8,unambiguous,The guitarist who was assigned the song failed dramatically because he never practiced enough.,7,9.454019546508789,9.454019546508789,failed,failed,7
98,9,MVRR_UAMB,6,8,unambiguous,The guitarist who was assigned the song failed dramatically because he never practiced enough.,7,11.636716842651367,11.636716842651367,dramatically,dramatically,8
98,9,MVRR_UAMB,6,8,unambiguous,The guitarist who was assigned the song failed dramatically because he never practiced enough.,7,3.9473910331726074,3.9473910331726074,because,because,9
99,10,NPS_UAMB,6,7,unambiguous,The player revealed that the bonus remained essentially the same as in the original contract.,6,9.579574584960938,9.579574584960938,remained,remained,6
99,10,NPS_UAMB,6,7,unambiguous,The player revealed that the bonus remained essentially the same as in the original contract.,6,6.351402282714844,6.351402282714844,essentially,essentially,7
99,10,NPS_UAMB,6,7,unambiguous,The player revealed that the bonus remained essentially the same as in the original contract.,6,1.8375242948532104,1.8375242948532104,the,the,8
100,10,NPZ_UAMB,7,7,unambiguous,"Although the player lost, the bonus remained essentially the same as in the original contract.",6,7.990319728851318,7.990319728851318,remained,remained,6
100,10,NPZ_UAMB,7,7,unambiguous,"Although the player lost, the bonus remained essentially the same as in the original contract.",6,5.945918083190918,5.945918083190918,essentially,essentially,7
100,10,NPZ_UAMB,7,7,unambiguous,"Although the player lost, the bonus remained essentially the same as in the original contract.",6,2.6223697662353516,2.6223697662353516,the,the,8
101,10,MVRR_UAMB,6,8,unambiguous,The player who was paid the bonus remained essentially the same despite his sudden fame and wealth.,7,9.391523361206055,9.391523361206055,remained,remained,7
101,10,MVRR_UAMB,6,8,unambiguous,The player who was paid the bonus remained essentially the same despite his sudden fame and wealth.,7,8.414521217346191,8.414521217346191,essentially,essentially,8
101,10,MVRR_UAMB,6,8,unambiguous,The player who was paid the bonus remained essentially the same despite his sudden fame and wealth.,7,1.7118477821350098,1.7118477821350098,the,the,9
102,11,NPS_UAMB,7,8,unambiguous,The recent hire claimed that the job prepared many students for careers in media.,7,11.235838890075684,11.235838890075684,prepared,prepared,7
102,11,NPS_UAMB,7,8,unambiguous,The recent hire claimed that the job prepared many students for careers in media.,7,8.820571899414062,8.820571899414062,many,many,8
102,11,NPS_UAMB,7,8,unambiguous,The recent hire claimed that the job prepared many students for careers in media.,7,5.696742534637451,5.696742534637451,students,students,9
103,11,NPZ_UAMB,8,8,unambiguous,"Once the recent hire started, the job prepared many students for careers in media.",7,10.859310150146484,10.859310150146484,prepared,prepared,7
103,11,NPZ_UAMB,8,8,unambiguous,"Once the recent hire started, the job prepared many students for careers in media.",7,8.279759407043457,8.279759407043457,many,many,8
103,11,NPZ_UAMB,8,8,unambiguous,"Once the recent hire started, the job prepared many students for careers in media.",7,5.435884475708008,5.435884475708008,students,students,9
104,11,MVRR_UAMB,7,9,unambiguous,The recent hire who was offered the job prepared many students for careers in media.,8,12.232260704040527,12.232260704040527,prepared,prepared,8
104,11,MVRR_UAMB,7,9,unambiguous,The recent hire who was offered the job prepared many students for careers in media.,8,11.075353622436523,11.075353622436523,many,many,9
104,11,MVRR_UAMB,7,9,unambiguous,The recent hire who was offered the job prepared many students for careers in media.,8,9.309114456176758,9.309114456176758,students,students,10
105,12,NPS_UAMB,7,8,unambiguous,The assistant manager discovered that the training seemed unnecessarily demanding for new staff.,7,7.365451812744141,7.365451812744141,seemed,seemed,7
105,12,NPS_UAMB,7,8,unambiguous,The assistant manager discovered that the training seemed unnecessarily demanding for new staff.,7,7.298096656799316,7.298096656799316,unnecessarily,unnecessarily,8
105,12,NPS_UAMB,7,8,unambiguous,The assistant manager discovered that the training seemed unnecessarily demanding for new staff.,7,4.709484100341797,4.709484100341797,demanding,demanding,9
106,12,NPZ_UAMB,8,8,unambiguous,"While the assistant manager worked, the training seemed unnecessarily demanding to him.",7,7.331270694732666,7.331270694732666,seemed,seemed,7
106,12,NPZ_UAMB,8,8,unambiguous,"While the assistant manager worked, the training seemed unnecessarily demanding to him.",7,8.757133483886719,8.757133483886719,unnecessarily,unnecessarily,8
106,12,NPZ_UAMB,8,8,unambiguous,"While the assistant manager worked, the training seemed unnecessarily demanding to him.",7,4.916110038757324,4.916110038757324,demanding,demanding,9
107,12,MVRR_UAMB,7,9,unambiguous,The assistant manager who was assigned the training seemed unnecessarily demanding to new staff.,8,12.867581367492676,12.867581367492676,seemed,seemed,8
107,12,MVRR_UAMB,7,9,unambiguous,The assistant manager who was assigned the training seemed unnecessarily demanding to new staff.,8,9.216989517211914,9.216989517211914,unnecessarily,unnecessarily,9
107,12,MVRR_UAMB,7,9,unambiguous,The assistant manager who was assigned the training seemed unnecessarily demanding to new staff.,8,4.036517143249512,4.036517143249512,demanding,demanding,10
108,13,NPS_UAMB,6,7,unambiguous,The mayor showed that the document provided sufficient evidence to prove her innocence.,6,6.169765472412109,6.169765472412109,provided,provided,6
108,13,NPS_UAMB,6,7,unambiguous,The mayor showed that the document provided sufficient evidence to prove her innocence.,6,5.111431121826172,5.111431121826172,sufficient,sufficient,7
108,13,NPS_UAMB,6,7,unambiguous,The mayor showed that the document provided sufficient evidence to prove her innocence.,6,1.9027186632156372,1.9027186632156372,evidence,evidence,8
109,13,NPZ_UAMB,7,7,unambiguous,"Although the mayor changed, the document provided sufficient evidence for what he had promised.",6,6.520812034606934,6.520812034606934,provided,provided,6
109,13,NPZ_UAMB,7,7,unambiguous,"Although the mayor changed, the document provided sufficient evidence for what he had promised.",6,5.613376140594482,5.613376140594482,sufficient,sufficient,7
109,13,NPZ_UAMB,7,7,unambiguous,"Although the mayor changed, the document provided sufficient evidence for what he had promised.",6,2.6128499507904053,2.6128499507904053,evidence,evidence,8
110,13,MVRR_UAMB,6,8,unambiguous,The mayor who was sent the document provided sufficient evidence that it was simply blackmail.,7,8.662452697753906,8.662452697753906,provided,provided,7
110,13,MVRR_UAMB,6,8,unambiguous,The mayor who was sent the document provided sufficient evidence that it was simply blackmail.,7,8.447359085083008,8.447359085083008,sufficient,sufficient,8
110,13,MVRR_UAMB,6,8,unambiguous,The mayor who was sent the document provided sufficient evidence that it was simply blackmail.,7,2.05008602142334,2.05008602142334,evidence,evidence,9
111,14,NPS_UAMB,7,8,unambiguous,The basketball player mentioned that the contract created another controversy in the NBA.,7,8.145163536071777,8.145163536071777,created,created,7
111,14,NPS_UAMB,7,8,unambiguous,The basketball player mentioned that the contract created another controversy in the NBA.,7,7.719753265380859,7.719753265380859,another,another,8
111,14,NPS_UAMB,7,8,unambiguous,The basketball player mentioned that the contract created another controversy in the NBA.,7,5.828330993652344,5.828330993652344,controversy,controversy,9
112,14,NPZ_UAMB,8,8,unambiguous,"After the basketball player signed, the contract created another political controversy in the NBA.",7,8.526628494262695,8.526628494262695,created,created,7
112,14,NPZ_UAMB,8,8,unambiguous,"After the basketball player signed, the contract created another political controversy in the NBA.",7,5.330490589141846,5.330490589141846,another,another,8
112,14,NPZ_UAMB,8,8,unambiguous,"After the basketball player signed, the contract created another political controversy in the NBA.",7,7.5006208419799805,7.5006208419799805,political,political,9
113,14,MVRR_UAMB,7,9,unambiguous,The basketball player who was handed the contract created another controversy in the NBA.,8,8.664241790771484,8.664241790771484,created,created,8
113,14,MVRR_UAMB,7,9,unambiguous,The basketball player who was handed the contract created another controversy in the NBA.,8,8.02785587310791,8.02785587310791,another,another,9
113,14,MVRR_UAMB,7,9,unambiguous,The basketball player who was handed the contract created another controversy in the NBA.,8,7.106168270111084,7.106168270111084,controversy,controversy,10
114,15,NPS_UAMB,6,7,unambiguous,The engineer maintained that the equipment required constant supervision from senior technicians.,6,4.164451599121094,4.164451599121094,required,required,6
114,15,NPS_UAMB,6,7,unambiguous,The engineer maintained that the equipment required constant supervision from senior technicians.,6,8.853577613830566,8.853577613830566,constant,constant,7
114,15,NPS_UAMB,6,7,unambiguous,The engineer maintained that the equipment required constant supervision from senior technicians.,6,6.338451385498047,6.338451385498047,supervision,supervision,8
115,15,NPZ_UAMB,7,7,unambiguous,"After the engineer moved, the equipment required constant supervision from senior technicians.",6,4.936030864715576,4.936030864715576,required,required,6
115,15,NPZ_UAMB,7,7,unambiguous,"After the engineer moved, the equipment required constant supervision from senior technicians.",6,7.577043533325195,7.577043533325195,constant,constant,7
115,15,NPZ_UAMB,7,7,unambiguous,"After the engineer moved, the equipment required constant supervision from senior technicians.",6,5.940984725952148,5.940984725952148,supervision,supervision,8
116,15,MVRR_UAMB,6,8,unambiguous,The engineer who was brought the equipment required constant supervision from senior technicians.,7,7.052485466003418,7.052485466003418,required,required,7
116,15,MVRR_UAMB,6,8,unambiguous,The engineer who was brought the equipment required constant supervision from senior technicians.,7,9.566923141479492,9.566923141479492,constant,constant,8
116,15,MVRR_UAMB,6,8,unambiguous,The engineer who was brought the equipment required constant supervision from senior technicians.,7,6.1315765380859375,6.1315765380859375,supervision,supervision,9
117,16,NPS_UAMB,7,8,unambiguous,The little girl found that the lamb remained relatively calm despite the absence of its mother.,7,7.220483303070068,7.220483303070068,remained,remained,7
117,16,NPS_UAMB,7,8,unambiguous,The little girl found that the lamb remained relatively calm despite the absence of its mother.,7,6.5783162117004395,6.5783162117004395,relatively,relatively,8
117,16,NPS_UAMB,7,8,unambiguous,The little girl found that the lamb remained relatively calm despite the absence of its mother.,7,4.634151458740234,4.634151458740234,calm,calm,9
118,16,NPZ_UAMB,8,8,unambiguous,"When the little girl attacked, the lamb remained relatively calm despite the sudden assault.",7,7.093471050262451,7.093471050262451,remained,remained,7
118,16,NPZ_UAMB,8,8,unambiguous,"When the little girl attacked, the lamb remained relatively calm despite the sudden assault.",7,7.263291835784912,7.263291835784912,relatively,relatively,8
118,16,NPZ_UAMB,8,8,unambiguous,"When the little girl attacked, the lamb remained relatively calm despite the sudden assault.",7,3.493983268737793,3.493983268737793,calm,calm,9
119,16,MVRR_UAMB,7,9,unambiguous,The little girl who was fed the lamb remained relatively calm despite having asked for beef.,8,9.727717399597168,9.727717399597168,remained,remained,8
119,16,MVRR_UAMB,7,9,unambiguous,The little girl who was fed the lamb remained relatively calm despite having asked for beef.,8,7.7693586349487305,7.7693586349487305,relatively,relatively,9
119,16,MVRR_UAMB,7,9,unambiguous,The little girl who was fed the lamb remained relatively calm despite having asked for beef.,8,3.2182438373565674,3.2182438373565674,calm,calm,10
120,17,NPS_UAMB,7,8,unambiguous,The yoga instructor demonstrated that the position demanded immense physical effort from everyone.,7,9.377692222595215,9.377692222595215,demanded,demanded,7
120,17,NPS_UAMB,7,8,unambiguous,The yoga instructor demonstrated that the position demanded immense physical effort from everyone.,7,9.613569259643555,9.613569259643555,immense,immense,8
120,17,NPS_UAMB,7,8,unambiguous,The yoga instructor demonstrated that the position demanded immense physical effort from everyone.,7,4.960893630981445,4.960893630981445,physical,physical,9
121,17,NPZ_UAMB,8,8,unambiguous,"Before the yoga instructor left, the position demanded immense physical effort from everyone.",7,8.801362037658691,8.801362037658691,demanded,demanded,7
121,17,NPZ_UAMB,8,8,unambiguous,"Before the yoga instructor left, the position demanded immense physical effort from everyone.",7,9.05260181427002,9.05260181427002,immense,immense,8
121,17,NPZ_UAMB,8,8,unambiguous,"Before the yoga instructor left, the position demanded immense physical effort from everyone.",7,5.1367950439453125,5.1367950439453125,physical,physical,9
122,17,MVRR_UAMB,7,9,unambiguous,The yoga instructor who was offered the position demanded immense physical effort from everyone.,8,13.166379928588867,13.166379928588867,demanded,demanded,8
122,17,MVRR_UAMB,7,9,unambiguous,The yoga instructor who was offered the position demanded immense physical effort from everyone.,8,13.768101692199707,13.768101692199707,immense,immense,9
122,17,MVRR_UAMB,7,9,unambiguous,The yoga instructor who was offered the position demanded immense physical effort from everyone.,8,5.594202041625977,5.594202041625977,physical,physical,10
123,18,NPS_UAMB,6,7,unambiguous,The governor noticed that the contract received sweeping support across the entire state.,6,7.776086807250977,7.776086807250977,received,received,6
123,18,NPS_UAMB,6,7,unambiguous,The governor noticed that the contract received sweeping support across the entire state.,6,11.370684623718262,11.370684623718262,sweeping,sweeping,7
123,18,NPS_UAMB,6,7,unambiguous,The governor noticed that the contract received sweeping support across the entire state.,6,3.753993272781372,3.753993272781372,support,support,8
124,18,NPZ_UAMB,7,7,unambiguous,"While the governor read, the contract received sweeping support from the audience at the rally.",6,7.3675127029418945,7.3675127029418945,received,received,6
124,18,NPZ_UAMB,7,7,unambiguous,"While the governor read, the contract received sweeping support from the audience at the rally.",6,11.05989933013916,11.05989933013916,sweeping,sweeping,7
124,18,NPZ_UAMB,7,7,unambiguous,"While the governor read, the contract received sweeping support from the audience at the rally.",6,3.007664442062378,3.007664442062378,support,support,8
125,18,MVRR_UAMB,6,8,unambiguous,The governor who was awarded the contract received sweeping support across the entire state.,7,7.121927738189697,7.121927738189697,received,received,7
125,18,MVRR_UAMB,6,8,unambiguous,The governor who was awarded the contract received sweeping support across the entire state.,7,11.34228515625,11.34228515625,sweeping,sweeping,8
125,18,MVRR_UAMB,6,8,unambiguous,The governor who was awarded the contract received sweeping support across the entire state.,7,4.844440937042236,4.844440937042236,support,support,9
126,19,NPS_UAMB,6,7,unambiguous,The patient reported that the treatment continued causing uncomfortable side effects like nausea.,6,6.897206783294678,6.897206783294678,continued,continued,6
126,19,NPS_UAMB,6,7,unambiguous,The patient reported that the treatment continued causing uncomfortable side effects like nausea.,6,9.09921932220459,9.09921932220459,causing,causing,7
126,19,NPS_UAMB,6,7,unambiguous,The patient reported that the treatment continued causing uncomfortable side effects like nausea.,6,10.506832122802734,10.506832122802734,uncomfortable,uncomfortable,8
127,19,NPZ_UAMB,7,7,unambiguous,"Before the patient called, the treatment continued causing uncomfortable side effects like nausea.",6,6.890318870544434,6.890318870544434,continued,continued,6
127,19,NPZ_UAMB,7,7,unambiguous,"Before the patient called, the treatment continued causing uncomfortable side effects like nausea.",6,9.734971046447754,9.734971046447754,causing,causing,7
127,19,NPZ_UAMB,7,7,unambiguous,"Before the patient called, the treatment continued causing uncomfortable side effects like nausea.",6,10.544843673706055,10.544843673706055,uncomfortable,uncomfortable,8
128,19,MVRR_UAMB,6,8,unambiguous,The patient who was refused the treatment continued causing uncomfortable scenes in the ER.,7,8.260162353515625,8.260162353515625,continued,continued,7
128,19,MVRR_UAMB,6,8,unambiguous,The patient who was refused the treatment continued causing uncomfortable scenes in the ER.,7,10.204534530639648,10.204534530639648,causing,causing,8
128,19,MVRR_UAMB,6,8,unambiguous,The patient who was refused the treatment continued causing uncomfortable scenes in the ER.,7,10.77812671661377,10.77812671661377,uncomfortable,uncomfortable,9
129,20,NPS_UAMB,6,7,unambiguous,The operator observed that the machine started working efficiently all of a sudden.,6,6.575023174285889,6.575023174285889,started,started,6
129,20,NPS_UAMB,6,7,unambiguous,The operator observed that the machine started working efficiently all of a sudden.,6,4.399921417236328,4.399921417236328,working,working,7
129,20,NPS_UAMB,6,7,unambiguous,The operator observed that the machine started working efficiently all of a sudden.,6,8.732799530029297,8.732799530029297,efficiently,efficiently,8
130,20,NPZ_UAMB,7,7,unambiguous,"Once the operator stopped, the machine started working efficiently without any supervision.",6,5.469435691833496,5.469435691833496,started,started,6
130,20,NPZ_UAMB,7,7,unambiguous,"Once the operator stopped, the machine started working efficiently without any supervision.",6,4.804966449737549,4.804966449737549,working,working,7
130,20,NPZ_UAMB,7,7,unambiguous,"Once the operator stopped, the machine started working efficiently without any supervision.",6,9.550345420837402,9.550345420837402,efficiently,efficiently,8
131,20,MVRR_UAMB,6,8,unambiguous,The operator who was brought the machine started working efficiently with the added automation.,7,7.401623725891113,7.401623725891113,started,started,7
131,20,MVRR_UAMB,6,8,unambiguous,The operator who was brought the machine started working efficiently with the added automation.,7,4.9434814453125,4.9434814453125,working,working,8
131,20,MVRR_UAMB,6,8,unambiguous,The operator who was brought the machine started working efficiently with the added automation.,7,10.594993591308594,10.594993591308594,efficiently,efficiently,9
132,21,NPS_UAMB,6,7,unambiguous,The dancer knew that the ballet achieved incredible success for a small local production.,6,8.625336647033691,8.625336647033691,achieved,achieved,6
132,21,NPS_UAMB,6,7,unambiguous,The dancer knew that the ballet achieved incredible success for a small local production.,6,9.53500747680664,9.53500747680664,incredible,incredible,7
132,21,NPS_UAMB,6,7,unambiguous,The dancer knew that the ballet achieved incredible success for a small local production.,6,1.3194266557693481,1.3194266557693481,success,success,8
133,21,NPZ_UAMB,7,7,unambiguous,"Once the dancer began, the ballet achieved incredible success for a show with a new performer.",6,7.7190704345703125,7.7190704345703125,achieved,achieved,6
133,21,NPZ_UAMB,7,7,unambiguous,"Once the dancer began, the ballet achieved incredible success for a show with a new performer.",6,9.839548110961914,9.839548110961914,incredible,incredible,7
133,21,NPZ_UAMB,7,7,unambiguous,"Once the dancer began, the ballet achieved incredible success for a show with a new performer.",6,0.9979147911071777,0.9979147911071777,success,success,8
134,21,MVRR_UAMB,6,8,unambiguous,The dancer who was assigned the ballet achieved incredible success for a new performer.,7,10.72646713256836,10.72646713256836,achieved,achieved,7
134,21,MVRR_UAMB,6,8,unambiguous,The dancer who was assigned the ballet achieved incredible success for a new performer.,7,11.582622528076172,11.582622528076172,incredible,incredible,8
134,21,MVRR_UAMB,6,8,unambiguous,The dancer who was assigned the ballet achieved incredible success for a new performer.,7,1.354490876197815,1.354490876197815,success,success,9
135,22,NPS_UAMB,6,7,unambiguous,The contestant revealed that the money became unavailable to him when the show\'s budget shrank.,6,7.708902359008789,7.708902359008789,became,became,6
135,22,NPS_UAMB,6,7,unambiguous,The contestant revealed that the money became unavailable to him when the show\'s budget shrank.,6,6.497193813323975,6.497193813323975,unavailable,unavailable,7
135,22,NPS_UAMB,6,7,unambiguous,The contestant revealed that the money became unavailable to him when the show\'s budget shrank.,6,2.783504009246826,2.783504009246826,to,to,8
136,22,NPZ_UAMB,7,7,unambiguous,"After the contestant lost, the money became unavailable despite his previous three wins in a row.",6,5.089459419250488,5.089459419250488,became,became,6
136,22,NPZ_UAMB,7,7,unambiguous,"After the contestant lost, the money became unavailable despite his previous three wins in a row.",6,5.0541486740112305,5.0541486740112305,unavailable,unavailable,7
136,22,NPZ_UAMB,7,7,unambiguous,"After the contestant lost, the money became unavailable despite his previous three wins in a row.",6,7.906198978424072,7.906198978424072,despite,despite,8
137,22,MVRR_UAMB,6,8,unambiguous,The contestant who was paid the money became unavailable and suddenly terminated his contract.,7,7.064200401306152,7.064200401306152,became,became,7
137,22,MVRR_UAMB,6,8,unambiguous,The contestant who was paid the money became unavailable and suddenly terminated his contract.,7,7.261697769165039,7.261697769165039,unavailable,unavailable,8
137,22,MVRR_UAMB,6,8,unambiguous,The contestant who was paid the money became unavailable and suddenly terminated his contract.,7,2.6612119674682617,2.6612119674682617,and,and,9
138,23,NPS_UAMB,7,8,unambiguous,The new chef claimed that the restaurant separated mediocre cooks from gifted ones.,7,11.337178230285645,11.337178230285645,separated,separated,7
138,23,NPS_UAMB,7,8,unambiguous,The new chef claimed that the restaurant separated mediocre cooks from gifted ones.,7,15.535478591918945,15.535478591918945,mediocre,mediocre,8
138,23,NPS_UAMB,7,8,unambiguous,The new chef claimed that the restaurant separated mediocre cooks from gifted ones.,7,9.503223419189453,9.503223419189453,cooks,cooks,9
139,23,NPZ_UAMB,8,8,unambiguous,"Once the new chef started, the restaurant separated mediocre cooks from gifted ones.",7,9.955255508422852,9.955255508422852,separated,separated,7
139,23,NPZ_UAMB,8,8,unambiguous,"Once the new chef started, the restaurant separated mediocre cooks from gifted ones.",7,15.838860511779785,15.838860511779785,mediocre,mediocre,8
139,23,NPZ_UAMB,8,8,unambiguous,"Once the new chef started, the restaurant separated mediocre cooks from gifted ones.",7,9.435245513916016,9.435245513916016,cooks,cooks,9
140,23,MVRR_UAMB,7,9,unambiguous,The new chef who was offered the restaurant separated mediocre cooks from gifted ones.,8,13.577621459960938,13.577621459960938,separated,separated,8
140,23,MVRR_UAMB,7,9,unambiguous,The new chef who was offered the restaurant separated mediocre cooks from gifted ones.,8,18.130680084228516,18.130680084228516,mediocre,mediocre,9
140,23,MVRR_UAMB,7,9,unambiguous,The new chef who was offered the restaurant separated mediocre cooks from gifted ones.,8,10.516739845275879,10.516739845275879,cooks,cooks,10
141,24,NPS_UAMB,7,8,unambiguous,The apprentice baker discovered that the oven produced smaller cakes because it heated too fast.,7,7.349222183227539,7.349222183227539,produced,produced,7
141,24,NPS_UAMB,7,8,unambiguous,The apprentice baker discovered that the oven produced smaller cakes because it heated too fast.,7,9.19631290435791,9.19631290435791,smaller,smaller,8
141,24,NPS_UAMB,7,8,unambiguous,The apprentice baker discovered that the oven produced smaller cakes because it heated too fast.,7,5.850942611694336,5.850942611694336,cakes,cakes,9
142,24,NPZ_UAMB,8,8,unambiguous,"When the apprentice baker worked, the oven produced smaller cakes because he lacked experience.",7,6.886296272277832,6.886296272277832,produced,produced,7
142,24,NPZ_UAMB,8,8,unambiguous,"When the apprentice baker worked, the oven produced smaller cakes because he lacked experience.",7,8.197978973388672,8.197978973388672,smaller,smaller,8
142,24,NPZ_UAMB,8,8,unambiguous,"When the apprentice baker worked, the oven produced smaller cakes because he lacked experience.",7,5.585330486297607,5.585330486297607,cakes,cakes,9
143,24,MVRR_UAMB,7,9,unambiguous,The apprentice baker who was assigned the oven produced smaller cakes because he lacked experience.,8,8.676140785217285,8.676140785217285,produced,produced,8
143,24,MVRR_UAMB,7,9,unambiguous,The apprentice baker who was assigned the oven produced smaller cakes because he lacked experience.,8,9.860024452209473,9.860024452209473,smaller,smaller,9
143,24,MVRR_UAMB,7,9,unambiguous,The apprentice baker who was assigned the oven produced smaller cakes because he lacked experience.,8,4.946552276611328,4.946552276611328,cakes,cakes,10
