,item,condition,disambPositionAmb,disambPositionUnamb,ambiguity,Sentence,disambPosition_0idx,token,word,word_pos,sumsurprisal,meansurprisal
0,1,NPS_UAMB,6,7,ambiguous,The suspect showed the file deserved further investigation during the murder trial.,5,deserved,deserved,5,15.767666816711426,15.767666816711426
0,1,NPS_UAMB,6,7,ambiguous,The suspect showed the file deserved further investigation during the murder trial.,5,further,further,6,5.762569904327393,5.762569904327393
0,1,NPS_UAMB,6,7,ambiguous,The suspect showed the file deserved further investigation during the murder trial.,5,investigation,investigation,7,0.41455745697021484,0.41455745697021484
1,1,NPZ_UAMB,7,7,ambiguous,Because the suspect changed the file deserved further investigation during the jury discussions.,6,deserved,deserved,6,16.977724075317383,16.977724075317383
1,1,NPZ_UAMB,7,7,ambiguous,Because the suspect changed the file deserved further investigation during the jury discussions.,6,further,further,7,5.884032726287842,5.884032726287842
1,1,NPZ_UAMB,7,7,ambiguous,Because the suspect changed the file deserved further investigation during the jury discussions.,6,investigation,investigation,8,0.3916586935520172,0.3916586935520172
2,1,MVRR_UAMB,6,8,ambiguous,The suspect sent the file deserved further investigation given the new evidence.,5,deserved,deserved,5,15.563657760620117,15.563657760620117
2,1,MVRR_UAMB,6,8,ambiguous,The suspect sent the file deserved further investigation given the new evidence.,5,further,further,6,8.213208198547363,8.213208198547363
2,1,MVRR_UAMB,6,8,ambiguous,The suspect sent the file deserved further investigation given the new evidence.,5,investigation,investigation,7,0.6101205348968506,0.6101205348968506
3,2,NPS_UAMB,7,8,ambiguous,The corrupt politician mentioned the bill received unwelcome attention from southern voters.,6,received,received,6,8.272783279418945,8.272783279418945
3,2,NPS_UAMB,7,8,ambiguous,The corrupt politician mentioned the bill received unwelcome attention from southern voters.,6,unwelcome,unwelcome,7,11.688882827758789,11.688882827758789
3,2,NPS_UAMB,7,8,ambiguous,The corrupt politician mentioned the bill received unwelcome attention from southern voters.,6,attention,attention,8,0.6363818049430847,0.6363818049430847
4,2,NPZ_UAMB,8,8,ambiguous,After the corrupt politician signed the bill received unwelcome attention from southern voters.,7,received,received,7,11.284024238586426,11.284024238586426
4,2,NPZ_UAMB,8,8,ambiguous,After the corrupt politician signed the bill received unwelcome attention from southern voters.,7,unwelcome,unwelcome,8,10.64206314086914,10.64206314086914
4,2,NPZ_UAMB,8,8,ambiguous,After the corrupt politician signed the bill received unwelcome attention from southern voters.,7,attention,attention,9,1.8817654848098755,1.8817654848098755
5,2,MVRR_UAMB,7,9,ambiguous,The corrupt politician handed the bill received unwelcome attention from southern voters.,6,received,received,6,12.77747631072998,12.77747631072998
5,2,MVRR_UAMB,7,9,ambiguous,The corrupt politician handed the bill received unwelcome attention from southern voters.,6,unwelcome,unwelcome,7,11.308897972106934,11.308897972106934
5,2,MVRR_UAMB,7,9,ambiguous,The corrupt politician handed the bill received unwelcome attention from southern voters.,6,attention,attention,8,1.7151644229888916,1.7151644229888916
6,3,NPS_UAMB,6,7,ambiguous,The woman maintained the mail disappeared mysteriously from her front porch.,5,disappeared,disappeared,5,9.357486724853516,9.357486724853516
6,3,NPS_UAMB,6,7,ambiguous,The woman maintained the mail disappeared mysteriously from her front porch.,5,mysteriously,mysteriously,6,8.577988624572754,8.577988624572754
6,3,NPS_UAMB,6,7,ambiguous,The woman maintained the mail disappeared mysteriously from her front porch.,5,from,from,7,2.4920034408569336,2.4920034408569336
7,3,NPZ_UAMB,7,7,ambiguous,After the woman moved the mail disappeared mysteriously from the delivery system.,6,disappeared,disappeared,6,13.638331413269043,13.638331413269043
7,3,NPZ_UAMB,7,7,ambiguous,After the woman moved the mail disappeared mysteriously from the delivery system.,6,mysteriously,mysteriously,7,8.457489967346191,8.457489967346191
7,3,NPZ_UAMB,7,7,ambiguous,After the woman moved the mail disappeared mysteriously from the delivery system.,6,from,from,8,2.5695619583129883,2.5695619583129883
8,3,MVRR_UAMB,6,8,ambiguous,The woman brought the mail disappeared mysteriously after reading the bad news in it.,5,disappeared,disappeared,5,14.259594917297363,14.259594917297363
8,3,MVRR_UAMB,6,8,ambiguous,The woman brought the mail disappeared mysteriously after reading the bad news in it.,5,mysteriously,mysteriously,6,8.99626350402832,8.99626350402832
8,3,MVRR_UAMB,6,8,ambiguous,The woman brought the mail disappeared mysteriously after reading the bad news in it.,5,after,after,7,4.021275520324707,4.021275520324707
9,4,NPS_UAMB,6,7,ambiguous,The boy found the chicken stayed surprisingly happy in the new barn.,5,stayed,stayed,5,11.93278980255127,11.93278980255127
9,4,NPS_UAMB,6,7,ambiguous,The boy found the chicken stayed surprisingly happy in the new barn.,5,surprisingly,surprisingly,6,9.719557762145996,9.719557762145996
9,4,NPS_UAMB,6,7,ambiguous,The boy found the chicken stayed surprisingly happy in the new barn.,5,happy,happy,7,4.8712897300720215,4.8712897300720215
10,4,NPZ_UAMB,7,7,ambiguous,Although the boy attacked the chicken stayed surprisingly happy as if nothing happened.,6,stayed,stayed,6,12.671438217163086,12.671438217163086
10,4,NPZ_UAMB,7,7,ambiguous,Although the boy attacked the chicken stayed surprisingly happy as if nothing happened.,6,surprisingly,surprisingly,7,10.84516716003418,10.84516716003418
10,4,NPZ_UAMB,7,7,ambiguous,Although the boy attacked the chicken stayed surprisingly happy as if nothing happened.,6,happy,happy,8,5.9543585777282715,5.9543585777282715
11,4,MVRR_UAMB,6,8,ambiguous,The boy fed the chicken stayed surprisingly happy despite having a mild allergic reaction.,5,stayed,stayed,5,11.714987754821777,11.714987754821777
11,4,MVRR_UAMB,6,8,ambiguous,The boy fed the chicken stayed surprisingly happy despite having a mild allergic reaction.,5,surprisingly,surprisingly,6,10.472635269165039,10.472635269165039
11,4,MVRR_UAMB,6,8,ambiguous,The boy fed the chicken stayed surprisingly happy despite having a mild allergic reaction.,5,happy,happy,7,3.419570207595825,3.419570207595825
12,5,NPS_UAMB,7,8,ambiguous,The new doctor demonstrated the operation appeared increasingly likely to succeed.,6,appeared,appeared,6,7.557821273803711,7.557821273803711
12,5,NPS_UAMB,7,8,ambiguous,The new doctor demonstrated the operation appeared increasingly likely to succeed.,6,increasingly,increasingly,7,9.242692947387695,9.242692947387695
12,5,NPS_UAMB,7,8,ambiguous,The new doctor demonstrated the operation appeared increasingly likely to succeed.,6,likely,likely,8,3.790635347366333,3.790635347366333
13,5,NPZ_UAMB,8,8,ambiguous,After the new doctor left the operation appeared increasingly likely to succeed.,7,appeared,appeared,7,11.436391830444336,11.436391830444336
13,5,NPZ_UAMB,8,8,ambiguous,After the new doctor left the operation appeared increasingly likely to succeed.,7,increasingly,increasingly,8,7.627042293548584,7.627042293548584
13,5,NPZ_UAMB,8,8,ambiguous,After the new doctor left the operation appeared increasingly likely to succeed.,7,likely,likely,9,5.204629898071289,5.204629898071289
14,5,MVRR_UAMB,7,9,ambiguous,The new doctor offered the operation appeared increasingly likely to succeed in her career.,6,appeared,appeared,6,10.36905574798584,10.36905574798584
14,5,MVRR_UAMB,7,9,ambiguous,The new doctor offered the operation appeared increasingly likely to succeed in her career.,6,increasingly,increasingly,7,8.445392608642578,8.445392608642578
14,5,MVRR_UAMB,7,9,ambiguous,The new doctor offered the operation appeared increasingly likely to succeed in her career.,6,likely,likely,8,4.2714385986328125,4.2714385986328125
15,6,NPS_UAMB,6,7,ambiguous,The professor noticed the grant gained more attention from marine biologists.,5,gained,gained,5,11.49642562866211,11.49642562866211
15,6,NPS_UAMB,6,7,ambiguous,The professor noticed the grant gained more attention from marine biologists.,5,more,more,6,2.605109691619873,2.605109691619873
15,6,NPS_UAMB,6,7,ambiguous,The professor noticed the grant gained more attention from marine biologists.,5,attention,attention,7,1.9033174514770508,1.9033174514770508
16,6,NPZ_UAMB,7,7,ambiguous,After the professor read the grant gained more attention due to her excellent description.,6,gained,gained,6,16.148954391479492,16.148954391479492
16,6,NPZ_UAMB,7,7,ambiguous,After the professor read the grant gained more attention due to her excellent description.,6,more,more,7,3.831115961074829,3.831115961074829
16,6,NPZ_UAMB,7,7,ambiguous,After the professor read the grant gained more attention due to her excellent description.,6,attention,attention,8,2.3507776260375977,2.3507776260375977
17,6,MVRR_UAMB,6,8,ambiguous,The professor awarded the grant gained more attention from marine biologists.,5,gained,gained,5,13.66481876373291,13.66481876373291
17,6,MVRR_UAMB,6,8,ambiguous,The professor awarded the grant gained more attention from marine biologists.,5,more,more,6,4.490157127380371,4.490157127380371
17,6,MVRR_UAMB,6,8,ambiguous,The professor awarded the grant gained more attention from marine biologists.,5,attention,attention,7,2.999514579772949,2.999514579772949
18,7,NPS_UAMB,6,7,ambiguous,The technician reported the service stopped working almost immediately after the storm started.,5,stopped,stopped,5,6.61911153793335,6.61911153793335
18,7,NPS_UAMB,6,7,ambiguous,The technician reported the service stopped working almost immediately after the storm started.,5,working,working,6,3.2007534503936768,3.2007534503936768
18,7,NPS_UAMB,6,7,ambiguous,The technician reported the service stopped working almost immediately after the storm started.,5,almost,almost,7,7.1253767013549805,7.1253767013549805
19,7,NPZ_UAMB,7,7,ambiguous,After the technician called the service stopped working almost immediately to his surprise.,6,stopped,stopped,6,10.549140930175781,10.549140930175781
19,7,NPZ_UAMB,7,7,ambiguous,After the technician called the service stopped working almost immediately to his surprise.,6,working,working,7,2.7210850715637207,2.7210850715637207
19,7,NPZ_UAMB,7,7,ambiguous,After the technician called the service stopped working almost immediately to his surprise.,6,almost,almost,8,8.388087272644043,8.388087272644043
20,7,MVRR_UAMB,6,8,ambiguous,The technician refused the service stopped working almost immediately after the argument.,5,stopped,stopped,5,12.248739242553711,12.248739242553711
20,7,MVRR_UAMB,6,8,ambiguous,The technician refused the service stopped working almost immediately after the argument.,5,working,working,6,4.3618011474609375,4.3618011474609375
20,7,MVRR_UAMB,6,8,ambiguous,The technician refused the service stopped working almost immediately after the argument.,5,almost,almost,7,8.527624130249023,8.527624130249023
21,8,NPS_UAMB,6,7,ambiguous,The mechanic observed the truck needed several more hours to be repaired.,5,needed,needed,5,9.836556434631348,9.836556434631348
21,8,NPS_UAMB,6,7,ambiguous,The mechanic observed the truck needed several more hours to be repaired.,5,several,several,6,4.997412204742432,4.997412204742432
21,8,NPS_UAMB,6,7,ambiguous,The mechanic observed the truck needed several more hours to be repaired.,5,more,more,7,2.3223705291748047,2.3223705291748047
22,8,NPZ_UAMB,7,7,ambiguous,Because the mechanic stopped the truck needed several more hours before it could be fully repaired.,6,needed,needed,6,11.733196258544922,11.733196258544922
22,8,NPZ_UAMB,7,7,ambiguous,Because the mechanic stopped the truck needed several more hours before it could be fully repaired.,6,several,several,7,5.908995151519775,5.908995151519775
22,8,NPZ_UAMB,7,7,ambiguous,Because the mechanic stopped the truck needed several more hours before it could be fully repaired.,6,more,more,8,1.814318060874939,1.814318060874939
23,8,MVRR_UAMB,6,8,ambiguous,The mechanic brought the truck needed several more hours to fully repair it.,5,needed,needed,5,11.923084259033203,11.923084259033203
23,8,MVRR_UAMB,6,8,ambiguous,The mechanic brought the truck needed several more hours to fully repair it.,5,several,several,6,5.8722028732299805,5.8722028732299805
23,8,MVRR_UAMB,6,8,ambiguous,The mechanic brought the truck needed several more hours to fully repair it.,5,more,more,7,2.8768813610076904,2.8768813610076904
24,9,NPS_UAMB,6,7,ambiguous,The guitarist knew the song failed dramatically because of the tensions within the band.,5,failed,failed,5,11.34477424621582,11.34477424621582
24,9,NPS_UAMB,6,7,ambiguous,The guitarist knew the song failed dramatically because of the tensions within the band.,5,dramatically,dramatically,6,10.88665771484375,10.88665771484375
24,9,NPS_UAMB,6,7,ambiguous,The guitarist knew the song failed dramatically because of the tensions within the band.,5,because,because,7,2.9247164726257324,2.9247164726257324
25,9,NPZ_UAMB,7,7,ambiguous,After the guitarist began the song failed dramatically because he skipped the sound check.,6,failed,failed,6,13.408976554870605,13.408976554870605
25,9,NPZ_UAMB,7,7,ambiguous,After the guitarist began the song failed dramatically because he skipped the sound check.,6,dramatically,dramatically,7,10.288217544555664,10.288217544555664
25,9,NPZ_UAMB,7,7,ambiguous,After the guitarist began the song failed dramatically because he skipped the sound check.,6,because,because,8,5.034738540649414,5.034738540649414
26,9,MVRR_UAMB,6,8,ambiguous,The guitarist assigned the song failed dramatically because he never practiced enough.,5,failed,failed,5,13.207335472106934,13.207335472106934
26,9,MVRR_UAMB,6,8,ambiguous,The guitarist assigned the song failed dramatically because he never practiced enough.,5,dramatically,dramatically,6,11.006148338317871,11.006148338317871
26,9,MVRR_UAMB,6,8,ambiguous,The guitarist assigned the song failed dramatically because he never practiced enough.,5,because,because,7,4.662006378173828,4.662006378173828
27,10,NPS_UAMB,6,7,ambiguous,The player revealed the bonus remained essentially the same as in the original contract.,5,remained,remained,5,10.624113082885742,10.624113082885742
27,10,NPS_UAMB,6,7,ambiguous,The player revealed the bonus remained essentially the same as in the original contract.,5,essentially,essentially,6,7.6719970703125,7.6719970703125
27,10,NPS_UAMB,6,7,ambiguous,The player revealed the bonus remained essentially the same as in the original contract.,5,the,the,7,1.2266724109649658,1.2266724109649658
28,10,NPZ_UAMB,7,7,ambiguous,Although the player lost the bonus remained essentially the same as in the original contract.,6,remained,remained,6,12.579163551330566,12.579163551330566
28,10,NPZ_UAMB,7,7,ambiguous,Although the player lost the bonus remained essentially the same as in the original contract.,6,essentially,essentially,7,7.8396406173706055,7.8396406173706055
28,10,NPZ_UAMB,7,7,ambiguous,Although the player lost the bonus remained essentially the same as in the original contract.,6,the,the,8,1.3383893966674805,1.3383893966674805
29,10,MVRR_UAMB,6,8,ambiguous,The player paid the bonus remained essentially the same despite his sudden fame and wealth.,5,remained,remained,5,12.698626518249512,12.698626518249512
29,10,MVRR_UAMB,6,8,ambiguous,The player paid the bonus remained essentially the same despite his sudden fame and wealth.,5,essentially,essentially,6,8.493121147155762,8.493121147155762
29,10,MVRR_UAMB,6,8,ambiguous,The player paid the bonus remained essentially the same despite his sudden fame and wealth.,5,the,the,7,1.1962358951568604,1.1962358951568604
30,11,NPS_UAMB,7,8,ambiguous,The recent hire claimed the job prepared many students for careers in media.,6,prepared,prepared,6,11.188840866088867,11.188840866088867
30,11,NPS_UAMB,7,8,ambiguous,The recent hire claimed the job prepared many students for careers in media.,6,many,many,7,6.488736152648926,6.488736152648926
30,11,NPS_UAMB,7,8,ambiguous,The recent hire claimed the job prepared many students for careers in media.,6,students,students,8,4.458367347717285,4.458367347717285
31,11,NPZ_UAMB,8,8,ambiguous,Once the recent hire started the job prepared many students for careers in media.,7,prepared,prepared,7,11.778237342834473,11.778237342834473
31,11,NPZ_UAMB,8,8,ambiguous,Once the recent hire started the job prepared many students for careers in media.,7,many,many,8,6.773449420928955,6.773449420928955
31,11,NPZ_UAMB,8,8,ambiguous,Once the recent hire started the job prepared many students for careers in media.,7,students,students,9,5.201282501220703,5.201282501220703
32,11,MVRR_UAMB,7,9,ambiguous,The recent hire offered the job prepared many students for careers in media.,6,prepared,prepared,6,12.502032279968262,12.502032279968262
32,11,MVRR_UAMB,7,9,ambiguous,The recent hire offered the job prepared many students for careers in media.,6,many,many,7,7.415028095245361,7.415028095245361
32,11,MVRR_UAMB,7,9,ambiguous,The recent hire offered the job prepared many students for careers in media.,6,students,students,8,4.803718566894531,4.803718566894531
33,12,NPS_UAMB,7,8,ambiguous,The assistant manager discovered the training seemed unnecessarily demanding for new staff.,6,seemed,seemed,6,10.026407241821289,10.026407241821289
33,12,NPS_UAMB,7,8,ambiguous,The assistant manager discovered the training seemed unnecessarily demanding for new staff.,6,unnecessarily,unnecessarily,7,7.566680908203125,7.566680908203125
33,12,NPS_UAMB,7,8,ambiguous,The assistant manager discovered the training seemed unnecessarily demanding for new staff.,6,demanding,demanding,8,4.228915691375732,4.228915691375732
34,12,NPZ_UAMB,8,8,ambiguous,While the assistant manager worked the training seemed unnecessarily demanding to him.,7,seemed,seemed,7,13.847606658935547,13.847606658935547
34,12,NPZ_UAMB,8,8,ambiguous,While the assistant manager worked the training seemed unnecessarily demanding to him.,7,unnecessarily,unnecessarily,8,8.707962989807129,8.707962989807129
34,12,NPZ_UAMB,8,8,ambiguous,While the assistant manager worked the training seemed unnecessarily demanding to him.,7,demanding,demanding,9,4.188765048980713,4.188765048980713
35,12,MVRR_UAMB,7,9,ambiguous,The assistant manager assigned the training seemed unnecessarily demanding to new staff.,6,seemed,seemed,6,11.67125129699707,11.67125129699707
35,12,MVRR_UAMB,7,9,ambiguous,The assistant manager assigned the training seemed unnecessarily demanding to new staff.,6,unnecessarily,unnecessarily,7,9.380810737609863,9.380810737609863
35,12,MVRR_UAMB,7,9,ambiguous,The assistant manager assigned the training seemed unnecessarily demanding to new staff.,6,demanding,demanding,8,4.691110610961914,4.691110610961914
36,13,NPS_UAMB,6,7,ambiguous,The mayor showed the document provided sufficient evidence to prove her innocence.,5,provided,provided,5,8.478772163391113,8.478772163391113
36,13,NPS_UAMB,6,7,ambiguous,The mayor showed the document provided sufficient evidence to prove her innocence.,5,sufficient,sufficient,6,12.596783638000488,12.596783638000488
36,13,NPS_UAMB,6,7,ambiguous,The mayor showed the document provided sufficient evidence to prove her innocence.,5,evidence,evidence,7,0.8655136227607727,0.8655136227607727
37,13,NPZ_UAMB,7,7,ambiguous,Although the mayor changed the document provided sufficient evidence for what he had promised.,6,provided,provided,6,9.656536102294922,9.656536102294922
37,13,NPZ_UAMB,7,7,ambiguous,Although the mayor changed the document provided sufficient evidence for what he had promised.,6,sufficient,sufficient,7,10.91049575805664,10.91049575805664
37,13,NPZ_UAMB,7,7,ambiguous,Although the mayor changed the document provided sufficient evidence for what he had promised.,6,evidence,evidence,8,1.6946014165878296,1.6946014165878296
38,13,MVRR_UAMB,6,8,ambiguous,The mayor sent the document provided sufficient evidence that it was simply blackmail.,5,provided,provided,5,10.939430236816406,10.939430236816406
38,13,MVRR_UAMB,6,8,ambiguous,The mayor sent the document provided sufficient evidence that it was simply blackmail.,5,sufficient,sufficient,6,15.23676872253418,15.23676872253418
38,13,MVRR_UAMB,6,8,ambiguous,The mayor sent the document provided sufficient evidence that it was simply blackmail.,5,evidence,evidence,7,1.605129361152649,1.605129361152649
39,14,NPS_UAMB,7,8,ambiguous,The basketball player mentioned the contract created another controversy in the NBA.,6,created,created,6,9.739933013916016,9.739933013916016
39,14,NPS_UAMB,7,8,ambiguous,The basketball player mentioned the contract created another controversy in the NBA.,6,another,another,7,7.2686333656311035,7.2686333656311035
39,14,NPS_UAMB,7,8,ambiguous,The basketball player mentioned the contract created another controversy in the NBA.,6,controversy,controversy,8,3.597855806350708,3.597855806350708
40,14,NPZ_UAMB,8,8,ambiguous,After the basketball player signed the contract created another controversy in the NBA.,7,created,created,7,12.352008819580078,12.352008819580078
40,14,NPZ_UAMB,8,8,ambiguous,After the basketball player signed the contract created another controversy in the NBA.,7,another,another,8,6.407565593719482,6.407565593719482
40,14,NPZ_UAMB,8,8,ambiguous,After the basketball player signed the contract created another controversy in the NBA.,7,controversy,controversy,9,3.229463815689087,3.229463815689087
41,14,MVRR_UAMB,7,9,ambiguous,The basketball player handed the contract created another controversy in the NBA.,6,created,created,6,14.524259567260742,14.524259567260742
41,14,MVRR_UAMB,7,9,ambiguous,The basketball player handed the contract created another controversy in the NBA.,6,another,another,7,6.66433572769165,6.66433572769165
41,14,MVRR_UAMB,7,9,ambiguous,The basketball player handed the contract created another controversy in the NBA.,6,controversy,controversy,8,3.9861905574798584,3.9861905574798584
42,15,NPS_UAMB,6,7,ambiguous,The engineer maintained the equipment required constant supervision from senior technicians.,5,required,required,5,6.244046211242676,6.244046211242676
42,15,NPS_UAMB,6,7,ambiguous,The engineer maintained the equipment required constant supervision from senior technicians.,5,constant,constant,6,12.067782402038574,12.067782402038574
42,15,NPS_UAMB,6,7,ambiguous,The engineer maintained the equipment required constant supervision from senior technicians.,5,supervision,supervision,7,5.474916458129883,5.474916458129883
43,15,NPZ_UAMB,7,7,ambiguous,After the engineer moved the equipment required constant supervision from senior technicians.,6,required,required,6,9.256623268127441,9.256623268127441
43,15,NPZ_UAMB,7,7,ambiguous,After the engineer moved the equipment required constant supervision from senior technicians.,6,constant,constant,7,12.469549179077148,12.469549179077148
43,15,NPZ_UAMB,7,7,ambiguous,After the engineer moved the equipment required constant supervision from senior technicians.,6,supervision,supervision,8,5.0415263175964355,5.0415263175964355
44,15,MVRR_UAMB,6,8,ambiguous,The engineer brought the equipment required constant supervision from senior technicians.,5,required,required,5,8.982234954833984,8.982234954833984
44,15,MVRR_UAMB,6,8,ambiguous,The engineer brought the equipment required constant supervision from senior technicians.,5,constant,constant,6,16.06110954284668,16.06110954284668
44,15,MVRR_UAMB,6,8,ambiguous,The engineer brought the equipment required constant supervision from senior technicians.,5,supervision,supervision,7,5.277681350708008,5.277681350708008
45,16,NPS_UAMB,7,8,ambiguous,The little girl found the lamb remained relatively calm despite the absence of its mother.,6,remained,remained,6,11.31726360321045,11.31726360321045
45,16,NPS_UAMB,7,8,ambiguous,The little girl found the lamb remained relatively calm despite the absence of its mother.,6,relatively,relatively,7,7.387588977813721,7.387588977813721
45,16,NPS_UAMB,7,8,ambiguous,The little girl found the lamb remained relatively calm despite the absence of its mother.,6,calm,calm,8,3.4084174633026123,3.4084174633026123
46,16,NPZ_UAMB,8,8,ambiguous,When the little girl attacked the lamb remained relatively calm despite the sudden assault.,7,remained,remained,7,11.235933303833008,11.235933303833008
46,16,NPZ_UAMB,8,8,ambiguous,When the little girl attacked the lamb remained relatively calm despite the sudden assault.,7,relatively,relatively,8,6.619246482849121,6.619246482849121
46,16,NPZ_UAMB,8,8,ambiguous,When the little girl attacked the lamb remained relatively calm despite the sudden assault.,7,calm,calm,9,1.27638840675354,1.27638840675354
47,16,MVRR_UAMB,7,9,ambiguous,The little girl fed the lamb remained relatively calm despite having asked for beef.,6,remained,remained,6,10.736302375793457,10.736302375793457
47,16,MVRR_UAMB,7,9,ambiguous,The little girl fed the lamb remained relatively calm despite having asked for beef.,6,relatively,relatively,7,7.529597282409668,7.529597282409668
47,16,MVRR_UAMB,7,9,ambiguous,The little girl fed the lamb remained relatively calm despite having asked for beef.,6,calm,calm,8,3.2542037963867188,3.2542037963867188
48,17,NPS_UAMB,7,8,ambiguous,The yoga instructor demonstrated the position demanded immense physical effort from everyone.,6,demanded,demanded,6,12.837252616882324,12.837252616882324
48,17,NPS_UAMB,7,8,ambiguous,The yoga instructor demonstrated the position demanded immense physical effort from everyone.,6,immense,immense,7,16.614295959472656,16.614295959472656
48,17,NPS_UAMB,7,8,ambiguous,The yoga instructor demonstrated the position demanded immense physical effort from everyone.,6,physical,physical,8,3.38175368309021,3.38175368309021
49,17,NPZ_UAMB,8,8,ambiguous,Before the yoga instructor left the position demanded immense physical effort from everyone.,7,demanded,demanded,7,12.936455726623535,12.936455726623535
49,17,NPZ_UAMB,8,8,ambiguous,Before the yoga instructor left the position demanded immense physical effort from everyone.,7,immense,immense,8,12.503344535827637,12.503344535827637
49,17,NPZ_UAMB,8,8,ambiguous,Before the yoga instructor left the position demanded immense physical effort from everyone.,7,physical,physical,9,4.206737518310547,4.206737518310547
50,17,MVRR_UAMB,7,9,ambiguous,The yoga instructor offered the position demanded immense physical effort from everyone.,6,demanded,demanded,6,15.059111595153809,15.059111595153809
50,17,MVRR_UAMB,7,9,ambiguous,The yoga instructor offered the position demanded immense physical effort from everyone.,6,immense,immense,7,12.75233268737793,12.75233268737793
50,17,MVRR_UAMB,7,9,ambiguous,The yoga instructor offered the position demanded immense physical effort from everyone.,6,physical,physical,8,4.80924129486084,4.80924129486084
51,18,NPS_UAMB,6,7,ambiguous,The governor noticed the contract received sweeping support across the entire state.,5,received,received,5,7.6692705154418945,7.6692705154418945
51,18,NPS_UAMB,6,7,ambiguous,The governor noticed the contract received sweeping support across the entire state.,5,sweeping,sweeping,6,11.686216354370117,11.686216354370117
51,18,NPS_UAMB,6,7,ambiguous,The governor noticed the contract received sweeping support across the entire state.,5,support,support,7,4.740935325622559,4.740935325622559
52,18,NPZ_UAMB,7,7,ambiguous,While the governor read the contract received sweeping support from the audience at the rally.,6,received,received,6,9.07711124420166,9.07711124420166
52,18,NPZ_UAMB,7,7,ambiguous,While the governor read the contract received sweeping support from the audience at the rally.,6,sweeping,sweeping,7,14.107147216796875,14.107147216796875
52,18,NPZ_UAMB,7,7,ambiguous,While the governor read the contract received sweeping support from the audience at the rally.,6,support,support,8,3.913658618927002,3.913658618927002
53,18,MVRR_UAMB,6,8,ambiguous,The governor awarded the contract received sweeping support across the entire state.,5,received,received,5,11.838211059570312,11.838211059570312
53,18,MVRR_UAMB,6,8,ambiguous,The governor awarded the contract received sweeping support across the entire state.,5,sweeping,sweeping,6,14.778654098510742,14.778654098510742
53,18,MVRR_UAMB,6,8,ambiguous,The governor awarded the contract received sweeping support across the entire state.,5,support,support,7,3.3696537017822266,3.3696537017822266
54,19,NPS_UAMB,6,7,ambiguous,The patient reported the treatment continued causing uncomfortable side effects like nausea.,5,continued,continued,5,7.148395538330078,7.148395538330078
54,19,NPS_UAMB,6,7,ambiguous,The patient reported the treatment continued causing uncomfortable side effects like nausea.,5,causing,causing,6,9.331278800964355,9.331278800964355
54,19,NPS_UAMB,6,7,ambiguous,The patient reported the treatment continued causing uncomfortable side effects like nausea.,5,uncomfortable,uncomfortable,7,7.716597557067871,7.716597557067871
55,19,NPZ_UAMB,7,7,ambiguous,Before the patient called the treatment continued causing uncomfortable side effects like nausea.,6,continued,continued,6,11.659723281860352,11.659723281860352
55,19,NPZ_UAMB,7,7,ambiguous,Before the patient called the treatment continued causing uncomfortable side effects like nausea.,6,causing,causing,7,9.286662101745605,9.286662101745605
55,19,NPZ_UAMB,7,7,ambiguous,Before the patient called the treatment continued causing uncomfortable side effects like nausea.,6,uncomfortable,uncomfortable,8,7.955596923828125,7.955596923828125
56,19,MVRR_UAMB,6,8,ambiguous,The patient refused the treatment continued causing uncomfortable scenes in the ER.,5,continued,continued,5,11.28976821899414,11.28976821899414
56,19,MVRR_UAMB,6,8,ambiguous,The patient refused the treatment continued causing uncomfortable scenes in the ER.,5,causing,causing,6,7.651545524597168,7.651545524597168
56,19,MVRR_UAMB,6,8,ambiguous,The patient refused the treatment continued causing uncomfortable scenes in the ER.,5,uncomfortable,uncomfortable,7,8.318689346313477,8.318689346313477
57,20,NPS_UAMB,6,7,ambiguous,The operator observed the machine started working efficiently all of a sudden.,5,started,started,5,7.149923324584961,7.149923324584961
57,20,NPS_UAMB,6,7,ambiguous,The operator observed the machine started working efficiently all of a sudden.,5,working,working,6,4.4982380867004395,4.4982380867004395
57,20,NPS_UAMB,6,7,ambiguous,The operator observed the machine started working efficiently all of a sudden.,5,efficiently,efficiently,7,8.093767166137695,8.093767166137695
58,20,NPZ_UAMB,7,7,ambiguous,Once the operator stopped the machine started working efficiently without any supervision.,6,started,started,6,8.941710472106934,8.941710472106934
58,20,NPZ_UAMB,7,7,ambiguous,Once the operator stopped the machine started working efficiently without any supervision.,6,working,working,7,3.91811466217041,3.91811466217041
58,20,NPZ_UAMB,7,7,ambiguous,Once the operator stopped the machine started working efficiently without any supervision.,6,efficiently,efficiently,8,8.46143913269043,8.46143913269043
59,20,MVRR_UAMB,6,8,ambiguous,The operator brought the machine started working efficiently with the added automation.,5,started,started,5,9.739419937133789,9.739419937133789
59,20,MVRR_UAMB,6,8,ambiguous,The operator brought the machine started working efficiently with the added automation.,5,working,working,6,3.8489890098571777,3.8489890098571777
59,20,MVRR_UAMB,6,8,ambiguous,The operator brought the machine started working efficiently with the added automation.,5,efficiently,efficiently,7,7.8528947830200195,7.8528947830200195
60,21,NPS_UAMB,6,7,ambiguous,The dancer knew the ballet achieved incredible success for a small local production.,5,achieved,achieved,5,12.102587699890137,12.102587699890137
60,21,NPS_UAMB,6,7,ambiguous,The dancer knew the ballet achieved incredible success for a small local production.,5,incredible,incredible,6,6.6701979637146,6.6701979637146
60,21,NPS_UAMB,6,7,ambiguous,The dancer knew the ballet achieved incredible success for a small local production.,5,success,success,7,1.319519281387329,1.319519281387329
61,21,NPZ_UAMB,7,7,ambiguous,Once the dancer began the ballet achieved incredible success for a show with a new performer.,6,achieved,achieved,6,14.92577075958252,14.92577075958252
61,21,NPZ_UAMB,7,7,ambiguous,Once the dancer began the ballet achieved incredible success for a show with a new performer.,6,incredible,incredible,7,5.585103988647461,5.585103988647461
61,21,NPZ_UAMB,7,7,ambiguous,Once the dancer began the ballet achieved incredible success for a show with a new performer.,6,success,success,8,2.320101022720337,2.320101022720337
62,21,MVRR_UAMB,6,8,ambiguous,The dancer assigned the ballet achieved incredible success for a new performer.,5,achieved,achieved,5,13.328666687011719,13.328666687011719
62,21,MVRR_UAMB,6,8,ambiguous,The dancer assigned the ballet achieved incredible success for a new performer.,5,incredible,incredible,6,6.398785591125488,6.398785591125488
62,21,MVRR_UAMB,6,8,ambiguous,The dancer assigned the ballet achieved incredible success for a new performer.,5,success,success,7,1.1638213396072388,1.1638213396072388
63,22,NPS_UAMB,6,7,ambiguous,The contestant revealed the money became unavailable to him when the show\'s budget shrank.,5,became,became,5,8.108734130859375,8.108734130859375
63,22,NPS_UAMB,6,7,ambiguous,The contestant revealed the money became unavailable to him when the show\'s budget shrank.,5,unavailable,unavailable,6,6.36575984954834,6.36575984954834
63,22,NPS_UAMB,6,7,ambiguous,The contestant revealed the money became unavailable to him when the show\'s budget shrank.,5,to,to,7,2.190248489379883,2.190248489379883
64,22,NPZ_UAMB,7,7,ambiguous,After the contestant lost the money became unavailable despite his previous three wins in a row.,6,became,became,6,11.737671852111816,11.737671852111816
64,22,NPZ_UAMB,7,7,ambiguous,After the contestant lost the money became unavailable despite his previous three wins in a row.,6,unavailable,unavailable,7,5.932507514953613,5.932507514953613
64,22,NPZ_UAMB,7,7,ambiguous,After the contestant lost the money became unavailable despite his previous three wins in a row.,6,despite,despite,8,8.21931266784668,8.21931266784668
65,22,MVRR_UAMB,6,8,ambiguous,The contestant paid the money became unavailable and suddenly terminated his contract.,5,became,became,5,13.225298881530762,13.225298881530762
65,22,MVRR_UAMB,6,8,ambiguous,The contestant paid the money became unavailable and suddenly terminated his contract.,5,unavailable,unavailable,6,6.167476177215576,6.167476177215576
65,22,MVRR_UAMB,6,8,ambiguous,The contestant paid the money became unavailable and suddenly terminated his contract.,5,and,and,7,2.5563406944274902,2.5563406944274902
66,23,NPS_UAMB,7,8,ambiguous,The new chef claimed the restaurant separated mediocre cooks from gifted ones.,6,separated,separated,6,12.493505477905273,12.493505477905273
66,23,NPS_UAMB,7,8,ambiguous,The new chef claimed the restaurant separated mediocre cooks from gifted ones.,6,mediocre,mediocre,7,12.416234016418457,12.416234016418457
66,23,NPS_UAMB,7,8,ambiguous,The new chef claimed the restaurant separated mediocre cooks from gifted ones.,6,cooks,cooks,8,5.432370185852051,5.432370185852051
67,23,NPZ_UAMB,8,8,ambiguous,Once the new chef started the restaurant separated mediocre cooks from gifted ones.,7,separated,separated,7,14.025350570678711,14.025350570678711
67,23,NPZ_UAMB,8,8,ambiguous,Once the new chef started the restaurant separated mediocre cooks from gifted ones.,7,mediocre,mediocre,8,13.938952445983887,13.938952445983887
67,23,NPZ_UAMB,8,8,ambiguous,Once the new chef started the restaurant separated mediocre cooks from gifted ones.,7,cooks,cooks,9,6.502287864685059,6.502287864685059
68,23,MVRR_UAMB,7,9,ambiguous,The new chef offered the restaurant separated mediocre cooks from gifted ones.,6,separated,separated,6,14.729826927185059,14.729826927185059
68,23,MVRR_UAMB,7,9,ambiguous,The new chef offered the restaurant separated mediocre cooks from gifted ones.,6,mediocre,mediocre,7,12.73132038116455,12.73132038116455
68,23,MVRR_UAMB,7,9,ambiguous,The new chef offered the restaurant separated mediocre cooks from gifted ones.,6,cooks,cooks,8,9.664006233215332,9.664006233215332
69,24,NPS_UAMB,7,8,ambiguous,The apprentice baker discovered the oven produced smaller cakes because it heated too fast.,6,produced,produced,6,9.557300567626953,9.557300567626953
69,24,NPS_UAMB,7,8,ambiguous,The apprentice baker discovered the oven produced smaller cakes because it heated too fast.,6,smaller,smaller,7,7.888187408447266,7.888187408447266
69,24,NPS_UAMB,7,8,ambiguous,The apprentice baker discovered the oven produced smaller cakes because it heated too fast.,6,cakes,cakes,8,2.990596055984497,2.990596055984497
70,24,NPZ_UAMB,8,8,ambiguous,When the apprentice baker worked the oven produced smaller cakes because he lacked experience.,7,produced,produced,7,12.112655639648438,12.112655639648438
70,24,NPZ_UAMB,8,8,ambiguous,When the apprentice baker worked the oven produced smaller cakes because he lacked experience.,7,smaller,smaller,8,8.112358093261719,8.112358093261719
70,24,NPZ_UAMB,8,8,ambiguous,When the apprentice baker worked the oven produced smaller cakes because he lacked experience.,7,cakes,cakes,9,2.579482316970825,2.579482316970825
71,24,MVRR_UAMB,7,9,ambiguous,The apprentice baker assigned the oven produced smaller cakes because he lacked experience.,6,produced,produced,6,11.221492767333984,11.221492767333984
71,24,MVRR_UAMB,7,9,ambiguous,The apprentice baker assigned the oven produced smaller cakes because he lacked experience.,6,smaller,smaller,7,8.6593017578125,8.6593017578125
71,24,MVRR_UAMB,7,9,ambiguous,The apprentice baker assigned the oven produced smaller cakes because he lacked experience.,6,cakes,cakes,8,2.7418713569641113,2.7418713569641113
72,1,NPS_UAMB,6,7,unambiguous,The suspect showed that the file deserved further investigation during the murder trial.,6,deserved,deserved,6,11.82907485961914,11.82907485961914
72,1,NPS_UAMB,6,7,unambiguous,The suspect showed that the file deserved further investigation during the murder trial.,6,further,further,7,5.101396560668945,5.101396560668945
72,1,NPS_UAMB,6,7,unambiguous,The suspect showed that the file deserved further investigation during the murder trial.,6,investigation,investigation,8,0.40901440382003784,0.40901440382003784
73,1,NPZ_UAMB,7,7,unambiguous,"Because the suspect changed, the file deserved further investigation during the jury discussions.",6,deserved,deserved,6,12.937777519226074,12.937777519226074
73,1,NPZ_UAMB,7,7,unambiguous,"Because the suspect changed, the file deserved further investigation during the jury discussions.",6,further,further,7,5.0155487060546875,5.0155487060546875
73,1,NPZ_UAMB,7,7,unambiguous,"Because the suspect changed, the file deserved further investigation during the jury discussions.",6,investigation,investigation,8,0.693935215473175,0.693935215473175
74,1,MVRR_UAMB,6,8,unambiguous,The suspect who was sent the file deserved further investigation given the new evidence.,7,deserved,deserved,7,10.873537063598633,10.873537063598633
74,1,MVRR_UAMB,6,8,unambiguous,The suspect who was sent the file deserved further investigation given the new evidence.,7,further,further,8,7.287534236907959,7.287534236907959
74,1,MVRR_UAMB,6,8,unambiguous,The suspect who was sent the file deserved further investigation given the new evidence.,7,investigation,investigation,9,1.2595155239105225,1.2595155239105225
75,2,NPS_UAMB,7,8,unambiguous,The corrupt politician mentioned that the bill received unwelcome attention from southern voters.,7,received,received,7,7.333929061889648,7.333929061889648
75,2,NPS_UAMB,7,8,unambiguous,The corrupt politician mentioned that the bill received unwelcome attention from southern voters.,7,unwelcome,unwelcome,8,11.913524627685547,11.913524627685547
75,2,NPS_UAMB,7,8,unambiguous,The corrupt politician mentioned that the bill received unwelcome attention from southern voters.,7,attention,attention,9,0.579890787601471,0.579890787601471
76,2,NPZ_UAMB,8,8,unambiguous,"After the corrupt politician signed, the bill received unwelcome attention from southern voters.",7,received,received,7,5.463372230529785,5.463372230529785
76,2,NPZ_UAMB,8,8,unambiguous,"After the corrupt politician signed, the bill received unwelcome attention from southern voters.",7,unwelcome,unwelcome,8,11.101157188415527,11.101157188415527
76,2,NPZ_UAMB,8,8,unambiguous,"After the corrupt politician signed, the bill received unwelcome attention from southern voters.",7,attention,attention,9,0.8983386158943176,0.8983386158943176
77,2,MVRR_UAMB,7,9,unambiguous,The corrupt politician who was handed the bill received unwelcome attention from southern voters.,8,received,received,8,7.6172685623168945,7.6172685623168945
77,2,MVRR_UAMB,7,9,unambiguous,The corrupt politician who was handed the bill received unwelcome attention from southern voters.,8,unwelcome,unwelcome,9,10.692315101623535,10.692315101623535
77,2,MVRR_UAMB,7,9,unambiguous,The corrupt politician who was handed the bill received unwelcome attention from southern voters.,8,attention,attention,10,2.3486106395721436,2.3486106395721436
78,3,NPS_UAMB,6,7,unambiguous,The woman maintained that the mail disappeared mysteriously from her front porch.,6,disappeared,disappeared,6,8.19717025756836,8.19717025756836
78,3,NPS_UAMB,6,7,unambiguous,The woman maintained that the mail disappeared mysteriously from her front porch.,6,mysteriously,mysteriously,7,7.737873554229736,7.737873554229736
78,3,NPS_UAMB,6,7,unambiguous,The woman maintained that the mail disappeared mysteriously from her front porch.,6,from,from,8,2.1372907161712646,2.1372907161712646
79,3,NPZ_UAMB,7,7,unambiguous,"After the woman moved, the mail disappeared mysteriously from the delivery system.",6,disappeared,disappeared,6,6.000833034515381,6.000833034515381
79,3,NPZ_UAMB,7,7,unambiguous,"After the woman moved, the mail disappeared mysteriously from the delivery system.",6,mysteriously,mysteriously,7,8.148603439331055,8.148603439331055
79,3,NPZ_UAMB,7,7,unambiguous,"After the woman moved, the mail disappeared mysteriously from the delivery system.",6,from,from,8,2.636704921722412,2.636704921722412
80,3,MVRR_UAMB,6,8,unambiguous,The woman who was brought the mail disappeared mysteriously after reading the bad news in it.,7,disappeared,disappeared,7,8.576692581176758,8.576692581176758
80,3,MVRR_UAMB,6,8,unambiguous,The woman who was brought the mail disappeared mysteriously after reading the bad news in it.,7,mysteriously,mysteriously,8,7.575251579284668,7.575251579284668
80,3,MVRR_UAMB,6,8,unambiguous,The woman who was brought the mail disappeared mysteriously after reading the bad news in it.,7,after,after,9,3.397256851196289,3.397256851196289
81,4,NPS_UAMB,6,7,unambiguous,The boy found that the chicken stayed surprisingly happy in the new barn.,6,stayed,stayed,6,8.231562614440918,8.231562614440918
81,4,NPS_UAMB,6,7,unambiguous,The boy found that the chicken stayed surprisingly happy in the new barn.,6,surprisingly,surprisingly,7,9.374459266662598,9.374459266662598
81,4,NPS_UAMB,6,7,unambiguous,The boy found that the chicken stayed surprisingly happy in the new barn.,6,happy,happy,8,4.866664886474609,4.866664886474609
82,4,NPZ_UAMB,7,7,unambiguous,"Although the boy attacked, the chicken stayed surprisingly happy as if nothing happened.",6,stayed,stayed,6,5.984768867492676,5.984768867492676
82,4,NPZ_UAMB,7,7,unambiguous,"Although the boy attacked, the chicken stayed surprisingly happy as if nothing happened.",6,surprisingly,surprisingly,7,10.690664291381836,10.690664291381836
82,4,NPZ_UAMB,7,7,unambiguous,"Although the boy attacked, the chicken stayed surprisingly happy as if nothing happened.",6,happy,happy,8,5.683774948120117,5.683774948120117
83,4,MVRR_UAMB,6,8,unambiguous,The boy who was fed the chicken stayed surprisingly happy despite having a mild allergic reaction.,7,stayed,stayed,7,8.58193302154541,8.58193302154541
83,4,MVRR_UAMB,6,8,unambiguous,The boy who was fed the chicken stayed surprisingly happy despite having a mild allergic reaction.,7,surprisingly,surprisingly,8,10.857804298400879,10.857804298400879
83,4,MVRR_UAMB,6,8,unambiguous,The boy who was fed the chicken stayed surprisingly happy despite having a mild allergic reaction.,7,happy,happy,9,3.391204357147217,3.391204357147217
84,5,NPS_UAMB,7,8,unambiguous,The new doctor demonstrated that the operation appeared increasingly likely to succeed.,7,appeared,appeared,7,6.6984052658081055,6.6984052658081055
84,5,NPS_UAMB,7,8,unambiguous,The new doctor demonstrated that the operation appeared increasingly likely to succeed.,7,increasingly,increasingly,8,9.719505310058594,9.719505310058594
84,5,NPS_UAMB,7,8,unambiguous,The new doctor demonstrated that the operation appeared increasingly likely to succeed.,7,likely,likely,9,4.057024955749512,4.057024955749512
85,5,NPZ_UAMB,8,8,unambiguous,"After the new doctor left, the operation appeared increasingly likely to succeed.",7,appeared,appeared,7,6.259235858917236,6.259235858917236
85,5,NPZ_UAMB,8,8,unambiguous,"After the new doctor left, the operation appeared increasingly likely to succeed.",7,increasingly,increasingly,8,8.274947166442871,8.274947166442871
85,5,NPZ_UAMB,8,8,unambiguous,"After the new doctor left, the operation appeared increasingly likely to succeed.",7,likely,likely,9,4.339496612548828,4.339496612548828
86,5,MVRR_UAMB,7,9,unambiguous,The new doctor who was offered the operation appeared increasingly likely to succeed in her career.,8,appeared,appeared,8,6.342678070068359,6.342678070068359
86,5,MVRR_UAMB,7,9,unambiguous,The new doctor who was offered the operation appeared increasingly likely to succeed in her career.,8,increasingly,increasingly,9,8.620034217834473,8.620034217834473
86,5,MVRR_UAMB,7,9,unambiguous,The new doctor who was offered the operation appeared increasingly likely to succeed in her career.,8,likely,likely,10,7.169046401977539,7.169046401977539
87,6,NPS_UAMB,6,7,unambiguous,The professor noticed that the grant gained more attention from marine biologists.,6,gained,gained,6,11.470212936401367,11.470212936401367
87,6,NPS_UAMB,6,7,unambiguous,The professor noticed that the grant gained more attention from marine biologists.,6,more,more,7,2.3591079711914062,2.3591079711914062
87,6,NPS_UAMB,6,7,unambiguous,The professor noticed that the grant gained more attention from marine biologists.,6,attention,attention,8,2.167694568634033,2.167694568634033
88,6,NPZ_UAMB,7,7,unambiguous,"After the professor read, the grant gained more attention due to her excellent description.",6,gained,gained,6,11.451004028320312,11.451004028320312
88,6,NPZ_UAMB,7,7,unambiguous,"After the professor read, the grant gained more attention due to her excellent description.",6,more,more,7,3.192070245742798,3.192070245742798
88,6,NPZ_UAMB,7,7,unambiguous,"After the professor read, the grant gained more attention due to her excellent description.",6,attention,attention,8,2.4104197025299072,2.4104197025299072
89,6,MVRR_UAMB,6,8,unambiguous,The professor who was awarded the grant gained more attention from marine biologists.,7,gained,gained,7,9.940977096557617,9.940977096557617
89,6,MVRR_UAMB,6,8,unambiguous,The professor who was awarded the grant gained more attention from marine biologists.,7,more,more,8,4.0535807609558105,4.0535807609558105
89,6,MVRR_UAMB,6,8,unambiguous,The professor who was awarded the grant gained more attention from marine biologists.,7,attention,attention,9,3.751908779144287,3.751908779144287
90,7,NPS_UAMB,6,7,unambiguous,The technician reported that the service stopped working almost immediately after the storm started.,6,stopped,stopped,6,5.674706935882568,5.674706935882568
90,7,NPS_UAMB,6,7,unambiguous,The technician reported that the service stopped working almost immediately after the storm started.,6,working,working,7,2.4616875648498535,2.4616875648498535
90,7,NPS_UAMB,6,7,unambiguous,The technician reported that the service stopped working almost immediately after the storm started.,6,almost,almost,8,6.954104423522949,6.954104423522949
91,7,NPZ_UAMB,7,7,unambiguous,"After the technician called, the service stopped working almost immediately to his surprise.",6,stopped,stopped,6,5.549744606018066,5.549744606018066
91,7,NPZ_UAMB,7,7,unambiguous,"After the technician called, the service stopped working almost immediately to his surprise.",6,working,working,7,2.3584837913513184,2.3584837913513184
91,7,NPZ_UAMB,7,7,unambiguous,"After the technician called, the service stopped working almost immediately to his surprise.",6,almost,almost,8,8.443083763122559,8.443083763122559
92,7,MVRR_UAMB,6,8,unambiguous,The technician who was refused the service stopped working almost immediately after the argument.,7,stopped,stopped,7,7.216770648956299,7.216770648956299
92,7,MVRR_UAMB,6,8,unambiguous,The technician who was refused the service stopped working almost immediately after the argument.,7,working,working,8,2.5453803539276123,2.5453803539276123
92,7,MVRR_UAMB,6,8,unambiguous,The technician who was refused the service stopped working almost immediately after the argument.,7,almost,almost,9,8.184487342834473,8.184487342834473
93,8,NPS_UAMB,6,7,unambiguous,The mechanic observed that the truck needed several more hours to be repaired.,6,needed,needed,6,6.5630083084106445,6.5630083084106445
93,8,NPS_UAMB,6,7,unambiguous,The mechanic observed that the truck needed several more hours to be repaired.,6,several,several,7,5.0604071617126465,5.0604071617126465
93,8,NPS_UAMB,6,7,unambiguous,The mechanic observed that the truck needed several more hours to be repaired.,6,more,more,8,2.4114983081817627,2.4114983081817627
94,8,NPZ_UAMB,7,7,unambiguous,"Because the mechanic stopped, the truck needed several more hours before it could be fully repaired.",6,needed,needed,6,7.989261627197266,7.989261627197266
94,8,NPZ_UAMB,7,7,unambiguous,"Because the mechanic stopped, the truck needed several more hours before it could be fully repaired.",6,several,several,7,5.918125629425049,5.918125629425049
94,8,NPZ_UAMB,7,7,unambiguous,"Because the mechanic stopped, the truck needed several more hours before it could be fully repaired.",6,more,more,8,1.3309082984924316,1.3309082984924316
95,8,MVRR_UAMB,6,8,unambiguous,The mechanic who was brought the truck needed several more hours to fully repair it.,7,needed,needed,7,7.1830363273620605,7.1830363273620605
95,8,MVRR_UAMB,6,8,unambiguous,The mechanic who was brought the truck needed several more hours to fully repair it.,7,several,several,8,5.250140190124512,5.250140190124512
95,8,MVRR_UAMB,6,8,unambiguous,The mechanic who was brought the truck needed several more hours to fully repair it.,7,more,more,9,2.9923129081726074,2.9923129081726074
96,9,NPS_UAMB,6,7,unambiguous,The guitarist knew that the song failed dramatically because of the tensions within the band.,6,failed,failed,6,9.327534675598145,9.327534675598145
96,9,NPS_UAMB,6,7,unambiguous,The guitarist knew that the song failed dramatically because of the tensions within the band.,6,dramatically,dramatically,7,10.75607967376709,10.75607967376709
96,9,NPS_UAMB,6,7,unambiguous,The guitarist knew that the song failed dramatically because of the tensions within the band.,6,because,because,8,2.555103063583374,2.555103063583374
97,9,NPZ_UAMB,7,7,unambiguous,"After the guitarist began, the song failed dramatically because he skipped the sound check.",6,failed,failed,6,7.063606262207031,7.063606262207031
97,9,NPZ_UAMB,7,7,unambiguous,"After the guitarist began, the song failed dramatically because he skipped the sound check.",6,dramatically,dramatically,7,8.978180885314941,8.978180885314941
97,9,NPZ_UAMB,7,7,unambiguous,"After the guitarist began, the song failed dramatically because he skipped the sound check.",6,because,because,8,4.640905380249023,4.640905380249023
98,9,MVRR_UAMB,6,8,unambiguous,The guitarist who was assigned the song failed dramatically because he never practiced enough.,7,failed,failed,7,9.387120246887207,9.387120246887207
98,9,MVRR_UAMB,6,8,unambiguous,The guitarist who was assigned the song failed dramatically because he never practiced enough.,7,dramatically,dramatically,8,10.660005569458008,10.660005569458008
98,9,MVRR_UAMB,6,8,unambiguous,The guitarist who was assigned the song failed dramatically because he never practiced enough.,7,because,because,9,5.058314800262451,5.058314800262451
99,10,NPS_UAMB,6,7,unambiguous,The player revealed that the bonus remained essentially the same as in the original contract.,6,remained,remained,6,8.222403526306152,8.222403526306152
99,10,NPS_UAMB,6,7,unambiguous,The player revealed that the bonus remained essentially the same as in the original contract.,6,essentially,essentially,7,7.2554168701171875,7.2554168701171875
99,10,NPS_UAMB,6,7,unambiguous,The player revealed that the bonus remained essentially the same as in the original contract.,6,the,the,8,1.1822465658187866,1.1822465658187866
100,10,NPZ_UAMB,7,7,unambiguous,"Although the player lost, the bonus remained essentially the same as in the original contract.",6,remained,remained,6,6.4204020500183105,6.4204020500183105
100,10,NPZ_UAMB,7,7,unambiguous,"Although the player lost, the bonus remained essentially the same as in the original contract.",6,essentially,essentially,7,7.836738586425781,7.836738586425781
100,10,NPZ_UAMB,7,7,unambiguous,"Although the player lost, the bonus remained essentially the same as in the original contract.",6,the,the,8,0.959480881690979,0.959480881690979
101,10,MVRR_UAMB,6,8,unambiguous,The player who was paid the bonus remained essentially the same despite his sudden fame and wealth.,7,remained,remained,7,8.396553993225098,8.396553993225098
101,10,MVRR_UAMB,6,8,unambiguous,The player who was paid the bonus remained essentially the same despite his sudden fame and wealth.,7,essentially,essentially,8,9.137198448181152,9.137198448181152
101,10,MVRR_UAMB,6,8,unambiguous,The player who was paid the bonus remained essentially the same despite his sudden fame and wealth.,7,the,the,9,1.389461636543274,1.389461636543274
102,11,NPS_UAMB,7,8,unambiguous,The recent hire claimed that the job prepared many students for careers in media.,7,prepared,prepared,7,10.325876235961914,10.325876235961914
102,11,NPS_UAMB,7,8,unambiguous,The recent hire claimed that the job prepared many students for careers in media.,7,many,many,8,6.287406921386719,6.287406921386719
102,11,NPS_UAMB,7,8,unambiguous,The recent hire claimed that the job prepared many students for careers in media.,7,students,students,9,4.0096235275268555,4.0096235275268555
103,11,NPZ_UAMB,8,8,unambiguous,"Once the recent hire started, the job prepared many students for careers in media.",7,prepared,prepared,7,9.7000732421875,9.7000732421875
103,11,NPZ_UAMB,8,8,unambiguous,"Once the recent hire started, the job prepared many students for careers in media.",7,many,many,8,5.340512752532959,5.340512752532959
103,11,NPZ_UAMB,8,8,unambiguous,"Once the recent hire started, the job prepared many students for careers in media.",7,students,students,9,4.8535332679748535,4.8535332679748535
104,11,MVRR_UAMB,7,9,unambiguous,The recent hire who was offered the job prepared many students for careers in media.,8,prepared,prepared,8,11.011284828186035,11.011284828186035
104,11,MVRR_UAMB,7,9,unambiguous,The recent hire who was offered the job prepared many students for careers in media.,8,many,many,9,5.76227331161499,5.76227331161499
104,11,MVRR_UAMB,7,9,unambiguous,The recent hire who was offered the job prepared many students for careers in media.,8,students,students,10,4.77306604385376,4.77306604385376
105,12,NPS_UAMB,7,8,unambiguous,The assistant manager discovered that the training seemed unnecessarily demanding for new staff.,7,seemed,seemed,7,8.330890655517578,8.330890655517578
105,12,NPS_UAMB,7,8,unambiguous,The assistant manager discovered that the training seemed unnecessarily demanding for new staff.,7,unnecessarily,unnecessarily,8,7.892662048339844,7.892662048339844
105,12,NPS_UAMB,7,8,unambiguous,The assistant manager discovered that the training seemed unnecessarily demanding for new staff.,7,demanding,demanding,9,4.042156219482422,4.042156219482422
106,12,NPZ_UAMB,8,8,unambiguous,"While the assistant manager worked, the training seemed unnecessarily demanding to him.",7,seemed,seemed,7,7.083477973937988,7.083477973937988
106,12,NPZ_UAMB,8,8,unambiguous,"While the assistant manager worked, the training seemed unnecessarily demanding to him.",7,unnecessarily,unnecessarily,8,9.106782913208008,9.106782913208008
106,12,NPZ_UAMB,8,8,unambiguous,"While the assistant manager worked, the training seemed unnecessarily demanding to him.",7,demanding,demanding,9,4.05856990814209,4.05856990814209
107,12,MVRR_UAMB,7,9,unambiguous,The assistant manager who was assigned the training seemed unnecessarily demanding to new staff.,8,seemed,seemed,8,9.290996551513672,9.290996551513672
107,12,MVRR_UAMB,7,9,unambiguous,The assistant manager who was assigned the training seemed unnecessarily demanding to new staff.,8,unnecessarily,unnecessarily,9,9.888961791992188,9.888961791992188
107,12,MVRR_UAMB,7,9,unambiguous,The assistant manager who was assigned the training seemed unnecessarily demanding to new staff.,8,demanding,demanding,10,5.636562347412109,5.636562347412109
108,13,NPS_UAMB,6,7,unambiguous,The mayor showed that the document provided sufficient evidence to prove her innocence.,6,provided,provided,6,5.46718692779541,5.46718692779541
108,13,NPS_UAMB,6,7,unambiguous,The mayor showed that the document provided sufficient evidence to prove her innocence.,6,sufficient,sufficient,7,5.963863372802734,5.963863372802734
108,13,NPS_UAMB,6,7,unambiguous,The mayor showed that the document provided sufficient evidence to prove her innocence.,6,evidence,evidence,8,1.1860886812210083,1.1860886812210083
109,13,NPZ_UAMB,7,7,unambiguous,"Although the mayor changed, the document provided sufficient evidence for what he had promised.",6,provided,provided,6,5.7181596755981445,5.7181596755981445
109,13,NPZ_UAMB,7,7,unambiguous,"Although the mayor changed, the document provided sufficient evidence for what he had promised.",6,sufficient,sufficient,7,7.354130744934082,7.354130744934082
109,13,NPZ_UAMB,7,7,unambiguous,"Although the mayor changed, the document provided sufficient evidence for what he had promised.",6,evidence,evidence,8,1.5471479892730713,1.5471479892730713
110,13,MVRR_UAMB,6,8,unambiguous,The mayor who was sent the document provided sufficient evidence that it was simply blackmail.,7,provided,provided,7,7.044451713562012,7.044451713562012
110,13,MVRR_UAMB,6,8,unambiguous,The mayor who was sent the document provided sufficient evidence that it was simply blackmail.,7,sufficient,sufficient,8,10.044713020324707,10.044713020324707
110,13,MVRR_UAMB,6,8,unambiguous,The mayor who was sent the document provided sufficient evidence that it was simply blackmail.,7,evidence,evidence,9,1.2912660837173462,1.2912660837173462
111,14,NPS_UAMB,7,8,unambiguous,The basketball player mentioned that the contract created another controversy in the NBA.,7,created,created,7,8.408333778381348,8.408333778381348
111,14,NPS_UAMB,7,8,unambiguous,The basketball player mentioned that the contract created another controversy in the NBA.,7,another,another,8,6.298056125640869,6.298056125640869
111,14,NPS_UAMB,7,8,unambiguous,The basketball player mentioned that the contract created another controversy in the NBA.,7,controversy,controversy,9,5.347443580627441,5.347443580627441
112,14,NPZ_UAMB,8,8,unambiguous,"After the basketball player signed, the contract created another political controversy in the NBA.",7,created,created,7,7.708385944366455,7.708385944366455
112,14,NPZ_UAMB,8,8,unambiguous,"After the basketball player signed, the contract created another political controversy in the NBA.",7,another,another,8,4.987220764160156,4.987220764160156
112,14,NPZ_UAMB,8,8,unambiguous,"After the basketball player signed, the contract created another political controversy in the NBA.",7,political,political,9,7.227306365966797,7.227306365966797
113,14,MVRR_UAMB,7,9,unambiguous,The basketball player who was handed the contract created another controversy in the NBA.,8,created,created,8,9.62829875946045,9.62829875946045
113,14,MVRR_UAMB,7,9,unambiguous,The basketball player who was handed the contract created another controversy in the NBA.,8,another,another,9,4.936359405517578,4.936359405517578
113,14,MVRR_UAMB,7,9,unambiguous,The basketball player who was handed the contract created another controversy in the NBA.,8,controversy,controversy,10,3.389793634414673,3.389793634414673
114,15,NPS_UAMB,6,7,unambiguous,The engineer maintained that the equipment required constant supervision from senior technicians.,6,required,required,6,4.837273597717285,4.837273597717285
114,15,NPS_UAMB,6,7,unambiguous,The engineer maintained that the equipment required constant supervision from senior technicians.,6,constant,constant,7,9.770853042602539,9.770853042602539
114,15,NPS_UAMB,6,7,unambiguous,The engineer maintained that the equipment required constant supervision from senior technicians.,6,supervision,supervision,8,5.938934326171875,5.938934326171875
115,15,NPZ_UAMB,7,7,unambiguous,"After the engineer moved, the equipment required constant supervision from senior technicians.",6,required,required,6,6.624831199645996,6.624831199645996
115,15,NPZ_UAMB,7,7,unambiguous,"After the engineer moved, the equipment required constant supervision from senior technicians.",6,constant,constant,7,6.950565338134766,6.950565338134766
115,15,NPZ_UAMB,7,7,unambiguous,"After the engineer moved, the equipment required constant supervision from senior technicians.",6,supervision,supervision,8,5.619532108306885,5.619532108306885
116,15,MVRR_UAMB,6,8,unambiguous,The engineer who was brought the equipment required constant supervision from senior technicians.,7,required,required,7,5.860463619232178,5.860463619232178
116,15,MVRR_UAMB,6,8,unambiguous,The engineer who was brought the equipment required constant supervision from senior technicians.,7,constant,constant,8,9.972017288208008,9.972017288208008
116,15,MVRR_UAMB,6,8,unambiguous,The engineer who was brought the equipment required constant supervision from senior technicians.,7,supervision,supervision,9,3.6742382049560547,3.6742382049560547
117,16,NPS_UAMB,7,8,unambiguous,The little girl found that the lamb remained relatively calm despite the absence of its mother.,7,remained,remained,7,6.365917205810547,6.365917205810547
117,16,NPS_UAMB,7,8,unambiguous,The little girl found that the lamb remained relatively calm despite the absence of its mother.,7,relatively,relatively,8,6.576573371887207,6.576573371887207
117,16,NPS_UAMB,7,8,unambiguous,The little girl found that the lamb remained relatively calm despite the absence of its mother.,7,calm,calm,9,3.96345853805542,3.96345853805542
118,16,NPZ_UAMB,8,8,unambiguous,"When the little girl attacked, the lamb remained relatively calm despite the sudden assault.",7,remained,remained,7,5.878256797790527,5.878256797790527
118,16,NPZ_UAMB,8,8,unambiguous,"When the little girl attacked, the lamb remained relatively calm despite the sudden assault.",7,relatively,relatively,8,7.006448268890381,7.006448268890381
118,16,NPZ_UAMB,8,8,unambiguous,"When the little girl attacked, the lamb remained relatively calm despite the sudden assault.",7,calm,calm,9,2.471863031387329,2.471863031387329
119,16,MVRR_UAMB,7,9,unambiguous,The little girl who was fed the lamb remained relatively calm despite having asked for beef.,8,remained,remained,8,7.635038375854492,7.635038375854492
119,16,MVRR_UAMB,7,9,unambiguous,The little girl who was fed the lamb remained relatively calm despite having asked for beef.,8,relatively,relatively,9,7.277227878570557,7.277227878570557
119,16,MVRR_UAMB,7,9,unambiguous,The little girl who was fed the lamb remained relatively calm despite having asked for beef.,8,calm,calm,10,2.7877988815307617,2.7877988815307617
120,17,NPS_UAMB,7,8,unambiguous,The yoga instructor demonstrated that the position demanded immense physical effort from everyone.,7,demanded,demanded,7,8.503279685974121,8.503279685974121
120,17,NPS_UAMB,7,8,unambiguous,The yoga instructor demonstrated that the position demanded immense physical effort from everyone.,7,immense,immense,8,8.045356750488281,8.045356750488281
120,17,NPS_UAMB,7,8,unambiguous,The yoga instructor demonstrated that the position demanded immense physical effort from everyone.,7,physical,physical,9,3.084327220916748,3.084327220916748
121,17,NPZ_UAMB,8,8,unambiguous,"Before the yoga instructor left, the position demanded immense physical effort from everyone.",7,demanded,demanded,7,8.092791557312012,8.092791557312012
121,17,NPZ_UAMB,8,8,unambiguous,"Before the yoga instructor left, the position demanded immense physical effort from everyone.",7,immense,immense,8,6.851280212402344,6.851280212402344
121,17,NPZ_UAMB,8,8,unambiguous,"Before the yoga instructor left, the position demanded immense physical effort from everyone.",7,physical,physical,9,3.587308406829834,3.587308406829834
122,17,MVRR_UAMB,7,9,unambiguous,The yoga instructor who was offered the position demanded immense physical effort from everyone.,8,demanded,demanded,8,9.24885368347168,9.24885368347168
122,17,MVRR_UAMB,7,9,unambiguous,The yoga instructor who was offered the position demanded immense physical effort from everyone.,8,immense,immense,9,11.154413223266602,11.154413223266602
122,17,MVRR_UAMB,7,9,unambiguous,The yoga instructor who was offered the position demanded immense physical effort from everyone.,8,physical,physical,10,4.8351335525512695,4.8351335525512695
123,18,NPS_UAMB,6,7,unambiguous,The governor noticed that the contract received sweeping support across the entire state.,6,received,received,6,7.289379119873047,7.289379119873047
123,18,NPS_UAMB,6,7,unambiguous,The governor noticed that the contract received sweeping support across the entire state.,6,sweeping,sweeping,7,11.392582893371582,11.392582893371582
123,18,NPS_UAMB,6,7,unambiguous,The governor noticed that the contract received sweeping support across the entire state.,6,support,support,8,4.5367255210876465,4.5367255210876465
124,18,NPZ_UAMB,7,7,unambiguous,"While the governor read, the contract received sweeping support from the audience at the rally.",6,received,received,6,7.202335357666016,7.202335357666016
124,18,NPZ_UAMB,7,7,unambiguous,"While the governor read, the contract received sweeping support from the audience at the rally.",6,sweeping,sweeping,7,10.002986907958984,10.002986907958984
124,18,NPZ_UAMB,7,7,unambiguous,"While the governor read, the contract received sweeping support from the audience at the rally.",6,support,support,8,4.173935890197754,4.173935890197754
125,18,MVRR_UAMB,6,8,unambiguous,The governor who was awarded the contract received sweeping support across the entire state.,7,received,received,7,6.451326370239258,6.451326370239258
125,18,MVRR_UAMB,6,8,unambiguous,The governor who was awarded the contract received sweeping support across the entire state.,7,sweeping,sweeping,8,9.908500671386719,9.908500671386719
125,18,MVRR_UAMB,6,8,unambiguous,The governor who was awarded the contract received sweeping support across the entire state.,7,support,support,9,4.404742240905762,4.404742240905762
126,19,NPS_UAMB,6,7,unambiguous,The patient reported that the treatment continued causing uncomfortable side effects like nausea.,6,continued,continued,6,6.456419944763184,6.456419944763184
126,19,NPS_UAMB,6,7,unambiguous,The patient reported that the treatment continued causing uncomfortable side effects like nausea.,6,causing,causing,7,9.477791786193848,9.477791786193848
126,19,NPS_UAMB,6,7,unambiguous,The patient reported that the treatment continued causing uncomfortable side effects like nausea.,6,uncomfortable,uncomfortable,8,7.4885358810424805,7.4885358810424805
127,19,NPZ_UAMB,7,7,unambiguous,"Before the patient called, the treatment continued causing uncomfortable side effects like nausea.",6,continued,continued,6,5.076298236846924,5.076298236846924
127,19,NPZ_UAMB,7,7,unambiguous,"Before the patient called, the treatment continued causing uncomfortable side effects like nausea.",6,causing,causing,7,9.34807300567627,9.34807300567627
127,19,NPZ_UAMB,7,7,unambiguous,"Before the patient called, the treatment continued causing uncomfortable side effects like nausea.",6,uncomfortable,uncomfortable,8,7.798022747039795,7.798022747039795
128,19,MVRR_UAMB,6,8,unambiguous,The patient who was refused the treatment continued causing uncomfortable scenes in the ER.,7,continued,continued,7,7.02493953704834,7.02493953704834
128,19,MVRR_UAMB,6,8,unambiguous,The patient who was refused the treatment continued causing uncomfortable scenes in the ER.,7,causing,causing,8,9.811930656433105,9.811930656433105
128,19,MVRR_UAMB,6,8,unambiguous,The patient who was refused the treatment continued causing uncomfortable scenes in the ER.,7,uncomfortable,uncomfortable,9,7.998440742492676,7.998440742492676
129,20,NPS_UAMB,6,7,unambiguous,The operator observed that the machine started working efficiently all of a sudden.,6,started,started,6,6.171481132507324,6.171481132507324
129,20,NPS_UAMB,6,7,unambiguous,The operator observed that the machine started working efficiently all of a sudden.,6,working,working,7,4.335165023803711,4.335165023803711
129,20,NPS_UAMB,6,7,unambiguous,The operator observed that the machine started working efficiently all of a sudden.,6,efficiently,efficiently,8,8.011578559875488,8.011578559875488
130,20,NPZ_UAMB,7,7,unambiguous,"Once the operator stopped, the machine started working efficiently without any supervision.",6,started,started,6,4.3201093673706055,4.3201093673706055
130,20,NPZ_UAMB,7,7,unambiguous,"Once the operator stopped, the machine started working efficiently without any supervision.",6,working,working,7,3.8629839420318604,3.8629839420318604
130,20,NPZ_UAMB,7,7,unambiguous,"Once the operator stopped, the machine started working efficiently without any supervision.",6,efficiently,efficiently,8,8.692121505737305,8.692121505737305
131,20,MVRR_UAMB,6,8,unambiguous,The operator who was brought the machine started working efficiently with the added automation.,7,started,started,7,6.8182806968688965,6.8182806968688965
131,20,MVRR_UAMB,6,8,unambiguous,The operator who was brought the machine started working efficiently with the added automation.,7,working,working,8,3.393446922302246,3.393446922302246
131,20,MVRR_UAMB,6,8,unambiguous,The operator who was brought the machine started working efficiently with the added automation.,7,efficiently,efficiently,9,8.220056533813477,8.220056533813477
132,21,NPS_UAMB,6,7,unambiguous,The dancer knew that the ballet achieved incredible success for a small local production.,6,achieved,achieved,6,10.952313423156738,10.952313423156738
132,21,NPS_UAMB,6,7,unambiguous,The dancer knew that the ballet achieved incredible success for a small local production.,6,incredible,incredible,7,7.044456958770752,7.044456958770752
132,21,NPS_UAMB,6,7,unambiguous,The dancer knew that the ballet achieved incredible success for a small local production.,6,success,success,8,1.3694967031478882,1.3694967031478882
133,21,NPZ_UAMB,7,7,unambiguous,"Once the dancer began, the ballet achieved incredible success for a show with a new performer.",6,achieved,achieved,6,9.875683784484863,9.875683784484863
133,21,NPZ_UAMB,7,7,unambiguous,"Once the dancer began, the ballet achieved incredible success for a show with a new performer.",6,incredible,incredible,7,5.846508026123047,5.846508026123047
133,21,NPZ_UAMB,7,7,unambiguous,"Once the dancer began, the ballet achieved incredible success for a show with a new performer.",6,success,success,8,1.4176430702209473,1.4176430702209473
134,21,MVRR_UAMB,6,8,unambiguous,The dancer who was assigned the ballet achieved incredible success for a new performer.,7,achieved,achieved,7,13.177824020385742,13.177824020385742
134,21,MVRR_UAMB,6,8,unambiguous,The dancer who was assigned the ballet achieved incredible success for a new performer.,7,incredible,incredible,8,6.344555854797363,6.344555854797363
134,21,MVRR_UAMB,6,8,unambiguous,The dancer who was assigned the ballet achieved incredible success for a new performer.,7,success,success,9,1.0563488006591797,1.0563488006591797
135,22,NPS_UAMB,6,7,unambiguous,The contestant revealed that the money became unavailable to him when the show\'s budget shrank.,6,became,became,6,7.762542247772217,7.762542247772217
135,22,NPS_UAMB,6,7,unambiguous,The contestant revealed that the money became unavailable to him when the show\'s budget shrank.,6,unavailable,unavailable,7,6.384777069091797,6.384777069091797
135,22,NPS_UAMB,6,7,unambiguous,The contestant revealed that the money became unavailable to him when the show\'s budget shrank.,6,to,to,8,2.613435745239258,2.613435745239258
136,22,NPZ_UAMB,7,7,unambiguous,"After the contestant lost, the money became unavailable despite his previous three wins in a row.",6,became,became,6,5.477788925170898,5.477788925170898
136,22,NPZ_UAMB,7,7,unambiguous,"After the contestant lost, the money became unavailable despite his previous three wins in a row.",6,unavailable,unavailable,7,5.042429447174072,5.042429447174072
136,22,NPZ_UAMB,7,7,unambiguous,"After the contestant lost, the money became unavailable despite his previous three wins in a row.",6,despite,despite,8,8.495630264282227,8.495630264282227
137,22,MVRR_UAMB,6,8,unambiguous,The contestant who was paid the money became unavailable and suddenly terminated his contract.,7,became,became,7,7.638198375701904,7.638198375701904
137,22,MVRR_UAMB,6,8,unambiguous,The contestant who was paid the money became unavailable and suddenly terminated his contract.,7,unavailable,unavailable,8,6.618927955627441,6.618927955627441
137,22,MVRR_UAMB,6,8,unambiguous,The contestant who was paid the money became unavailable and suddenly terminated his contract.,7,and,and,9,2.9350790977478027,2.9350790977478027
138,23,NPS_UAMB,7,8,unambiguous,The new chef claimed that the restaurant separated mediocre cooks from gifted ones.,7,separated,separated,7,12.079092025756836,12.079092025756836
138,23,NPS_UAMB,7,8,unambiguous,The new chef claimed that the restaurant separated mediocre cooks from gifted ones.,7,mediocre,mediocre,8,12.707067489624023,12.707067489624023
138,23,NPS_UAMB,7,8,unambiguous,The new chef claimed that the restaurant separated mediocre cooks from gifted ones.,7,cooks,cooks,9,5.526371955871582,5.526371955871582
139,23,NPZ_UAMB,8,8,unambiguous,"Once the new chef started, the restaurant separated mediocre cooks from gifted ones.",7,separated,separated,7,10.795397758483887,10.795397758483887
139,23,NPZ_UAMB,8,8,unambiguous,"Once the new chef started, the restaurant separated mediocre cooks from gifted ones.",7,mediocre,mediocre,8,15.24702262878418,15.24702262878418
139,23,NPZ_UAMB,8,8,unambiguous,"Once the new chef started, the restaurant separated mediocre cooks from gifted ones.",7,cooks,cooks,9,5.666233062744141,5.666233062744141
140,23,MVRR_UAMB,7,9,unambiguous,The new chef who was offered the restaurant separated mediocre cooks from gifted ones.,8,separated,separated,8,16.721364974975586,16.721364974975586
140,23,MVRR_UAMB,7,9,unambiguous,The new chef who was offered the restaurant separated mediocre cooks from gifted ones.,8,mediocre,mediocre,9,13.991204261779785,13.991204261779785
140,23,MVRR_UAMB,7,9,unambiguous,The new chef who was offered the restaurant separated mediocre cooks from gifted ones.,8,cooks,cooks,10,7.2545294761657715,7.2545294761657715
141,24,NPS_UAMB,7,8,unambiguous,The apprentice baker discovered that the oven produced smaller cakes because it heated too fast.,7,produced,produced,7,7.887266635894775,7.887266635894775
141,24,NPS_UAMB,7,8,unambiguous,The apprentice baker discovered that the oven produced smaller cakes because it heated too fast.,7,smaller,smaller,8,7.547688961029053,7.547688961029053
141,24,NPS_UAMB,7,8,unambiguous,The apprentice baker discovered that the oven produced smaller cakes because it heated too fast.,7,cakes,cakes,9,3.0506958961486816,3.0506958961486816
142,24,NPZ_UAMB,8,8,unambiguous,"When the apprentice baker worked, the oven produced smaller cakes because he lacked experience.",7,produced,produced,7,7.024026870727539,7.024026870727539
142,24,NPZ_UAMB,8,8,unambiguous,"When the apprentice baker worked, the oven produced smaller cakes because he lacked experience.",7,smaller,smaller,8,7.939665794372559,7.939665794372559
142,24,NPZ_UAMB,8,8,unambiguous,"When the apprentice baker worked, the oven produced smaller cakes because he lacked experience.",7,cakes,cakes,9,2.8465213775634766,2.8465213775634766
143,24,MVRR_UAMB,7,9,unambiguous,The apprentice baker who was assigned the oven produced smaller cakes because he lacked experience.,8,produced,produced,8,9.592877388000488,9.592877388000488
143,24,MVRR_UAMB,7,9,unambiguous,The apprentice baker who was assigned the oven produced smaller cakes because he lacked experience.,8,smaller,smaller,9,8.914693832397461,8.914693832397461
143,24,MVRR_UAMB,7,9,unambiguous,The apprentice baker who was assigned the oven produced smaller cakes because he lacked experience.,8,cakes,cakes,10,2.538999557495117,2.538999557495117
