,item,condition,disambPositionAmb,disambPositionUnamb,ambiguity,Sentence,disambPosition_0idx,token,word,word_pos,sum_surprisal,mean_surprisal
0,1,NPS_UAMB,6,7,ambiguous,The suspect showed the file deserved further investigation during the murder trial.,5,deserved,deserved,5,14.710853576660156,14.710853576660156
0,1,NPS_UAMB,6,7,ambiguous,The suspect showed the file deserved further investigation during the murder trial.,5,further,further,6,6.412744522094727,6.412744522094727
0,1,NPS_UAMB,6,7,ambiguous,The suspect showed the file deserved further investigation during the murder trial.,5,investigation,investigation,7,0.3893442451953888,0.3893442451953888
1,1,NPZ_UAMB,7,7,ambiguous,Because the suspect changed the file deserved further investigation during the jury discussions.,6,deserved,deserved,6,16.477436065673828,16.477436065673828
1,1,NPZ_UAMB,7,7,ambiguous,Because the suspect changed the file deserved further investigation during the jury discussions.,6,further,further,7,7.326587677001953,7.326587677001953
1,1,NPZ_UAMB,7,7,ambiguous,Because the suspect changed the file deserved further investigation during the jury discussions.,6,investigation,investigation,8,0.4012201428413391,0.4012201428413391
2,1,MVRR_UAMB,6,8,ambiguous,The suspect sent the file deserved further investigation given the new evidence.,5,deserved,deserved,5,14.461333274841309,14.461333274841309
2,1,MVRR_UAMB,6,8,ambiguous,The suspect sent the file deserved further investigation given the new evidence.,5,further,further,6,8.406418800354004,8.406418800354004
2,1,MVRR_UAMB,6,8,ambiguous,The suspect sent the file deserved further investigation given the new evidence.,5,investigation,investigation,7,0.5564049482345581,0.5564049482345581
3,2,NPS_UAMB,7,8,ambiguous,The corrupt politician mentioned the bill received unwelcome attention from southern voters.,6,received,received,6,8.176446914672852,8.176446914672852
3,2,NPS_UAMB,7,8,ambiguous,The corrupt politician mentioned the bill received unwelcome attention from southern voters.,6,unwelcome,unwelcome,7,11.095124244689941,11.095124244689941
3,2,NPS_UAMB,7,8,ambiguous,The corrupt politician mentioned the bill received unwelcome attention from southern voters.,6,attention,attention,8,0.6314210891723633,0.6314210891723633
4,2,NPZ_UAMB,8,8,ambiguous,After the corrupt politician signed the bill received unwelcome attention from southern voters.,7,received,received,7,11.526613235473633,11.526613235473633
4,2,NPZ_UAMB,8,8,ambiguous,After the corrupt politician signed the bill received unwelcome attention from southern voters.,7,unwelcome,unwelcome,8,10.189699172973633,10.189699172973633
4,2,NPZ_UAMB,8,8,ambiguous,After the corrupt politician signed the bill received unwelcome attention from southern voters.,7,attention,attention,9,1.8861593008041382,1.8861593008041382
5,2,MVRR_UAMB,7,9,ambiguous,The corrupt politician handed the bill received unwelcome attention from southern voters.,6,received,received,6,12.0699462890625,12.0699462890625
5,2,MVRR_UAMB,7,9,ambiguous,The corrupt politician handed the bill received unwelcome attention from southern voters.,6,unwelcome,unwelcome,7,10.704591751098633,10.704591751098633
5,2,MVRR_UAMB,7,9,ambiguous,The corrupt politician handed the bill received unwelcome attention from southern voters.,6,attention,attention,8,1.7454625368118286,1.7454625368118286
6,3,NPS_UAMB,6,7,ambiguous,The woman maintained the mail disappeared mysteriously from her front porch.,5,disappeared,disappeared,5,9.71530818939209,9.71530818939209
6,3,NPS_UAMB,6,7,ambiguous,The woman maintained the mail disappeared mysteriously from her front porch.,5,mysteriously,mysteriously,6,8.555545806884766,8.555545806884766
6,3,NPS_UAMB,6,7,ambiguous,The woman maintained the mail disappeared mysteriously from her front porch.,5,from,from,7,2.174241781234741,2.174241781234741
7,3,NPZ_UAMB,7,7,ambiguous,After the woman moved the mail disappeared mysteriously from the delivery system.,6,disappeared,disappeared,6,13.733373641967773,13.733373641967773
7,3,NPZ_UAMB,7,7,ambiguous,After the woman moved the mail disappeared mysteriously from the delivery system.,6,mysteriously,mysteriously,7,7.58994722366333,7.58994722366333
7,3,NPZ_UAMB,7,7,ambiguous,After the woman moved the mail disappeared mysteriously from the delivery system.,6,from,from,8,2.089865207672119,2.089865207672119
8,3,MVRR_UAMB,6,8,ambiguous,The woman brought the mail disappeared mysteriously after reading the bad news in it.,5,disappeared,disappeared,5,12.06855583190918,12.06855583190918
8,3,MVRR_UAMB,6,8,ambiguous,The woman brought the mail disappeared mysteriously after reading the bad news in it.,5,mysteriously,mysteriously,6,8.329381942749023,8.329381942749023
8,3,MVRR_UAMB,6,8,ambiguous,The woman brought the mail disappeared mysteriously after reading the bad news in it.,5,after,after,7,3.3847813606262207,3.3847813606262207
9,4,NPS_UAMB,6,7,ambiguous,The boy found the chicken stayed surprisingly happy in the new barn.,5,stayed,stayed,5,11.794020652770996,11.794020652770996
9,4,NPS_UAMB,6,7,ambiguous,The boy found the chicken stayed surprisingly happy in the new barn.,5,surprisingly,surprisingly,6,9.882166862487793,9.882166862487793
9,4,NPS_UAMB,6,7,ambiguous,The boy found the chicken stayed surprisingly happy in the new barn.,5,happy,happy,7,4.8303375244140625,4.8303375244140625
10,4,NPZ_UAMB,7,7,ambiguous,Although the boy attacked the chicken stayed surprisingly happy as if nothing happened.,6,stayed,stayed,6,12.206557273864746,12.206557273864746
10,4,NPZ_UAMB,7,7,ambiguous,Although the boy attacked the chicken stayed surprisingly happy as if nothing happened.,6,surprisingly,surprisingly,7,10.654619216918945,10.654619216918945
10,4,NPZ_UAMB,7,7,ambiguous,Although the boy attacked the chicken stayed surprisingly happy as if nothing happened.,6,happy,happy,8,5.435916900634766,5.435916900634766
11,4,MVRR_UAMB,6,8,ambiguous,The boy fed the chicken stayed surprisingly happy despite having a mild allergic reaction.,5,stayed,stayed,5,9.502215385437012,9.502215385437012
11,4,MVRR_UAMB,6,8,ambiguous,The boy fed the chicken stayed surprisingly happy despite having a mild allergic reaction.,5,surprisingly,surprisingly,6,10.099377632141113,10.099377632141113
11,4,MVRR_UAMB,6,8,ambiguous,The boy fed the chicken stayed surprisingly happy despite having a mild allergic reaction.,5,happy,happy,7,3.3962836265563965,3.3962836265563965
12,5,NPS_UAMB,7,8,ambiguous,The new doctor demonstrated the operation appeared increasingly likely to succeed.,6,appeared,appeared,6,7.387476444244385,7.387476444244385
12,5,NPS_UAMB,7,8,ambiguous,The new doctor demonstrated the operation appeared increasingly likely to succeed.,6,increasingly,increasingly,7,9.163432121276855,9.163432121276855
12,5,NPS_UAMB,7,8,ambiguous,The new doctor demonstrated the operation appeared increasingly likely to succeed.,6,likely,likely,8,3.6076059341430664,3.6076059341430664
13,5,NPZ_UAMB,8,8,ambiguous,After the new doctor left the operation appeared increasingly likely to succeed.,7,appeared,appeared,7,11.389925003051758,11.389925003051758
13,5,NPZ_UAMB,8,8,ambiguous,After the new doctor left the operation appeared increasingly likely to succeed.,7,increasingly,increasingly,8,7.403825283050537,7.403825283050537
13,5,NPZ_UAMB,8,8,ambiguous,After the new doctor left the operation appeared increasingly likely to succeed.,7,likely,likely,9,5.299624443054199,5.299624443054199
14,5,MVRR_UAMB,7,9,ambiguous,The new doctor offered the operation appeared increasingly likely to succeed in her career.,6,appeared,appeared,6,8.798605918884277,8.798605918884277
14,5,MVRR_UAMB,7,9,ambiguous,The new doctor offered the operation appeared increasingly likely to succeed in her career.,6,increasingly,increasingly,7,8.516820907592773,8.516820907592773
14,5,MVRR_UAMB,7,9,ambiguous,The new doctor offered the operation appeared increasingly likely to succeed in her career.,6,likely,likely,8,4.022541046142578,4.022541046142578
15,6,NPS_UAMB,6,7,ambiguous,The professor noticed the grant gained more attention from marine biologists.,5,gained,gained,5,11.604164123535156,11.604164123535156
15,6,NPS_UAMB,6,7,ambiguous,The professor noticed the grant gained more attention from marine biologists.,5,more,more,6,2.6784801483154297,2.6784801483154297
15,6,NPS_UAMB,6,7,ambiguous,The professor noticed the grant gained more attention from marine biologists.,5,attention,attention,7,1.9091826677322388,1.9091826677322388
16,6,NPZ_UAMB,7,7,ambiguous,After the professor read the grant gained more attention due to her excellent description.,6,gained,gained,6,15.696206092834473,15.696206092834473
16,6,NPZ_UAMB,7,7,ambiguous,After the professor read the grant gained more attention due to her excellent description.,6,more,more,7,3.8918895721435547,3.8918895721435547
16,6,NPZ_UAMB,7,7,ambiguous,After the professor read the grant gained more attention due to her excellent description.,6,attention,attention,8,2.652505397796631,2.652505397796631
17,6,MVRR_UAMB,6,8,ambiguous,The professor awarded the grant gained more attention from marine biologists.,5,gained,gained,5,11.563776969909668,11.563776969909668
17,6,MVRR_UAMB,6,8,ambiguous,The professor awarded the grant gained more attention from marine biologists.,5,more,more,6,4.225968360900879,4.225968360900879
17,6,MVRR_UAMB,6,8,ambiguous,The professor awarded the grant gained more attention from marine biologists.,5,attention,attention,7,2.5651094913482666,2.5651094913482666
18,7,NPS_UAMB,6,7,ambiguous,The technician reported the service stopped working almost immediately after the storm started.,5,stopped,stopped,5,6.624823093414307,6.624823093414307
18,7,NPS_UAMB,6,7,ambiguous,The technician reported the service stopped working almost immediately after the storm started.,5,working,working,6,2.1816742420196533,2.1816742420196533
18,7,NPS_UAMB,6,7,ambiguous,The technician reported the service stopped working almost immediately after the storm started.,5,almost,almost,7,7.505035400390625,7.505035400390625
19,7,NPZ_UAMB,7,7,ambiguous,After the technician called the service stopped working almost immediately to his surprise.,6,stopped,stopped,6,10.769721031188965,10.769721031188965
19,7,NPZ_UAMB,7,7,ambiguous,After the technician called the service stopped working almost immediately to his surprise.,6,working,working,7,2.19309139251709,2.19309139251709
19,7,NPZ_UAMB,7,7,ambiguous,After the technician called the service stopped working almost immediately to his surprise.,6,almost,almost,8,8.534100532531738,8.534100532531738
20,7,MVRR_UAMB,6,8,ambiguous,The technician refused the service stopped working almost immediately after the argument.,5,stopped,stopped,5,11.616251945495605,11.616251945495605
20,7,MVRR_UAMB,6,8,ambiguous,The technician refused the service stopped working almost immediately after the argument.,5,working,working,6,4.028656959533691,4.028656959533691
20,7,MVRR_UAMB,6,8,ambiguous,The technician refused the service stopped working almost immediately after the argument.,5,almost,almost,7,8.612529754638672,8.612529754638672
21,8,NPS_UAMB,6,7,ambiguous,The mechanic observed the truck needed several more hours to be repaired.,5,needed,needed,5,10.022224426269531,10.022224426269531
21,8,NPS_UAMB,6,7,ambiguous,The mechanic observed the truck needed several more hours to be repaired.,5,several,several,6,5.114171981811523,5.114171981811523
21,8,NPS_UAMB,6,7,ambiguous,The mechanic observed the truck needed several more hours to be repaired.,5,more,more,7,2.536641836166382,2.536641836166382
22,8,NPZ_UAMB,7,7,ambiguous,Because the mechanic stopped the truck needed several more hours before it could be fully repaired.,6,needed,needed,6,10.346296310424805,10.346296310424805
22,8,NPZ_UAMB,7,7,ambiguous,Because the mechanic stopped the truck needed several more hours before it could be fully repaired.,6,several,several,7,6.3056135177612305,6.3056135177612305
22,8,NPZ_UAMB,7,7,ambiguous,Because the mechanic stopped the truck needed several more hours before it could be fully repaired.,6,more,more,8,1.9075778722763062,1.9075778722763062
23,8,MVRR_UAMB,6,8,ambiguous,The mechanic brought the truck needed several more hours to fully repair it.,5,needed,needed,5,10.986419677734375,10.986419677734375
23,8,MVRR_UAMB,6,8,ambiguous,The mechanic brought the truck needed several more hours to fully repair it.,5,several,several,6,6.501567363739014,6.501567363739014
23,8,MVRR_UAMB,6,8,ambiguous,The mechanic brought the truck needed several more hours to fully repair it.,5,more,more,7,3.245708703994751,3.245708703994751
24,9,NPS_UAMB,6,7,ambiguous,The guitarist knew the song failed dramatically because of the tensions within the band.,5,failed,failed,5,10.898180961608887,10.898180961608887
24,9,NPS_UAMB,6,7,ambiguous,The guitarist knew the song failed dramatically because of the tensions within the band.,5,dramatically,dramatically,6,11.036303520202637,11.036303520202637
24,9,NPS_UAMB,6,7,ambiguous,The guitarist knew the song failed dramatically because of the tensions within the band.,5,because,because,7,3.1938743591308594,3.1938743591308594
25,9,NPZ_UAMB,7,7,ambiguous,After the guitarist began the song failed dramatically because he skipped the sound check.,6,failed,failed,6,12.80828857421875,12.80828857421875
25,9,NPZ_UAMB,7,7,ambiguous,After the guitarist began the song failed dramatically because he skipped the sound check.,6,dramatically,dramatically,7,10.435681343078613,10.435681343078613
25,9,NPZ_UAMB,7,7,ambiguous,After the guitarist began the song failed dramatically because he skipped the sound check.,6,because,because,8,5.227497100830078,5.227497100830078
26,9,MVRR_UAMB,6,8,ambiguous,The guitarist assigned the song failed dramatically because he never practiced enough.,5,failed,failed,5,11.945826530456543,11.945826530456543
26,9,MVRR_UAMB,6,8,ambiguous,The guitarist assigned the song failed dramatically because he never practiced enough.,5,dramatically,dramatically,6,11.32378101348877,11.32378101348877
26,9,MVRR_UAMB,6,8,ambiguous,The guitarist assigned the song failed dramatically because he never practiced enough.,5,because,because,7,4.932712554931641,4.932712554931641
27,10,NPS_UAMB,6,7,ambiguous,The player revealed the bonus remained essentially the same as in the original contract.,5,remained,remained,5,11.639305114746094,11.639305114746094
27,10,NPS_UAMB,6,7,ambiguous,The player revealed the bonus remained essentially the same as in the original contract.,5,essentially,essentially,6,8.014488220214844,8.014488220214844
27,10,NPS_UAMB,6,7,ambiguous,The player revealed the bonus remained essentially the same as in the original contract.,5,the,the,7,1.7205655574798584,1.7205655574798584
28,10,NPZ_UAMB,7,7,ambiguous,Although the player lost the bonus remained essentially the same as in the original contract.,6,remained,remained,6,12.962273597717285,12.962273597717285
28,10,NPZ_UAMB,7,7,ambiguous,Although the player lost the bonus remained essentially the same as in the original contract.,6,essentially,essentially,7,7.786961078643799,7.786961078643799
28,10,NPZ_UAMB,7,7,ambiguous,Although the player lost the bonus remained essentially the same as in the original contract.,6,the,the,8,1.518416404724121,1.518416404724121
29,10,MVRR_UAMB,6,8,ambiguous,The player paid the bonus remained essentially the same despite his sudden fame and wealth.,5,remained,remained,5,12.801618576049805,12.801618576049805
29,10,MVRR_UAMB,6,8,ambiguous,The player paid the bonus remained essentially the same despite his sudden fame and wealth.,5,essentially,essentially,6,8.91511058807373,8.91511058807373
29,10,MVRR_UAMB,6,8,ambiguous,The player paid the bonus remained essentially the same despite his sudden fame and wealth.,5,the,the,7,1.5379385948181152,1.5379385948181152
30,11,NPS_UAMB,7,8,ambiguous,The recent hire claimed the job prepared many students for careers in media.,6,prepared,prepared,6,11.589775085449219,11.589775085449219
30,11,NPS_UAMB,7,8,ambiguous,The recent hire claimed the job prepared many students for careers in media.,6,many,many,7,6.277157783508301,6.277157783508301
30,11,NPS_UAMB,7,8,ambiguous,The recent hire claimed the job prepared many students for careers in media.,6,students,students,8,4.569791793823242,4.569791793823242
31,11,NPZ_UAMB,8,8,ambiguous,Once the recent hire started the job prepared many students for careers in media.,7,prepared,prepared,7,11.427328109741211,11.427328109741211
31,11,NPZ_UAMB,8,8,ambiguous,Once the recent hire started the job prepared many students for careers in media.,7,many,many,8,7.70667839050293,7.70667839050293
31,11,NPZ_UAMB,8,8,ambiguous,Once the recent hire started the job prepared many students for careers in media.,7,students,students,9,5.429195404052734,5.429195404052734
32,11,MVRR_UAMB,7,9,ambiguous,The recent hire offered the job prepared many students for careers in media.,6,prepared,prepared,6,12.422018051147461,12.422018051147461
32,11,MVRR_UAMB,7,9,ambiguous,The recent hire offered the job prepared many students for careers in media.,6,many,many,7,8.786301612854004,8.786301612854004
32,11,MVRR_UAMB,7,9,ambiguous,The recent hire offered the job prepared many students for careers in media.,6,students,students,8,4.809305191040039,4.809305191040039
33,12,NPS_UAMB,7,8,ambiguous,The assistant manager discovered the training seemed unnecessarily demanding for new staff.,6,seemed,seemed,6,11.634137153625488,11.634137153625488
33,12,NPS_UAMB,7,8,ambiguous,The assistant manager discovered the training seemed unnecessarily demanding for new staff.,6,unnecessarily,unnecessarily,7,7.2823052406311035,7.2823052406311035
33,12,NPS_UAMB,7,8,ambiguous,The assistant manager discovered the training seemed unnecessarily demanding for new staff.,6,demanding,demanding,8,4.324795722961426,4.324795722961426
34,12,NPZ_UAMB,8,8,ambiguous,While the assistant manager worked the training seemed unnecessarily demanding to him.,7,seemed,seemed,7,13.977055549621582,13.977055549621582
34,12,NPZ_UAMB,8,8,ambiguous,While the assistant manager worked the training seemed unnecessarily demanding to him.,7,unnecessarily,unnecessarily,8,8.83699893951416,8.83699893951416
34,12,NPZ_UAMB,8,8,ambiguous,While the assistant manager worked the training seemed unnecessarily demanding to him.,7,demanding,demanding,9,4.1079487800598145,4.1079487800598145
35,12,MVRR_UAMB,7,9,ambiguous,The assistant manager assigned the training seemed unnecessarily demanding to new staff.,6,seemed,seemed,6,11.896414756774902,11.896414756774902
35,12,MVRR_UAMB,7,9,ambiguous,The assistant manager assigned the training seemed unnecessarily demanding to new staff.,6,unnecessarily,unnecessarily,7,9.465447425842285,9.465447425842285
35,12,MVRR_UAMB,7,9,ambiguous,The assistant manager assigned the training seemed unnecessarily demanding to new staff.,6,demanding,demanding,8,5.120795249938965,5.120795249938965
36,13,NPS_UAMB,6,7,ambiguous,The mayor showed the document provided sufficient evidence to prove her innocence.,5,provided,provided,5,7.726093292236328,7.726093292236328
36,13,NPS_UAMB,6,7,ambiguous,The mayor showed the document provided sufficient evidence to prove her innocence.,5,sufficient,sufficient,6,13.603870391845703,13.603870391845703
36,13,NPS_UAMB,6,7,ambiguous,The mayor showed the document provided sufficient evidence to prove her innocence.,5,evidence,evidence,7,0.8681730628013611,0.8681730628013611
37,13,NPZ_UAMB,7,7,ambiguous,Although the mayor changed the document provided sufficient evidence for what he had promised.,6,provided,provided,6,8.983366012573242,8.983366012573242
37,13,NPZ_UAMB,7,7,ambiguous,Although the mayor changed the document provided sufficient evidence for what he had promised.,6,sufficient,sufficient,7,12.372550964355469,12.372550964355469
37,13,NPZ_UAMB,7,7,ambiguous,Although the mayor changed the document provided sufficient evidence for what he had promised.,6,evidence,evidence,8,2.0762977600097656,2.0762977600097656
38,13,MVRR_UAMB,6,8,ambiguous,The mayor sent the document provided sufficient evidence that it was simply blackmail.,5,provided,provided,5,10.437484741210938,10.437484741210938
38,13,MVRR_UAMB,6,8,ambiguous,The mayor sent the document provided sufficient evidence that it was simply blackmail.,5,sufficient,sufficient,6,15.53324031829834,15.53324031829834
38,13,MVRR_UAMB,6,8,ambiguous,The mayor sent the document provided sufficient evidence that it was simply blackmail.,5,evidence,evidence,7,1.5072734355926514,1.5072734355926514
39,14,NPS_UAMB,7,8,ambiguous,The basketball player mentioned the contract created another controversy in the NBA.,6,created,created,6,9.581792831420898,9.581792831420898
39,14,NPS_UAMB,7,8,ambiguous,The basketball player mentioned the contract created another controversy in the NBA.,6,another,another,7,7.176755428314209,7.176755428314209
39,14,NPS_UAMB,7,8,ambiguous,The basketball player mentioned the contract created another controversy in the NBA.,6,controversy,controversy,8,2.9471845626831055,2.9471845626831055
40,14,NPZ_UAMB,8,8,ambiguous,After the basketball player signed the contract created another controversy in the NBA.,7,created,created,7,11.368971824645996,11.368971824645996
40,14,NPZ_UAMB,8,8,ambiguous,After the basketball player signed the contract created another controversy in the NBA.,7,another,another,8,6.816678047180176,6.816678047180176
40,14,NPZ_UAMB,8,8,ambiguous,After the basketball player signed the contract created another controversy in the NBA.,7,controversy,controversy,9,2.558119297027588,2.558119297027588
41,14,MVRR_UAMB,7,9,ambiguous,The basketball player handed the contract created another controversy in the NBA.,6,created,created,6,13.930183410644531,13.930183410644531
41,14,MVRR_UAMB,7,9,ambiguous,The basketball player handed the contract created another controversy in the NBA.,6,another,another,7,7.207304000854492,7.207304000854492
41,14,MVRR_UAMB,7,9,ambiguous,The basketball player handed the contract created another controversy in the NBA.,6,controversy,controversy,8,3.4708831310272217,3.4708831310272217
42,15,NPS_UAMB,6,7,ambiguous,The engineer maintained the equipment required constant supervision from senior technicians.,5,required,required,5,5.83177375793457,5.83177375793457
42,15,NPS_UAMB,6,7,ambiguous,The engineer maintained the equipment required constant supervision from senior technicians.,5,constant,constant,6,13.294087409973145,13.294087409973145
42,15,NPS_UAMB,6,7,ambiguous,The engineer maintained the equipment required constant supervision from senior technicians.,5,supervision,supervision,7,5.002962112426758,5.002962112426758
43,15,NPZ_UAMB,7,7,ambiguous,After the engineer moved the equipment required constant supervision from senior technicians.,6,required,required,6,8.733671188354492,8.733671188354492
43,15,NPZ_UAMB,7,7,ambiguous,After the engineer moved the equipment required constant supervision from senior technicians.,6,constant,constant,7,14.547266006469727,14.547266006469727
43,15,NPZ_UAMB,7,7,ambiguous,After the engineer moved the equipment required constant supervision from senior technicians.,6,supervision,supervision,8,5.057837963104248,5.057837963104248
44,15,MVRR_UAMB,6,8,ambiguous,The engineer brought the equipment required constant supervision from senior technicians.,5,required,required,5,7.92264986038208,7.92264986038208
44,15,MVRR_UAMB,6,8,ambiguous,The engineer brought the equipment required constant supervision from senior technicians.,5,constant,constant,6,16.247732162475586,16.247732162475586
44,15,MVRR_UAMB,6,8,ambiguous,The engineer brought the equipment required constant supervision from senior technicians.,5,supervision,supervision,7,5.3127055168151855,5.3127055168151855
45,16,NPS_UAMB,7,8,ambiguous,The little girl found the lamb remained relatively calm despite the absence of its mother.,6,remained,remained,6,11.913383483886719,11.913383483886719
45,16,NPS_UAMB,7,8,ambiguous,The little girl found the lamb remained relatively calm despite the absence of its mother.,6,relatively,relatively,7,7.581419467926025,7.581419467926025
45,16,NPS_UAMB,7,8,ambiguous,The little girl found the lamb remained relatively calm despite the absence of its mother.,6,calm,calm,8,3.4238150119781494,3.4238150119781494
46,16,NPZ_UAMB,8,8,ambiguous,When the little girl attacked the lamb remained relatively calm despite the sudden assault.,7,remained,remained,7,13.557868003845215,13.557868003845215
46,16,NPZ_UAMB,8,8,ambiguous,When the little girl attacked the lamb remained relatively calm despite the sudden assault.,7,relatively,relatively,8,6.810076713562012,6.810076713562012
46,16,NPZ_UAMB,8,8,ambiguous,When the little girl attacked the lamb remained relatively calm despite the sudden assault.,7,calm,calm,9,1.6510505676269531,1.6510505676269531
47,16,MVRR_UAMB,7,9,ambiguous,The little girl fed the lamb remained relatively calm despite having asked for beef.,6,remained,remained,6,8.892890930175781,8.892890930175781
47,16,MVRR_UAMB,7,9,ambiguous,The little girl fed the lamb remained relatively calm despite having asked for beef.,6,relatively,relatively,7,7.324103355407715,7.324103355407715
47,16,MVRR_UAMB,7,9,ambiguous,The little girl fed the lamb remained relatively calm despite having asked for beef.,6,calm,calm,8,2.9444756507873535,2.9444756507873535
48,17,NPS_UAMB,7,8,ambiguous,The yoga instructor demonstrated the position demanded immense physical effort from everyone.,6,demanded,demanded,6,12.023280143737793,12.023280143737793
48,17,NPS_UAMB,7,8,ambiguous,The yoga instructor demonstrated the position demanded immense physical effort from everyone.,6,immense,immense,7,16.998891830444336,16.998891830444336
48,17,NPS_UAMB,7,8,ambiguous,The yoga instructor demonstrated the position demanded immense physical effort from everyone.,6,physical,physical,8,3.416315793991089,3.416315793991089
49,17,NPZ_UAMB,8,8,ambiguous,Before the yoga instructor left the position demanded immense physical effort from everyone.,7,demanded,demanded,7,12.949124336242676,12.949124336242676
49,17,NPZ_UAMB,8,8,ambiguous,Before the yoga instructor left the position demanded immense physical effort from everyone.,7,immense,immense,8,11.73151969909668,11.73151969909668
49,17,NPZ_UAMB,8,8,ambiguous,Before the yoga instructor left the position demanded immense physical effort from everyone.,7,physical,physical,9,4.0456085205078125,4.0456085205078125
50,17,MVRR_UAMB,7,9,ambiguous,The yoga instructor offered the position demanded immense physical effort from everyone.,6,demanded,demanded,6,14.49963092803955,14.49963092803955
50,17,MVRR_UAMB,7,9,ambiguous,The yoga instructor offered the position demanded immense physical effort from everyone.,6,immense,immense,7,13.776457786560059,13.776457786560059
50,17,MVRR_UAMB,7,9,ambiguous,The yoga instructor offered the position demanded immense physical effort from everyone.,6,physical,physical,8,4.756371021270752,4.756371021270752
51,18,NPS_UAMB,6,7,ambiguous,The governor noticed the contract received sweeping support across the entire state.,5,received,received,5,7.620047092437744,7.620047092437744
51,18,NPS_UAMB,6,7,ambiguous,The governor noticed the contract received sweeping support across the entire state.,5,sweeping,sweeping,6,11.66025447845459,11.66025447845459
51,18,NPS_UAMB,6,7,ambiguous,The governor noticed the contract received sweeping support across the entire state.,5,support,support,7,5.076591491699219,5.076591491699219
52,18,NPZ_UAMB,7,7,ambiguous,While the governor read the contract received sweeping support from the audience at the rally.,6,received,received,6,8.621683120727539,8.621683120727539
52,18,NPZ_UAMB,7,7,ambiguous,While the governor read the contract received sweeping support from the audience at the rally.,6,sweeping,sweeping,7,15.786148071289062,15.786148071289062
52,18,NPZ_UAMB,7,7,ambiguous,While the governor read the contract received sweeping support from the audience at the rally.,6,support,support,8,3.9860246181488037,3.9860246181488037
53,18,MVRR_UAMB,6,8,ambiguous,The governor awarded the contract received sweeping support across the entire state.,5,received,received,5,11.064059257507324,11.064059257507324
53,18,MVRR_UAMB,6,8,ambiguous,The governor awarded the contract received sweeping support across the entire state.,5,sweeping,sweeping,6,14.378134727478027,14.378134727478027
53,18,MVRR_UAMB,6,8,ambiguous,The governor awarded the contract received sweeping support across the entire state.,5,support,support,7,3.3121957778930664,3.3121957778930664
54,19,NPS_UAMB,6,7,ambiguous,The patient reported the treatment continued causing uncomfortable side effects like nausea.,5,continued,continued,5,7.5819268226623535,7.5819268226623535
54,19,NPS_UAMB,6,7,ambiguous,The patient reported the treatment continued causing uncomfortable side effects like nausea.,5,causing,causing,6,9.286721229553223,9.286721229553223
54,19,NPS_UAMB,6,7,ambiguous,The patient reported the treatment continued causing uncomfortable side effects like nausea.,5,uncomfortable,uncomfortable,7,7.941215515136719,7.941215515136719
55,19,NPZ_UAMB,7,7,ambiguous,Before the patient called the treatment continued causing uncomfortable side effects like nausea.,6,continued,continued,6,11.673945426940918,11.673945426940918
55,19,NPZ_UAMB,7,7,ambiguous,Before the patient called the treatment continued causing uncomfortable side effects like nausea.,6,causing,causing,7,9.10131549835205,9.10131549835205
55,19,NPZ_UAMB,7,7,ambiguous,Before the patient called the treatment continued causing uncomfortable side effects like nausea.,6,uncomfortable,uncomfortable,8,7.805619239807129,7.805619239807129
56,19,MVRR_UAMB,6,8,ambiguous,The patient refused the treatment continued causing uncomfortable scenes in the ER.,5,continued,continued,5,11.268030166625977,11.268030166625977
56,19,MVRR_UAMB,6,8,ambiguous,The patient refused the treatment continued causing uncomfortable scenes in the ER.,5,causing,causing,6,8.060758590698242,8.060758590698242
56,19,MVRR_UAMB,6,8,ambiguous,The patient refused the treatment continued causing uncomfortable scenes in the ER.,5,uncomfortable,uncomfortable,7,8.280171394348145,8.280171394348145
57,20,NPS_UAMB,6,7,ambiguous,The operator observed the machine started working efficiently all of a sudden.,5,started,started,5,7.239352226257324,7.239352226257324
57,20,NPS_UAMB,6,7,ambiguous,The operator observed the machine started working efficiently all of a sudden.,5,working,working,6,4.561981201171875,4.561981201171875
57,20,NPS_UAMB,6,7,ambiguous,The operator observed the machine started working efficiently all of a sudden.,5,efficiently,efficiently,7,8.20766830444336,8.20766830444336
58,20,NPZ_UAMB,7,7,ambiguous,Once the operator stopped the machine started working efficiently without any supervision.,6,started,started,6,9.264409065246582,9.264409065246582
58,20,NPZ_UAMB,7,7,ambiguous,Once the operator stopped the machine started working efficiently without any supervision.,6,working,working,7,3.8767614364624023,3.8767614364624023
58,20,NPZ_UAMB,7,7,ambiguous,Once the operator stopped the machine started working efficiently without any supervision.,6,efficiently,efficiently,8,8.62074089050293,8.62074089050293
59,20,MVRR_UAMB,6,8,ambiguous,The operator brought the machine started working efficiently with the added automation.,5,started,started,5,9.775148391723633,9.775148391723633
59,20,MVRR_UAMB,6,8,ambiguous,The operator brought the machine started working efficiently with the added automation.,5,working,working,6,3.8873536586761475,3.8873536586761475
59,20,MVRR_UAMB,6,8,ambiguous,The operator brought the machine started working efficiently with the added automation.,5,efficiently,efficiently,7,8.18702220916748,8.18702220916748
60,21,NPS_UAMB,6,7,ambiguous,The dancer knew the ballet achieved incredible success for a small local production.,5,achieved,achieved,5,12.048026084899902,12.048026084899902
60,21,NPS_UAMB,6,7,ambiguous,The dancer knew the ballet achieved incredible success for a small local production.,5,incredible,incredible,6,6.977263450622559,6.977263450622559
60,21,NPS_UAMB,6,7,ambiguous,The dancer knew the ballet achieved incredible success for a small local production.,5,success,success,7,1.2414673566818237,1.2414673566818237
61,21,NPZ_UAMB,7,7,ambiguous,Once the dancer began the ballet achieved incredible success for a show with a new performer.,6,achieved,achieved,6,14.27928352355957,14.27928352355957
61,21,NPZ_UAMB,7,7,ambiguous,Once the dancer began the ballet achieved incredible success for a show with a new performer.,6,incredible,incredible,7,5.413822174072266,5.413822174072266
61,21,NPZ_UAMB,7,7,ambiguous,Once the dancer began the ballet achieved incredible success for a show with a new performer.,6,success,success,8,2.194307804107666,2.194307804107666
62,21,MVRR_UAMB,6,8,ambiguous,The dancer assigned the ballet achieved incredible success for a new performer.,5,achieved,achieved,5,12.75143814086914,12.75143814086914
62,21,MVRR_UAMB,6,8,ambiguous,The dancer assigned the ballet achieved incredible success for a new performer.,5,incredible,incredible,6,6.175851821899414,6.175851821899414
62,21,MVRR_UAMB,6,8,ambiguous,The dancer assigned the ballet achieved incredible success for a new performer.,5,success,success,7,1.1402812004089355,1.1402812004089355
63,22,NPS_UAMB,6,7,ambiguous,The contestant revealed the money became unavailable to him when the show's budget shrank.,5,became,became,5,8.457103729248047,8.457103729248047
63,22,NPS_UAMB,6,7,ambiguous,The contestant revealed the money became unavailable to him when the show's budget shrank.,5,unavailable,unavailable,6,6.826351642608643,6.826351642608643
63,22,NPS_UAMB,6,7,ambiguous,The contestant revealed the money became unavailable to him when the show's budget shrank.,5,to,to,7,2.4951584339141846,2.4951584339141846
64,22,NPZ_UAMB,7,7,ambiguous,After the contestant lost the money became unavailable despite his previous three wins in a row.,6,became,became,6,11.998037338256836,11.998037338256836
64,22,NPZ_UAMB,7,7,ambiguous,After the contestant lost the money became unavailable despite his previous three wins in a row.,6,unavailable,unavailable,7,6.269818305969238,6.269818305969238
64,22,NPZ_UAMB,7,7,ambiguous,After the contestant lost the money became unavailable despite his previous three wins in a row.,6,despite,despite,8,8.176182746887207,8.176182746887207
65,22,MVRR_UAMB,6,8,ambiguous,The contestant paid the money became unavailable and suddenly terminated his contract.,5,became,became,5,12.659595489501953,12.659595489501953
65,22,MVRR_UAMB,6,8,ambiguous,The contestant paid the money became unavailable and suddenly terminated his contract.,5,unavailable,unavailable,6,5.971513748168945,5.971513748168945
65,22,MVRR_UAMB,6,8,ambiguous,The contestant paid the money became unavailable and suddenly terminated his contract.,5,and,and,7,3.027981996536255,3.027981996536255
66,23,NPS_UAMB,7,8,ambiguous,The new chef claimed the restaurant separated mediocre cooks from gifted ones.,6,separated,separated,6,12.3394775390625,12.3394775390625
66,23,NPS_UAMB,7,8,ambiguous,The new chef claimed the restaurant separated mediocre cooks from gifted ones.,6,mediocre,mediocre,7,12.396245956420898,12.396245956420898
66,23,NPS_UAMB,7,8,ambiguous,The new chef claimed the restaurant separated mediocre cooks from gifted ones.,6,cooks,cooks,8,5.573876857757568,5.573876857757568
67,23,NPZ_UAMB,8,8,ambiguous,Once the new chef started the restaurant separated mediocre cooks from gifted ones.,7,separated,separated,7,13.229533195495605,13.229533195495605
67,23,NPZ_UAMB,8,8,ambiguous,Once the new chef started the restaurant separated mediocre cooks from gifted ones.,7,mediocre,mediocre,8,13.937671661376953,13.937671661376953
67,23,NPZ_UAMB,8,8,ambiguous,Once the new chef started the restaurant separated mediocre cooks from gifted ones.,7,cooks,cooks,9,6.993020057678223,6.993020057678223
68,23,MVRR_UAMB,7,9,ambiguous,The new chef offered the restaurant separated mediocre cooks from gifted ones.,6,separated,separated,6,14.625815391540527,14.625815391540527
68,23,MVRR_UAMB,7,9,ambiguous,The new chef offered the restaurant separated mediocre cooks from gifted ones.,6,mediocre,mediocre,7,12.813175201416016,12.813175201416016
68,23,MVRR_UAMB,7,9,ambiguous,The new chef offered the restaurant separated mediocre cooks from gifted ones.,6,cooks,cooks,8,9.874256134033203,9.874256134033203
69,24,NPS_UAMB,7,8,ambiguous,The apprentice baker discovered the oven produced smaller cakes because it heated too fast.,6,produced,produced,6,9.9165620803833,9.9165620803833
69,24,NPS_UAMB,7,8,ambiguous,The apprentice baker discovered the oven produced smaller cakes because it heated too fast.,6,smaller,smaller,7,8.257784843444824,8.257784843444824
69,24,NPS_UAMB,7,8,ambiguous,The apprentice baker discovered the oven produced smaller cakes because it heated too fast.,6,cakes,cakes,8,2.875676155090332,2.875676155090332
70,24,NPZ_UAMB,8,8,ambiguous,When the apprentice baker worked the oven produced smaller cakes because he lacked experience.,7,produced,produced,7,12.576743125915527,12.576743125915527
70,24,NPZ_UAMB,8,8,ambiguous,When the apprentice baker worked the oven produced smaller cakes because he lacked experience.,7,smaller,smaller,8,8.27198600769043,8.27198600769043
70,24,NPZ_UAMB,8,8,ambiguous,When the apprentice baker worked the oven produced smaller cakes because he lacked experience.,7,cakes,cakes,9,2.2274084091186523,2.2274084091186523
71,24,MVRR_UAMB,7,9,ambiguous,The apprentice baker assigned the oven produced smaller cakes because he lacked experience.,6,produced,produced,6,10.991750717163086,10.991750717163086
71,24,MVRR_UAMB,7,9,ambiguous,The apprentice baker assigned the oven produced smaller cakes because he lacked experience.,6,smaller,smaller,7,8.836732864379883,8.836732864379883
71,24,MVRR_UAMB,7,9,ambiguous,The apprentice baker assigned the oven produced smaller cakes because he lacked experience.,6,cakes,cakes,8,2.6420838832855225,2.6420838832855225
72,1,NPS_UAMB,6,7,unambiguous,The suspect showed that the file deserved further investigation during the murder trial.,6,deserved,deserved,6,11.755837440490723,11.755837440490723
72,1,NPS_UAMB,6,7,unambiguous,The suspect showed that the file deserved further investigation during the murder trial.,6,further,further,7,5.881868839263916,5.881868839263916
72,1,NPS_UAMB,6,7,unambiguous,The suspect showed that the file deserved further investigation during the murder trial.,6,investigation,investigation,8,0.3877256512641907,0.3877256512641907
73,1,NPZ_UAMB,7,7,unambiguous,"Because the suspect changed, the file deserved further investigation during the jury discussions.",6,deserved,deserved,6,11.94864559173584,11.94864559173584
73,1,NPZ_UAMB,7,7,unambiguous,"Because the suspect changed, the file deserved further investigation during the jury discussions.",6,further,further,7,6.09071159362793,6.09071159362793
73,1,NPZ_UAMB,7,7,unambiguous,"Because the suspect changed, the file deserved further investigation during the jury discussions.",6,investigation,investigation,8,0.7223917841911316,0.7223917841911316
74,1,MVRR_UAMB,6,8,unambiguous,The suspect who was sent the file deserved further investigation given the new evidence.,7,deserved,deserved,7,11.437789916992188,11.437789916992188
74,1,MVRR_UAMB,6,8,unambiguous,The suspect who was sent the file deserved further investigation given the new evidence.,7,further,further,8,7.845785617828369,7.845785617828369
74,1,MVRR_UAMB,6,8,unambiguous,The suspect who was sent the file deserved further investigation given the new evidence.,7,investigation,investigation,9,1.1811155080795288,1.1811155080795288
75,2,NPS_UAMB,7,8,unambiguous,The corrupt politician mentioned that the bill received unwelcome attention from southern voters.,7,received,received,7,7.434279441833496,7.434279441833496
75,2,NPS_UAMB,7,8,unambiguous,The corrupt politician mentioned that the bill received unwelcome attention from southern voters.,7,unwelcome,unwelcome,8,11.621006965637207,11.621006965637207
75,2,NPS_UAMB,7,8,unambiguous,The corrupt politician mentioned that the bill received unwelcome attention from southern voters.,7,attention,attention,9,0.5591754913330078,0.5591754913330078
76,2,NPZ_UAMB,8,8,unambiguous,"After the corrupt politician signed, the bill received unwelcome attention from southern voters.",7,received,received,7,5.617456436157227,5.617456436157227
76,2,NPZ_UAMB,8,8,unambiguous,"After the corrupt politician signed, the bill received unwelcome attention from southern voters.",7,unwelcome,unwelcome,8,11.046061515808105,11.046061515808105
76,2,NPZ_UAMB,8,8,unambiguous,"After the corrupt politician signed, the bill received unwelcome attention from southern voters.",7,attention,attention,9,1.0822103023529053,1.0822103023529053
77,2,MVRR_UAMB,7,9,unambiguous,The corrupt politician who was handed the bill received unwelcome attention from southern voters.,8,received,received,8,8.209699630737305,8.209699630737305
77,2,MVRR_UAMB,7,9,unambiguous,The corrupt politician who was handed the bill received unwelcome attention from southern voters.,8,unwelcome,unwelcome,9,10.038939476013184,10.038939476013184
77,2,MVRR_UAMB,7,9,unambiguous,The corrupt politician who was handed the bill received unwelcome attention from southern voters.,8,attention,attention,10,2.4434077739715576,2.4434077739715576
78,3,NPS_UAMB,6,7,unambiguous,The woman maintained that the mail disappeared mysteriously from her front porch.,6,disappeared,disappeared,6,8.136378288269043,8.136378288269043
78,3,NPS_UAMB,6,7,unambiguous,The woman maintained that the mail disappeared mysteriously from her front porch.,6,mysteriously,mysteriously,7,7.762258529663086,7.762258529663086
78,3,NPS_UAMB,6,7,unambiguous,The woman maintained that the mail disappeared mysteriously from her front porch.,6,from,from,8,1.9883536100387573,1.9883536100387573
79,3,NPZ_UAMB,7,7,unambiguous,"After the woman moved, the mail disappeared mysteriously from the delivery system.",6,disappeared,disappeared,6,6.672611236572266,6.672611236572266
79,3,NPZ_UAMB,7,7,unambiguous,"After the woman moved, the mail disappeared mysteriously from the delivery system.",6,mysteriously,mysteriously,7,7.698864936828613,7.698864936828613
79,3,NPZ_UAMB,7,7,unambiguous,"After the woman moved, the mail disappeared mysteriously from the delivery system.",6,from,from,8,2.24257755279541,2.24257755279541
80,3,MVRR_UAMB,6,8,unambiguous,The woman who was brought the mail disappeared mysteriously after reading the bad news in it.,7,disappeared,disappeared,7,9.259243965148926,9.259243965148926
80,3,MVRR_UAMB,6,8,unambiguous,The woman who was brought the mail disappeared mysteriously after reading the bad news in it.,7,mysteriously,mysteriously,8,7.285430908203125,7.285430908203125
80,3,MVRR_UAMB,6,8,unambiguous,The woman who was brought the mail disappeared mysteriously after reading the bad news in it.,7,after,after,9,3.0656614303588867,3.0656614303588867
81,4,NPS_UAMB,6,7,unambiguous,The boy found that the chicken stayed surprisingly happy in the new barn.,6,stayed,stayed,6,8.277169227600098,8.277169227600098
81,4,NPS_UAMB,6,7,unambiguous,The boy found that the chicken stayed surprisingly happy in the new barn.,6,surprisingly,surprisingly,7,9.606488227844238,9.606488227844238
81,4,NPS_UAMB,6,7,unambiguous,The boy found that the chicken stayed surprisingly happy in the new barn.,6,happy,happy,8,4.573248863220215,4.573248863220215
82,4,NPZ_UAMB,7,7,unambiguous,"Although the boy attacked, the chicken stayed surprisingly happy as if nothing happened.",6,stayed,stayed,6,5.4493608474731445,5.4493608474731445
82,4,NPZ_UAMB,7,7,unambiguous,"Although the boy attacked, the chicken stayed surprisingly happy as if nothing happened.",6,surprisingly,surprisingly,7,10.392912864685059,10.392912864685059
82,4,NPZ_UAMB,7,7,unambiguous,"Although the boy attacked, the chicken stayed surprisingly happy as if nothing happened.",6,happy,happy,8,5.085622787475586,5.085622787475586
83,4,MVRR_UAMB,6,8,unambiguous,The boy who was fed the chicken stayed surprisingly happy despite having a mild allergic reaction.,7,stayed,stayed,7,9.949110984802246,9.949110984802246
83,4,MVRR_UAMB,6,8,unambiguous,The boy who was fed the chicken stayed surprisingly happy despite having a mild allergic reaction.,7,surprisingly,surprisingly,8,10.354788780212402,10.354788780212402
83,4,MVRR_UAMB,6,8,unambiguous,The boy who was fed the chicken stayed surprisingly happy despite having a mild allergic reaction.,7,happy,happy,9,3.5226387977600098,3.5226387977600098
84,5,NPS_UAMB,7,8,unambiguous,The new doctor demonstrated that the operation appeared increasingly likely to succeed.,7,appeared,appeared,7,6.681606292724609,6.681606292724609
84,5,NPS_UAMB,7,8,unambiguous,The new doctor demonstrated that the operation appeared increasingly likely to succeed.,7,increasingly,increasingly,8,9.718522071838379,9.718522071838379
84,5,NPS_UAMB,7,8,unambiguous,The new doctor demonstrated that the operation appeared increasingly likely to succeed.,7,likely,likely,9,3.747981071472168,3.747981071472168
85,5,NPZ_UAMB,8,8,unambiguous,"After the new doctor left, the operation appeared increasingly likely to succeed.",7,appeared,appeared,7,6.303109169006348,6.303109169006348
85,5,NPZ_UAMB,8,8,unambiguous,"After the new doctor left, the operation appeared increasingly likely to succeed.",7,increasingly,increasingly,8,7.99488639831543,7.99488639831543
85,5,NPZ_UAMB,8,8,unambiguous,"After the new doctor left, the operation appeared increasingly likely to succeed.",7,likely,likely,9,3.9112701416015625,3.9112701416015625
86,5,MVRR_UAMB,7,9,unambiguous,The new doctor who was offered the operation appeared increasingly likely to succeed in her career.,8,appeared,appeared,8,6.441234588623047,6.441234588623047
86,5,MVRR_UAMB,7,9,unambiguous,The new doctor who was offered the operation appeared increasingly likely to succeed in her career.,8,increasingly,increasingly,9,8.917616844177246,8.917616844177246
86,5,MVRR_UAMB,7,9,unambiguous,The new doctor who was offered the operation appeared increasingly likely to succeed in her career.,8,likely,likely,10,6.587035179138184,6.587035179138184
87,6,NPS_UAMB,6,7,unambiguous,The professor noticed that the grant gained more attention from marine biologists.,6,gained,gained,6,11.669897079467773,11.669897079467773
87,6,NPS_UAMB,6,7,unambiguous,The professor noticed that the grant gained more attention from marine biologists.,6,more,more,7,2.353839635848999,2.353839635848999
87,6,NPS_UAMB,6,7,unambiguous,The professor noticed that the grant gained more attention from marine biologists.,6,attention,attention,8,2.264327049255371,2.264327049255371
88,6,NPZ_UAMB,7,7,unambiguous,"After the professor read, the grant gained more attention due to her excellent description.",6,gained,gained,6,11.884475708007812,11.884475708007812
88,6,NPZ_UAMB,7,7,unambiguous,"After the professor read, the grant gained more attention due to her excellent description.",6,more,more,7,3.0211002826690674,3.0211002826690674
88,6,NPZ_UAMB,7,7,unambiguous,"After the professor read, the grant gained more attention due to her excellent description.",6,attention,attention,8,2.5006985664367676,2.5006985664367676
89,6,MVRR_UAMB,6,8,unambiguous,The professor who was awarded the grant gained more attention from marine biologists.,7,gained,gained,7,9.707763671875,9.707763671875
89,6,MVRR_UAMB,6,8,unambiguous,The professor who was awarded the grant gained more attention from marine biologists.,7,more,more,8,3.927083969116211,3.927083969116211
89,6,MVRR_UAMB,6,8,unambiguous,The professor who was awarded the grant gained more attention from marine biologists.,7,attention,attention,9,3.532888412475586,3.532888412475586
90,7,NPS_UAMB,6,7,unambiguous,The technician reported that the service stopped working almost immediately after the storm started.,6,stopped,stopped,6,5.67888069152832,5.67888069152832
90,7,NPS_UAMB,6,7,unambiguous,The technician reported that the service stopped working almost immediately after the storm started.,6,working,working,7,1.9711662530899048,1.9711662530899048
90,7,NPS_UAMB,6,7,unambiguous,The technician reported that the service stopped working almost immediately after the storm started.,6,almost,almost,8,7.262132167816162,7.262132167816162
91,7,NPZ_UAMB,7,7,unambiguous,"After the technician called, the service stopped working almost immediately to his surprise.",6,stopped,stopped,6,5.547137260437012,5.547137260437012
91,7,NPZ_UAMB,7,7,unambiguous,"After the technician called, the service stopped working almost immediately to his surprise.",6,working,working,7,2.4671359062194824,2.4671359062194824
91,7,NPZ_UAMB,7,7,unambiguous,"After the technician called, the service stopped working almost immediately to his surprise.",6,almost,almost,8,8.478320121765137,8.478320121765137
92,7,MVRR_UAMB,6,8,unambiguous,The technician who was refused the service stopped working almost immediately after the argument.,7,stopped,stopped,7,8.516741752624512,8.516741752624512
92,7,MVRR_UAMB,6,8,unambiguous,The technician who was refused the service stopped working almost immediately after the argument.,7,working,working,8,2.140817642211914,2.140817642211914
92,7,MVRR_UAMB,6,8,unambiguous,The technician who was refused the service stopped working almost immediately after the argument.,7,almost,almost,9,8.339661598205566,8.339661598205566
93,8,NPS_UAMB,6,7,unambiguous,The mechanic observed that the truck needed several more hours to be repaired.,6,needed,needed,6,6.698265075683594,6.698265075683594
93,8,NPS_UAMB,6,7,unambiguous,The mechanic observed that the truck needed several more hours to be repaired.,6,several,several,7,5.1443257331848145,5.1443257331848145
93,8,NPS_UAMB,6,7,unambiguous,The mechanic observed that the truck needed several more hours to be repaired.,6,more,more,8,2.6078882217407227,2.6078882217407227
94,8,NPZ_UAMB,7,7,unambiguous,"Because the mechanic stopped, the truck needed several more hours before it could be fully repaired.",6,needed,needed,6,6.834364414215088,6.834364414215088
94,8,NPZ_UAMB,7,7,unambiguous,"Because the mechanic stopped, the truck needed several more hours before it could be fully repaired.",6,several,several,7,6.331014633178711,6.331014633178711
94,8,NPZ_UAMB,7,7,unambiguous,"Because the mechanic stopped, the truck needed several more hours before it could be fully repaired.",6,more,more,8,1.5843617916107178,1.5843617916107178
95,8,MVRR_UAMB,6,8,unambiguous,The mechanic who was brought the truck needed several more hours to fully repair it.,7,needed,needed,7,7.717368125915527,7.717368125915527
95,8,MVRR_UAMB,6,8,unambiguous,The mechanic who was brought the truck needed several more hours to fully repair it.,7,several,several,8,5.326258182525635,5.326258182525635
95,8,MVRR_UAMB,6,8,unambiguous,The mechanic who was brought the truck needed several more hours to fully repair it.,7,more,more,9,2.9350695610046387,2.9350695610046387
96,9,NPS_UAMB,6,7,unambiguous,The guitarist knew that the song failed dramatically because of the tensions within the band.,6,failed,failed,6,9.378819465637207,9.378819465637207
96,9,NPS_UAMB,6,7,unambiguous,The guitarist knew that the song failed dramatically because of the tensions within the band.,6,dramatically,dramatically,7,10.915349960327148,10.915349960327148
96,9,NPS_UAMB,6,7,unambiguous,The guitarist knew that the song failed dramatically because of the tensions within the band.,6,because,because,8,2.8210883140563965,2.8210883140563965
97,9,NPZ_UAMB,7,7,unambiguous,"After the guitarist began, the song failed dramatically because he skipped the sound check.",6,failed,failed,6,6.737274169921875,6.737274169921875
97,9,NPZ_UAMB,7,7,unambiguous,"After the guitarist began, the song failed dramatically because he skipped the sound check.",6,dramatically,dramatically,7,9.305864334106445,9.305864334106445
97,9,NPZ_UAMB,7,7,unambiguous,"After the guitarist began, the song failed dramatically because he skipped the sound check.",6,because,because,8,5.021463871002197,5.021463871002197
98,9,MVRR_UAMB,6,8,unambiguous,The guitarist who was assigned the song failed dramatically because he never practiced enough.,7,failed,failed,7,10.425542831420898,10.425542831420898
98,9,MVRR_UAMB,6,8,unambiguous,The guitarist who was assigned the song failed dramatically because he never practiced enough.,7,dramatically,dramatically,8,11.04582405090332,11.04582405090332
98,9,MVRR_UAMB,6,8,unambiguous,The guitarist who was assigned the song failed dramatically because he never practiced enough.,7,because,because,9,5.271170616149902,5.271170616149902
99,10,NPS_UAMB,6,7,unambiguous,The player revealed that the bonus remained essentially the same as in the original contract.,6,remained,remained,6,8.959342002868652,8.959342002868652
99,10,NPS_UAMB,6,7,unambiguous,The player revealed that the bonus remained essentially the same as in the original contract.,6,essentially,essentially,7,7.481764316558838,7.481764316558838
99,10,NPS_UAMB,6,7,unambiguous,The player revealed that the bonus remained essentially the same as in the original contract.,6,the,the,8,1.4767429828643799,1.4767429828643799
100,10,NPZ_UAMB,7,7,unambiguous,"Although the player lost, the bonus remained essentially the same as in the original contract.",6,remained,remained,6,6.990360260009766,6.990360260009766
100,10,NPZ_UAMB,7,7,unambiguous,"Although the player lost, the bonus remained essentially the same as in the original contract.",6,essentially,essentially,7,8.498417854309082,8.498417854309082
100,10,NPZ_UAMB,7,7,unambiguous,"Although the player lost, the bonus remained essentially the same as in the original contract.",6,the,the,8,0.9575217962265015,0.9575217962265015
101,10,MVRR_UAMB,6,8,unambiguous,The player who was paid the bonus remained essentially the same despite his sudden fame and wealth.,7,remained,remained,7,9.69177532196045,9.69177532196045
101,10,MVRR_UAMB,6,8,unambiguous,The player who was paid the bonus remained essentially the same despite his sudden fame and wealth.,7,essentially,essentially,8,9.401063919067383,9.401063919067383
101,10,MVRR_UAMB,6,8,unambiguous,The player who was paid the bonus remained essentially the same despite his sudden fame and wealth.,7,the,the,9,1.7258999347686768,1.7258999347686768
102,11,NPS_UAMB,7,8,unambiguous,The recent hire claimed that the job prepared many students for careers in media.,7,prepared,prepared,7,10.82988166809082,10.82988166809082
102,11,NPS_UAMB,7,8,unambiguous,The recent hire claimed that the job prepared many students for careers in media.,7,many,many,8,6.3785858154296875,6.3785858154296875
102,11,NPS_UAMB,7,8,unambiguous,The recent hire claimed that the job prepared many students for careers in media.,7,students,students,9,4.2621750831604,4.2621750831604
103,11,NPZ_UAMB,8,8,unambiguous,"Once the recent hire started, the job prepared many students for careers in media.",7,prepared,prepared,7,10.017572402954102,10.017572402954102
103,11,NPZ_UAMB,8,8,unambiguous,"Once the recent hire started, the job prepared many students for careers in media.",7,many,many,8,5.389288902282715,5.389288902282715
103,11,NPZ_UAMB,8,8,unambiguous,"Once the recent hire started, the job prepared many students for careers in media.",7,students,students,9,5.258957386016846,5.258957386016846
104,11,MVRR_UAMB,7,9,unambiguous,The recent hire who was offered the job prepared many students for careers in media.,8,prepared,prepared,8,11.629894256591797,11.629894256591797
104,11,MVRR_UAMB,7,9,unambiguous,The recent hire who was offered the job prepared many students for careers in media.,8,many,many,9,5.709373950958252,5.709373950958252
104,11,MVRR_UAMB,7,9,unambiguous,The recent hire who was offered the job prepared many students for careers in media.,8,students,students,10,5.023496627807617,5.023496627807617
105,12,NPS_UAMB,7,8,unambiguous,The assistant manager discovered that the training seemed unnecessarily demanding for new staff.,7,seemed,seemed,7,9.475757598876953,9.475757598876953
105,12,NPS_UAMB,7,8,unambiguous,The assistant manager discovered that the training seemed unnecessarily demanding for new staff.,7,unnecessarily,unnecessarily,8,7.601505279541016,7.601505279541016
105,12,NPS_UAMB,7,8,unambiguous,The assistant manager discovered that the training seemed unnecessarily demanding for new staff.,7,demanding,demanding,9,4.105525970458984,4.105525970458984
106,12,NPZ_UAMB,8,8,unambiguous,"While the assistant manager worked, the training seemed unnecessarily demanding to him.",7,seemed,seemed,7,8.594228744506836,8.594228744506836
106,12,NPZ_UAMB,8,8,unambiguous,"While the assistant manager worked, the training seemed unnecessarily demanding to him.",7,unnecessarily,unnecessarily,8,9.262019157409668,9.262019157409668
106,12,NPZ_UAMB,8,8,unambiguous,"While the assistant manager worked, the training seemed unnecessarily demanding to him.",7,demanding,demanding,9,4.125667095184326,4.125667095184326
107,12,MVRR_UAMB,7,9,unambiguous,The assistant manager who was assigned the training seemed unnecessarily demanding to new staff.,8,seemed,seemed,8,12.435997009277344,12.435997009277344
107,12,MVRR_UAMB,7,9,unambiguous,The assistant manager who was assigned the training seemed unnecessarily demanding to new staff.,8,unnecessarily,unnecessarily,9,9.790214538574219,9.790214538574219
107,12,MVRR_UAMB,7,9,unambiguous,The assistant manager who was assigned the training seemed unnecessarily demanding to new staff.,8,demanding,demanding,10,5.719757080078125,5.719757080078125
108,13,NPS_UAMB,6,7,unambiguous,The mayor showed that the document provided sufficient evidence to prove her innocence.,6,provided,provided,6,5.8426103591918945,5.8426103591918945
108,13,NPS_UAMB,6,7,unambiguous,The mayor showed that the document provided sufficient evidence to prove her innocence.,6,sufficient,sufficient,7,6.92474365234375,6.92474365234375
108,13,NPS_UAMB,6,7,unambiguous,The mayor showed that the document provided sufficient evidence to prove her innocence.,6,evidence,evidence,8,1.23212730884552,1.23212730884552
109,13,NPZ_UAMB,7,7,unambiguous,"Although the mayor changed, the document provided sufficient evidence for what he had promised.",6,provided,provided,6,5.5705060958862305,5.5705060958862305
109,13,NPZ_UAMB,7,7,unambiguous,"Although the mayor changed, the document provided sufficient evidence for what he had promised.",6,sufficient,sufficient,7,7.469253063201904,7.469253063201904
109,13,NPZ_UAMB,7,7,unambiguous,"Although the mayor changed, the document provided sufficient evidence for what he had promised.",6,evidence,evidence,8,1.7596029043197632,1.7596029043197632
110,13,MVRR_UAMB,6,8,unambiguous,The mayor who was sent the document provided sufficient evidence that it was simply blackmail.,7,provided,provided,7,7.710834503173828,7.710834503173828
110,13,MVRR_UAMB,6,8,unambiguous,The mayor who was sent the document provided sufficient evidence that it was simply blackmail.,7,sufficient,sufficient,8,9.712902069091797,9.712902069091797
110,13,MVRR_UAMB,6,8,unambiguous,The mayor who was sent the document provided sufficient evidence that it was simply blackmail.,7,evidence,evidence,9,1.1294567584991455,1.1294567584991455
111,14,NPS_UAMB,7,8,unambiguous,The basketball player mentioned that the contract created another controversy in the NBA.,7,created,created,7,8.509340286254883,8.509340286254883
111,14,NPS_UAMB,7,8,unambiguous,The basketball player mentioned that the contract created another controversy in the NBA.,7,another,another,8,7.060049533843994,7.060049533843994
111,14,NPS_UAMB,7,8,unambiguous,The basketball player mentioned that the contract created another controversy in the NBA.,7,controversy,controversy,9,4.624699592590332,4.624699592590332
112,14,NPZ_UAMB,8,8,unambiguous,"After the basketball player signed, the contract created another political controversy in the NBA.",7,created,created,7,7.9863080978393555,7.9863080978393555
112,14,NPZ_UAMB,8,8,unambiguous,"After the basketball player signed, the contract created another political controversy in the NBA.",7,another,another,8,5.310129165649414,5.310129165649414
112,14,NPZ_UAMB,8,8,unambiguous,"After the basketball player signed, the contract created another political controversy in the NBA.",7,political,political,9,7.339795112609863,7.339795112609863
113,14,MVRR_UAMB,7,9,unambiguous,The basketball player who was handed the contract created another controversy in the NBA.,8,created,created,8,10.042719841003418,10.042719841003418
113,14,MVRR_UAMB,7,9,unambiguous,The basketball player who was handed the contract created another controversy in the NBA.,8,another,another,9,5.151426792144775,5.151426792144775
113,14,MVRR_UAMB,7,9,unambiguous,The basketball player who was handed the contract created another controversy in the NBA.,8,controversy,controversy,10,2.2431325912475586,2.2431325912475586
114,15,NPS_UAMB,6,7,unambiguous,The engineer maintained that the equipment required constant supervision from senior technicians.,6,required,required,6,4.822836875915527,4.822836875915527
114,15,NPS_UAMB,6,7,unambiguous,The engineer maintained that the equipment required constant supervision from senior technicians.,6,constant,constant,7,10.56648063659668,10.56648063659668
114,15,NPS_UAMB,6,7,unambiguous,The engineer maintained that the equipment required constant supervision from senior technicians.,6,supervision,supervision,8,6.011070251464844,6.011070251464844
115,15,NPZ_UAMB,7,7,unambiguous,"After the engineer moved, the equipment required constant supervision from senior technicians.",6,required,required,6,6.32842493057251,6.32842493057251
115,15,NPZ_UAMB,7,7,unambiguous,"After the engineer moved, the equipment required constant supervision from senior technicians.",6,constant,constant,7,8.957880020141602,8.957880020141602
115,15,NPZ_UAMB,7,7,unambiguous,"After the engineer moved, the equipment required constant supervision from senior technicians.",6,supervision,supervision,8,5.410098075866699,5.410098075866699
116,15,MVRR_UAMB,6,8,unambiguous,The engineer who was brought the equipment required constant supervision from senior technicians.,7,required,required,7,5.733546733856201,5.733546733856201
116,15,MVRR_UAMB,6,8,unambiguous,The engineer who was brought the equipment required constant supervision from senior technicians.,7,constant,constant,8,12.469426155090332,12.469426155090332
116,15,MVRR_UAMB,6,8,unambiguous,The engineer who was brought the equipment required constant supervision from senior technicians.,7,supervision,supervision,9,3.9306464195251465,3.9306464195251465
117,16,NPS_UAMB,7,8,unambiguous,The little girl found that the lamb remained relatively calm despite the absence of its mother.,7,remained,remained,7,6.721898078918457,6.721898078918457
117,16,NPS_UAMB,7,8,unambiguous,The little girl found that the lamb remained relatively calm despite the absence of its mother.,7,relatively,relatively,8,6.971663475036621,6.971663475036621
117,16,NPS_UAMB,7,8,unambiguous,The little girl found that the lamb remained relatively calm despite the absence of its mother.,7,calm,calm,9,3.910364866256714,3.910364866256714
118,16,NPZ_UAMB,8,8,unambiguous,"When the little girl attacked, the lamb remained relatively calm despite the sudden assault.",7,remained,remained,7,6.1675004959106445,6.1675004959106445
118,16,NPZ_UAMB,8,8,unambiguous,"When the little girl attacked, the lamb remained relatively calm despite the sudden assault.",7,relatively,relatively,8,7.562860488891602,7.562860488891602
118,16,NPZ_UAMB,8,8,unambiguous,"When the little girl attacked, the lamb remained relatively calm despite the sudden assault.",7,calm,calm,9,2.875889778137207,2.875889778137207
119,16,MVRR_UAMB,7,9,unambiguous,The little girl who was fed the lamb remained relatively calm despite having asked for beef.,8,remained,remained,8,8.720694541931152,8.720694541931152
119,16,MVRR_UAMB,7,9,unambiguous,The little girl who was fed the lamb remained relatively calm despite having asked for beef.,8,relatively,relatively,9,7.227324962615967,7.227324962615967
119,16,MVRR_UAMB,7,9,unambiguous,The little girl who was fed the lamb remained relatively calm despite having asked for beef.,8,calm,calm,10,2.6371653079986572,2.6371653079986572
120,17,NPS_UAMB,7,8,unambiguous,The yoga instructor demonstrated that the position demanded immense physical effort from everyone.,7,demanded,demanded,7,8.543804168701172,8.543804168701172
120,17,NPS_UAMB,7,8,unambiguous,The yoga instructor demonstrated that the position demanded immense physical effort from everyone.,7,immense,immense,8,9.23771858215332,9.23771858215332
120,17,NPS_UAMB,7,8,unambiguous,The yoga instructor demonstrated that the position demanded immense physical effort from everyone.,7,physical,physical,9,3.0079493522644043,3.0079493522644043
121,17,NPZ_UAMB,8,8,unambiguous,"Before the yoga instructor left, the position demanded immense physical effort from everyone.",7,demanded,demanded,7,6.977366924285889,6.977366924285889
121,17,NPZ_UAMB,8,8,unambiguous,"Before the yoga instructor left, the position demanded immense physical effort from everyone.",7,immense,immense,8,6.827323913574219,6.827323913574219
121,17,NPZ_UAMB,8,8,unambiguous,"Before the yoga instructor left, the position demanded immense physical effort from everyone.",7,physical,physical,9,3.5217204093933105,3.5217204093933105
122,17,MVRR_UAMB,7,9,unambiguous,The yoga instructor who was offered the position demanded immense physical effort from everyone.,8,demanded,demanded,8,10.15274715423584,10.15274715423584
122,17,MVRR_UAMB,7,9,unambiguous,The yoga instructor who was offered the position demanded immense physical effort from everyone.,8,immense,immense,9,10.359636306762695,10.359636306762695
122,17,MVRR_UAMB,7,9,unambiguous,The yoga instructor who was offered the position demanded immense physical effort from everyone.,8,physical,physical,10,4.694832801818848,4.694832801818848
123,18,NPS_UAMB,6,7,unambiguous,The governor noticed that the contract received sweeping support across the entire state.,6,received,received,6,7.267523765563965,7.267523765563965
123,18,NPS_UAMB,6,7,unambiguous,The governor noticed that the contract received sweeping support across the entire state.,6,sweeping,sweeping,7,11.485862731933594,11.485862731933594
123,18,NPS_UAMB,6,7,unambiguous,The governor noticed that the contract received sweeping support across the entire state.,6,support,support,8,4.953398704528809,4.953398704528809
124,18,NPZ_UAMB,7,7,unambiguous,"While the governor read, the contract received sweeping support from the audience at the rally.",6,received,received,6,6.525320053100586,6.525320053100586
124,18,NPZ_UAMB,7,7,unambiguous,"While the governor read, the contract received sweeping support from the audience at the rally.",6,sweeping,sweeping,7,9.768827438354492,9.768827438354492
124,18,NPZ_UAMB,7,7,unambiguous,"While the governor read, the contract received sweeping support from the audience at the rally.",6,support,support,8,4.463480472564697,4.463480472564697
125,18,MVRR_UAMB,6,8,unambiguous,The governor who was awarded the contract received sweeping support across the entire state.,7,received,received,7,7.777696132659912,7.777696132659912
125,18,MVRR_UAMB,6,8,unambiguous,The governor who was awarded the contract received sweeping support across the entire state.,7,sweeping,sweeping,8,9.665592193603516,9.665592193603516
125,18,MVRR_UAMB,6,8,unambiguous,The governor who was awarded the contract received sweeping support across the entire state.,7,support,support,9,4.321980953216553,4.321980953216553
126,19,NPS_UAMB,6,7,unambiguous,The patient reported that the treatment continued causing uncomfortable side effects like nausea.,6,continued,continued,6,6.674270153045654,6.674270153045654
126,19,NPS_UAMB,6,7,unambiguous,The patient reported that the treatment continued causing uncomfortable side effects like nausea.,6,causing,causing,7,9.526577949523926,9.526577949523926
126,19,NPS_UAMB,6,7,unambiguous,The patient reported that the treatment continued causing uncomfortable side effects like nausea.,6,uncomfortable,uncomfortable,8,7.731990814208984,7.731990814208984
127,19,NPZ_UAMB,7,7,unambiguous,"Before the patient called, the treatment continued causing uncomfortable side effects like nausea.",6,continued,continued,6,5.683112144470215,5.683112144470215
127,19,NPZ_UAMB,7,7,unambiguous,"Before the patient called, the treatment continued causing uncomfortable side effects like nausea.",6,causing,causing,7,9.965229988098145,9.965229988098145
127,19,NPZ_UAMB,7,7,unambiguous,"Before the patient called, the treatment continued causing uncomfortable side effects like nausea.",6,uncomfortable,uncomfortable,8,7.528244495391846,7.528244495391846
128,19,MVRR_UAMB,6,8,unambiguous,The patient who was refused the treatment continued causing uncomfortable scenes in the ER.,7,continued,continued,7,8.50149917602539,8.50149917602539
128,19,MVRR_UAMB,6,8,unambiguous,The patient who was refused the treatment continued causing uncomfortable scenes in the ER.,7,causing,causing,8,9.856401443481445,9.856401443481445
128,19,MVRR_UAMB,6,8,unambiguous,The patient who was refused the treatment continued causing uncomfortable scenes in the ER.,7,uncomfortable,uncomfortable,9,8.20861530303955,8.20861530303955
129,20,NPS_UAMB,6,7,unambiguous,The operator observed that the machine started working efficiently all of a sudden.,6,started,started,6,6.056403160095215,6.056403160095215
129,20,NPS_UAMB,6,7,unambiguous,The operator observed that the machine started working efficiently all of a sudden.,6,working,working,7,4.40576696395874,4.40576696395874
129,20,NPS_UAMB,6,7,unambiguous,The operator observed that the machine started working efficiently all of a sudden.,6,efficiently,efficiently,8,8.225540161132812,8.225540161132812
130,20,NPZ_UAMB,7,7,unambiguous,"Once the operator stopped, the machine started working efficiently without any supervision.",6,started,started,6,4.620387077331543,4.620387077331543
130,20,NPZ_UAMB,7,7,unambiguous,"Once the operator stopped, the machine started working efficiently without any supervision.",6,working,working,7,3.7262115478515625,3.7262115478515625
130,20,NPZ_UAMB,7,7,unambiguous,"Once the operator stopped, the machine started working efficiently without any supervision.",6,efficiently,efficiently,8,8.935929298400879,8.935929298400879
131,20,MVRR_UAMB,6,8,unambiguous,The operator who was brought the machine started working efficiently with the added automation.,7,started,started,7,7.452861309051514,7.452861309051514
131,20,MVRR_UAMB,6,8,unambiguous,The operator who was brought the machine started working efficiently with the added automation.,7,working,working,8,3.1544225215911865,3.1544225215911865
131,20,MVRR_UAMB,6,8,unambiguous,The operator who was brought the machine started working efficiently with the added automation.,7,efficiently,efficiently,9,8.889052391052246,8.889052391052246
132,21,NPS_UAMB,6,7,unambiguous,The dancer knew that the ballet achieved incredible success for a small local production.,6,achieved,achieved,6,11.122209548950195,11.122209548950195
132,21,NPS_UAMB,6,7,unambiguous,The dancer knew that the ballet achieved incredible success for a small local production.,6,incredible,incredible,7,7.284432888031006,7.284432888031006
132,21,NPS_UAMB,6,7,unambiguous,The dancer knew that the ballet achieved incredible success for a small local production.,6,success,success,8,1.3332414627075195,1.3332414627075195
133,21,NPZ_UAMB,7,7,unambiguous,"Once the dancer began, the ballet achieved incredible success for a show with a new performer.",6,achieved,achieved,6,9.843038558959961,9.843038558959961
133,21,NPZ_UAMB,7,7,unambiguous,"Once the dancer began, the ballet achieved incredible success for a show with a new performer.",6,incredible,incredible,7,5.801536560058594,5.801536560058594
133,21,NPZ_UAMB,7,7,unambiguous,"Once the dancer began, the ballet achieved incredible success for a show with a new performer.",6,success,success,8,1.3794357776641846,1.3794357776641846
134,21,MVRR_UAMB,6,8,unambiguous,The dancer who was assigned the ballet achieved incredible success for a new performer.,7,achieved,achieved,7,13.98735237121582,13.98735237121582
134,21,MVRR_UAMB,6,8,unambiguous,The dancer who was assigned the ballet achieved incredible success for a new performer.,7,incredible,incredible,8,6.5931901931762695,6.5931901931762695
134,21,MVRR_UAMB,6,8,unambiguous,The dancer who was assigned the ballet achieved incredible success for a new performer.,7,success,success,9,0.8957592844963074,0.8957592844963074
135,22,NPS_UAMB,6,7,unambiguous,The contestant revealed that the money became unavailable to him when the show's budget shrank.,6,became,became,6,7.974544525146484,7.974544525146484
135,22,NPS_UAMB,6,7,unambiguous,The contestant revealed that the money became unavailable to him when the show's budget shrank.,6,unavailable,unavailable,7,6.781505584716797,6.781505584716797
135,22,NPS_UAMB,6,7,unambiguous,The contestant revealed that the money became unavailable to him when the show's budget shrank.,6,to,to,8,2.862046241760254,2.862046241760254
136,22,NPZ_UAMB,7,7,unambiguous,"After the contestant lost, the money became unavailable despite his previous three wins in a row.",6,became,became,6,5.509726524353027,5.509726524353027
136,22,NPZ_UAMB,7,7,unambiguous,"After the contestant lost, the money became unavailable despite his previous three wins in a row.",6,unavailable,unavailable,7,5.11850643157959,5.11850643157959
136,22,NPZ_UAMB,7,7,unambiguous,"After the contestant lost, the money became unavailable despite his previous three wins in a row.",6,despite,despite,8,8.545403480529785,8.545403480529785
137,22,MVRR_UAMB,6,8,unambiguous,The contestant who was paid the money became unavailable and suddenly terminated his contract.,7,became,became,7,8.823322296142578,8.823322296142578
137,22,MVRR_UAMB,6,8,unambiguous,The contestant who was paid the money became unavailable and suddenly terminated his contract.,7,unavailable,unavailable,8,6.554516792297363,6.554516792297363
137,22,MVRR_UAMB,6,8,unambiguous,The contestant who was paid the money became unavailable and suddenly terminated his contract.,7,and,and,9,3.660675048828125,3.660675048828125
138,23,NPS_UAMB,7,8,unambiguous,The new chef claimed that the restaurant separated mediocre cooks from gifted ones.,7,separated,separated,7,12.056083679199219,12.056083679199219
138,23,NPS_UAMB,7,8,unambiguous,The new chef claimed that the restaurant separated mediocre cooks from gifted ones.,7,mediocre,mediocre,8,12.65962028503418,12.65962028503418
138,23,NPS_UAMB,7,8,unambiguous,The new chef claimed that the restaurant separated mediocre cooks from gifted ones.,7,cooks,cooks,9,5.608931541442871,5.608931541442871
139,23,NPZ_UAMB,8,8,unambiguous,"Once the new chef started, the restaurant separated mediocre cooks from gifted ones.",7,separated,separated,7,10.594282150268555,10.594282150268555
139,23,NPZ_UAMB,8,8,unambiguous,"Once the new chef started, the restaurant separated mediocre cooks from gifted ones.",7,mediocre,mediocre,8,14.896965026855469,14.896965026855469
139,23,NPZ_UAMB,8,8,unambiguous,"Once the new chef started, the restaurant separated mediocre cooks from gifted ones.",7,cooks,cooks,9,5.648776054382324,5.648776054382324
140,23,MVRR_UAMB,7,9,unambiguous,The new chef who was offered the restaurant separated mediocre cooks from gifted ones.,8,separated,separated,8,17.089214324951172,17.089214324951172
140,23,MVRR_UAMB,7,9,unambiguous,The new chef who was offered the restaurant separated mediocre cooks from gifted ones.,8,mediocre,mediocre,9,13.157421112060547,13.157421112060547
140,23,MVRR_UAMB,7,9,unambiguous,The new chef who was offered the restaurant separated mediocre cooks from gifted ones.,8,cooks,cooks,10,8.152615547180176,8.152615547180176
141,24,NPS_UAMB,7,8,unambiguous,The apprentice baker discovered that the oven produced smaller cakes because it heated too fast.,7,produced,produced,7,8.384849548339844,8.384849548339844
141,24,NPS_UAMB,7,8,unambiguous,The apprentice baker discovered that the oven produced smaller cakes because it heated too fast.,7,smaller,smaller,8,7.835288047790527,7.835288047790527
141,24,NPS_UAMB,7,8,unambiguous,The apprentice baker discovered that the oven produced smaller cakes because it heated too fast.,7,cakes,cakes,9,2.787194013595581,2.787194013595581
142,24,NPZ_UAMB,8,8,unambiguous,"When the apprentice baker worked, the oven produced smaller cakes because he lacked experience.",7,produced,produced,7,7.2091755867004395,7.2091755867004395
142,24,NPZ_UAMB,8,8,unambiguous,"When the apprentice baker worked, the oven produced smaller cakes because he lacked experience.",7,smaller,smaller,8,8.02411937713623,8.02411937713623
142,24,NPZ_UAMB,8,8,unambiguous,"When the apprentice baker worked, the oven produced smaller cakes because he lacked experience.",7,cakes,cakes,9,2.4028096199035645,2.4028096199035645
143,24,MVRR_UAMB,7,9,unambiguous,The apprentice baker who was assigned the oven produced smaller cakes because he lacked experience.,8,produced,produced,8,10.487850189208984,10.487850189208984
143,24,MVRR_UAMB,7,9,unambiguous,The apprentice baker who was assigned the oven produced smaller cakes because he lacked experience.,8,smaller,smaller,9,9.174345970153809,9.174345970153809
143,24,MVRR_UAMB,7,9,unambiguous,The apprentice baker who was assigned the oven produced smaller cakes because he lacked experience.,8,cakes,cakes,10,2.4806151390075684,2.4806151390075684
